song_id,audio_path,valence_mean,valence_std,valence_min,valence_max,valence_range,arousal_mean,arousal_std,arousal_min,arousal_max,arousal_range
10,..\data\music\DEAM\DEAM_audio\MEMD_audio\10.mp3,0.0430413425,0.053411275479439434,-0.01527569999999998,0.10651300000000001,0.12178869999999999,-0.17135073833333334,0.015987638699915332,-0.19952199999999998,-0.129007,0.07051499999999997
1000,..\data\music\DEAM\DEAM_audio\MEMD_audio\1000.mp3,0.3275031275,0.03167369710710138,0.2768157,0.3719821,0.09516639999999998,0.4812439433333333,0.024433363363751667,0.4328075,0.5126091,0.07980160000000003
1001,..\data\music\DEAM\DEAM_audio\MEMD_audio\1001.mp3,-0.001066666666666657,0.016512486857594228,-0.03799999999999999,0.025000000000000012,0.063,0.20565000000000003,0.016153250446891483,0.179,0.23500000000000001,0.05600000000000002
1002,..\data\music\DEAM\DEAM_audio\MEMD_audio\1002.mp3,-0.04728333333333334,0.030267194378659476,-0.098,0.05499999999999999,0.153,-0.01948333333333332,0.060633734193287346,-0.11100000000000002,0.08800000000000001,0.199
1003,..\data\music\DEAM\DEAM_audio\MEMD_audio\1003.mp3,0.17526666666666665,0.02709542806862851,0.14000000000000004,0.23299999999999996,0.09299999999999992,0.02712962962962963,0.025053269721358497,-0.02,0.07444444444444445,0.09444444444444446
1004,..\data\music\DEAM\DEAM_audio\MEMD_audio\1004.mp3,-0.14121666666666668,0.021373731281385776,-0.16300000000000003,-0.079,0.08400000000000003,0.17975,0.02953564231004071,0.094,0.23399999999999999,0.13999999999999999
1005,..\data\music\DEAM\DEAM_audio\MEMD_audio\1005.mp3,0.32995,0.050984123345737105,0.22899999999999995,0.386,0.15700000000000006,0.14208333333333334,0.022447191113564496,0.08699999999999997,0.188,0.10100000000000003
1006,..\data\music\DEAM\DEAM_audio\MEMD_audio\1006.mp3,0.04148333333333334,0.046717053155732706,-0.009000000000000005,0.157,0.166,0.16738333333333336,0.06731891553559734,0.084,0.335,0.251
1007,..\data\music\DEAM\DEAM_audio\MEMD_audio\1007.mp3,0.2641166666666666,0.018190740929262764,0.22400000000000003,0.31500000000000006,0.09100000000000003,0.28848333333333337,0.06179926959295088,0.16999999999999998,0.40700000000000003,0.23700000000000004
1008,..\data\music\DEAM\DEAM_audio\MEMD_audio\1008.mp3,0.23128333333333334,0.071485684270038,0.127,0.3370000000000001,0.21000000000000008,0.13901666666666665,0.13215098582892054,-0.11300000000000002,0.329,0.44200000000000006
1009,..\data\music\DEAM\DEAM_audio\MEMD_audio\1009.mp3,-0.01791666666666666,0.03127741020111621,-0.074,0.03899999999999999,0.11299999999999999,0.13465000000000002,0.010046267963776397,0.11200000000000002,0.15100000000000002,0.03900000000000001
101,..\data\music\DEAM\DEAM_audio\MEMD_audio\101.mp3,-0.3300059633333333,0.05901151662849088,-0.41288,-0.22538909999999998,0.18749090000000004,-0.19558299095000004,0.05529998247239399,-0.32976286000000005,-0.11239469999999999,0.21736816000000006
1010,..\data\music\DEAM\DEAM_audio\MEMD_audio\1010.mp3,0.41289999999999993,0.04269414479761833,0.364,0.5109999999999999,0.1469999999999999,0.26786666666666664,0.15740070591398955,0.048,0.538,0.49000000000000005
1011,..\data\music\DEAM\DEAM_audio\MEMD_audio\1011.mp3,0.06721666666666666,0.033899405927275805,0.02200000000000001,0.124,0.102,-0.27711666666666673,0.026319252564530698,-0.325,-0.213,0.11200000000000002
1012,..\data\music\DEAM\DEAM_audio\MEMD_audio\1012.mp3,0.016866666666666662,0.030323514894476787,-0.031000000000000007,0.053000000000000005,0.08400000000000002,0.003000000000000004,0.04343539263473202,-0.095,0.07499999999999998,0.16999999999999998
1013,..\data\music\DEAM\DEAM_audio\MEMD_audio\1013.mp3,-0.23908333333333334,0.03181524355120078,-0.32199999999999995,-0.20400000000000001,0.11799999999999994,0.00046666666666667284,0.06286558853794516,-0.067,0.10299999999999998,0.16999999999999998
1014,..\data\music\DEAM\DEAM_audio\MEMD_audio\1014.mp3,0.05106666666666666,0.01109033613356942,0.013999999999999995,0.075,0.061,0.2429333333333333,0.015477797718739649,0.20199999999999996,0.2799999999999999,0.07799999999999996
1015,..\data\music\DEAM\DEAM_audio\MEMD_audio\1015.mp3,0.4368166666666667,0.011898867826627692,0.40599999999999997,0.45899999999999996,0.05299999999999999,0.5559666666666666,0.010117586449126867,0.534,0.5780000000000001,0.04400000000000004
1016,..\data\music\DEAM\DEAM_audio\MEMD_audio\1016.mp3,-0.24703333333333333,0.0838657591365842,-0.378,-0.148,0.23,-0.25725000000000003,0.042772119034093545,-0.3370000000000001,-0.17,0.16700000000000007
1017,..\data\music\DEAM\DEAM_audio\MEMD_audio\1017.mp3,0.13085000000000002,0.011235101245649727,0.10900000000000001,0.15100000000000002,0.04200000000000001,0.017533333333333335,0.007502147840600197,-0.0009999999999999898,0.030999999999999993,0.03199999999999998
1018,..\data\music\DEAM\DEAM_audio\MEMD_audio\1018.mp3,-0.054066666666666645,0.039278011943353515,-0.12099999999999997,0.005000000000000003,0.12599999999999997,-0.26278333333333337,0.05287220179094325,-0.346,-0.135,0.21099999999999997
1019,..\data\music\DEAM\DEAM_audio\MEMD_audio\1019.mp3,-0.11591666666666668,0.020518521443374568,-0.159,-0.08100000000000002,0.07799999999999999,-0.13948333333333332,0.06061888915364766,-0.24099999999999996,-0.031,0.20999999999999996
102,..\data\music\DEAM\DEAM_audio\MEMD_audio\102.mp3,0.1274197523333333,0.011313339474843604,0.1108088,0.1480438,0.037235000000000004,0.34081591833333336,0.03266802578684287,0.29516339999999996,0.40875700000000004,0.11359360000000007
1020,..\data\music\DEAM\DEAM_audio\MEMD_audio\1020.mp3,-0.13321666666666668,0.026106890320798878,-0.176,-0.07199999999999998,0.10400000000000001,-0.05769999999999999,0.055166807653394864,-0.141,0.06599999999999999,0.20699999999999996
1021,..\data\music\DEAM\DEAM_audio\MEMD_audio\1021.mp3,0.3243833333333333,0.043526272398275605,0.205,0.371,0.166,0.30143333333333333,0.03222233524884391,0.21200000000000002,0.358,0.14599999999999996
1022,..\data\music\DEAM\DEAM_audio\MEMD_audio\1022.mp3,-0.22178333333333333,0.07584196104766514,-0.30200000000000005,-0.071,0.23100000000000004,-0.08625,0.05314057614792423,-0.169,-0.019000000000000017,0.15
1023,..\data\music\DEAM\DEAM_audio\MEMD_audio\1023.mp3,-0.30119999999999997,0.014742003482114177,-0.33699999999999997,-0.26699999999999996,0.07,-0.2604,0.027995356757862543,-0.33499999999999996,-0.21599999999999997,0.119
1024,..\data\music\DEAM\DEAM_audio\MEMD_audio\1024.mp3,-0.28045000000000003,0.022594560554847418,-0.325,-0.24899999999999997,0.07600000000000004,-0.14831666666666665,0.046647433536643315,-0.22199999999999998,-0.07899999999999999,0.143
1025,..\data\music\DEAM\DEAM_audio\MEMD_audio\1025.mp3,0.252,0.02562355686993253,0.203,0.32999999999999996,0.12699999999999995,0.5326166666666666,0.035039545120081415,0.477,0.578,0.10099999999999998
1026,..\data\music\DEAM\DEAM_audio\MEMD_audio\1026.mp3,-0.21288333333333337,0.019291700863900578,-0.24699999999999997,-0.16399999999999998,0.08299999999999999,-0.40071666666666655,0.05000703006133792,-0.484,-0.3,0.184
1027,..\data\music\DEAM\DEAM_audio\MEMD_audio\1027.mp3,0.08083333333333331,0.012220429161403822,0.05599999999999998,0.10699999999999998,0.051000000000000004,0.12439999999999998,0.038115263784123714,0.07400000000000001,0.17099999999999999,0.09699999999999998
1028,..\data\music\DEAM\DEAM_audio\MEMD_audio\1028.mp3,0.12641666666666665,0.01652098833470793,0.09100000000000001,0.16599999999999998,0.07499999999999997,0.30608333333333326,0.019156627805772316,0.262,0.34299999999999997,0.08099999999999996
1029,..\data\music\DEAM\DEAM_audio\MEMD_audio\1029.mp3,-0.03996666666666667,0.009248363218549658,-0.091,-0.025,0.066,0.05411666666666666,0.01665642185131275,0.028999999999999998,0.095,0.066
103,..\data\music\DEAM\DEAM_audio\MEMD_audio\103.mp3,-0.215939362,0.03289488437364608,-0.30999999999999994,-0.1763278,0.13367219999999994,0.28103041349999996,0.017045973617473984,0.24059390000000005,0.308458,0.06786409999999996
1030,..\data\music\DEAM\DEAM_audio\MEMD_audio\1030.mp3,0.2596,0.033198995968753836,0.17099999999999999,0.298,0.127,0.37788333333333335,0.04791593042912648,0.263,0.44300000000000006,0.18000000000000005
1031,..\data\music\DEAM\DEAM_audio\MEMD_audio\1031.mp3,0.1810166666666667,0.015472008775707037,0.11100000000000002,0.20800000000000002,0.097,0.30560000000000004,0.03673472471654035,0.187,0.34700000000000003,0.16000000000000003
1032,..\data\music\DEAM\DEAM_audio\MEMD_audio\1032.mp3,-0.1421833333333333,0.019059111265277356,-0.181,-0.12,0.061,0.1069833333333333,0.012345703256149042,0.08,0.129,0.049
1033,..\data\music\DEAM\DEAM_audio\MEMD_audio\1033.mp3,0.18753333333333336,0.03650089801026211,0.149,0.24699999999999997,0.09799999999999998,0.35090000000000005,0.04268985047213605,0.267,0.41000000000000003,0.14300000000000002
1034,..\data\music\DEAM\DEAM_audio\MEMD_audio\1034.mp3,-0.09949999999999998,0.08334036636988507,-0.24500000000000002,0.003999999999999998,0.24900000000000003,-0.07233333333333333,0.066195585619855,-0.196,-0.01,0.186
1035,..\data\music\DEAM\DEAM_audio\MEMD_audio\1035.mp3,0.008483333333333332,0.024960963968208887,-0.031999999999999994,0.04900000000000001,0.081,-0.021849999999999994,0.04379110450003897,-0.087,0.09000000000000001,0.177
1036,..\data\music\DEAM\DEAM_audio\MEMD_audio\1036.mp3,-0.02000000000000001,0.04487241171737188,-0.121,0.049,0.16999999999999998,-0.16918333333333332,0.05932354554100383,-0.33399999999999996,-0.10200000000000001,0.23199999999999996
1037,..\data\music\DEAM\DEAM_audio\MEMD_audio\1037.mp3,0.19918333333333332,0.022818480570703126,0.15899999999999997,0.23399999999999999,0.07500000000000001,0.2212333333333333,0.023044425693767145,0.14800000000000002,0.25999999999999995,0.11199999999999993
1038,..\data\music\DEAM\DEAM_audio\MEMD_audio\1038.mp3,0.1332,0.04005654336892621,0.074,0.21399999999999997,0.13999999999999996,0.22153333333333336,0.026939108291767117,0.15899999999999997,0.248,0.08900000000000002
1039,..\data\music\DEAM\DEAM_audio\MEMD_audio\1039.mp3,0.2884666666666666,0.04218628002351264,0.213,0.41500000000000004,0.20200000000000004,0.1302833333333333,0.03521462369843276,0.089,0.207,0.118
104,..\data\music\DEAM\DEAM_audio\MEMD_audio\104.mp3,-0.38359488666666663,0.011088010143460773,-0.39894419999999997,-0.34927279999999994,0.04967140000000003,0.42121263866666675,0.02915920773169156,0.3955157,0.49915389999999993,0.1036381999999999
1040,..\data\music\DEAM\DEAM_audio\MEMD_audio\1040.mp3,0.39165000000000005,0.048151090330334156,0.328,0.45899999999999996,0.13099999999999995,0.2963000000000001,0.052815180898424775,0.178,0.367,0.189
1041,..\data\music\DEAM\DEAM_audio\MEMD_audio\1041.mp3,0.28174999999999994,0.01312710300612186,0.252,0.305,0.05299999999999999,0.26689999999999997,0.015340252062248965,0.22599999999999998,0.28600000000000003,0.06000000000000005
1042,..\data\music\DEAM\DEAM_audio\MEMD_audio\1042.mp3,0.29443333333333327,0.035668551352074224,0.229,0.346,0.11699999999999997,0.2245666666666667,0.03523036884406533,0.08499999999999999,0.263,0.17800000000000002
1043,..\data\music\DEAM\DEAM_audio\MEMD_audio\1043.mp3,0.05703333333333334,0.009848801393514283,0.038000000000000006,0.08800000000000001,0.05,0.3114666666666667,0.020899335449296525,0.25399999999999995,0.343,0.08900000000000008
1044,..\data\music\DEAM\DEAM_audio\MEMD_audio\1044.mp3,0.5525666666666667,0.0412477743507318,0.487,0.631,0.14400000000000002,0.501,0.04191737905292585,0.433,0.583,0.14999999999999997
1045,..\data\music\DEAM\DEAM_audio\MEMD_audio\1045.mp3,-0.023366666666666664,0.016150300994787134,-0.057999999999999996,0.024999999999999994,0.08299999999999999,0.011366666666666667,0.028657731165525925,-0.06599999999999999,0.054000000000000006,0.12
1046,..\data\music\DEAM\DEAM_audio\MEMD_audio\1046.mp3,0.25465,0.01199975694198289,0.23099999999999996,0.28,0.04900000000000007,0.4147166666666668,0.010089750024433483,0.395,0.45199999999999996,0.05699999999999994
1047,..\data\music\DEAM\DEAM_audio\MEMD_audio\1047.mp3,0.34558333333333346,0.008266985880933601,0.327,0.364,0.03699999999999998,0.2879166666666666,0.051762693021991116,0.23199999999999998,0.367,0.135
1048,..\data\music\DEAM\DEAM_audio\MEMD_audio\1048.mp3,0.050666666666666665,0.040290886755636884,0.011999999999999972,0.12400000000000003,0.11200000000000006,0.5064,0.0397291664481734,0.36100000000000004,0.5370000000000001,0.1760000000000001
1049,..\data\music\DEAM\DEAM_audio\MEMD_audio\1049.mp3,0.18281666666666666,0.04713084328641796,0.094,0.261,0.167,0.6233000000000001,0.018731702182841425,0.5660000000000001,0.649,0.08299999999999996
105,..\data\music\DEAM\DEAM_audio\MEMD_audio\105.mp3,0.08852522249999999,0.009284174398577509,0.07456630000000002,0.11170390000000001,0.03713759999999999,0.3691186251333333,0.009660515337834527,0.35195709999999997,0.4007072,0.04875010000000002
1050,..\data\music\DEAM\DEAM_audio\MEMD_audio\1050.mp3,0.2797666666666666,0.0291223663568437,0.23100000000000004,0.339,0.10799999999999998,0.37655000000000005,0.05846891624330545,0.28900000000000003,0.49399999999999994,0.2049999999999999
1051,..\data\music\DEAM\DEAM_audio\MEMD_audio\1051.mp3,0.1684166666666667,0.02705998994004905,0.10200000000000001,0.22200000000000003,0.12000000000000002,0.23913333333333334,0.037396731883355204,0.196,0.327,0.131
1052,..\data\music\DEAM\DEAM_audio\MEMD_audio\1052.mp3,-0.022883333333333342,0.0456136279587094,-0.13999999999999999,0.03799999999999999,0.178,0.5423166666666667,0.047435743087066974,0.454,0.642,0.188
1053,..\data\music\DEAM\DEAM_audio\MEMD_audio\1053.mp3,0.08863333333333331,0.03486448367927199,0.04099999999999998,0.13799999999999998,0.097,0.4352166666666667,0.11995153072062992,0.24699999999999997,0.578,0.33099999999999996
1054,..\data\music\DEAM\DEAM_audio\MEMD_audio\1054.mp3,-0.2086666666666667,0.017791071418613948,-0.25199999999999995,-0.183,0.06899999999999995,0.6526500000000001,0.03553206298542204,0.5549999999999999,0.7120000000000001,0.15700000000000014
1055,..\data\music\DEAM\DEAM_audio\MEMD_audio\1055.mp3,-0.07225,0.030711357833869867,-0.12300000000000003,-0.009000000000000008,0.11400000000000002,0.5236333333333333,0.04275198500914575,0.4069999999999999,0.5710000000000001,0.16400000000000015
1056,..\data\music\DEAM\DEAM_audio\MEMD_audio\1056.mp3,0.06634999999999999,0.021756091101114653,0.016000000000000004,0.096,0.08,0.5071500000000001,0.09819178937161704,0.348,0.661,0.31300000000000006
1057,..\data\music\DEAM\DEAM_audio\MEMD_audio\1057.mp3,-0.006433333333333336,0.038737306164586205,-0.11000000000000001,0.06500000000000002,0.17500000000000004,0.6730666666666667,0.05886789353194904,0.575,0.7809999999999999,0.20599999999999996
1058,..\data\music\DEAM\DEAM_audio\MEMD_audio\1058.mp3,-0.19399999999999998,0.00662570750939098,-0.209,-0.16699999999999998,0.04200000000000001,0.5568833333333334,0.006019666842017817,0.539,0.5700000000000001,0.031000000000000028
1059,..\data\music\DEAM\DEAM_audio\MEMD_audio\1059.mp3,-0.1571833333333333,0.027096427603816867,-0.223,-0.11299999999999999,0.11000000000000001,0.7080666666666667,0.014851337388337165,0.678,0.7329999999999999,0.05499999999999983
106,..\data\music\DEAM\DEAM_audio\MEMD_audio\106.mp3,-0.20900315366666666,0.06139350424730487,-0.2827845,-0.08934700000000002,0.19343749999999998,0.0006251660000000015,0.0317379850804363,-0.0378449,0.05885560000000001,0.09670050000000001
1060,..\data\music\DEAM\DEAM_audio\MEMD_audio\1060.mp3,0.20266666666666666,0.011166417907676973,0.183,0.22599999999999998,0.04299999999999998,0.5139,0.07729439393211732,0.331,0.604,0.27299999999999996
1061,..\data\music\DEAM\DEAM_audio\MEMD_audio\1061.mp3,0.5871999999999999,0.020929882942816478,0.55,0.619,0.06899999999999995,0.5115500000000001,0.0439342026975188,0.4120000000000001,0.5650000000000001,0.15299999999999997
1062,..\data\music\DEAM\DEAM_audio\MEMD_audio\1062.mp3,0.05413333333333333,0.008190373753512243,0.037,0.07499999999999998,0.037999999999999985,0.30378333333333335,0.02370800966387146,0.25,0.34199999999999997,0.09199999999999997
1063,..\data\music\DEAM\DEAM_audio\MEMD_audio\1063.mp3,0.15588333333333335,0.040441765402723075,0.10200000000000001,0.24800000000000005,0.14600000000000005,0.49350000000000005,0.02175967217890319,0.46299999999999997,0.534,0.07100000000000006
1064,..\data\music\DEAM\DEAM_audio\MEMD_audio\1064.mp3,0.05445,0.0355529769030199,0.012999999999999994,0.129,0.116,0.6505500000000001,0.04562726706696336,0.495,0.701,0.20599999999999996
1065,..\data\music\DEAM\DEAM_audio\MEMD_audio\1065.mp3,0.2544,0.04080694385354859,0.193,0.312,0.119,0.48545000000000005,0.032433226275945276,0.433,0.567,0.13399999999999995
1066,..\data\music\DEAM\DEAM_audio\MEMD_audio\1066.mp3,0.3635333333333333,0.012306457202984504,0.337,0.384,0.046999999999999986,0.40353333333333335,0.05400508206538426,0.32199999999999995,0.49000000000000005,0.1680000000000001
1067,..\data\music\DEAM\DEAM_audio\MEMD_audio\1067.mp3,-0.004433333333333334,0.03322417125460853,-0.05600000000000001,0.061999999999999986,0.118,-0.0011296296296296172,0.0403959271806532,-0.06444444444444443,0.05444444444444446,0.11888888888888889
1068,..\data\music\DEAM\DEAM_audio\MEMD_audio\1068.mp3,0.3971666666666666,0.005876979571930544,0.385,0.41200000000000003,0.027000000000000024,0.32674999999999993,0.04699490220580667,0.269,0.465,0.196
1069,..\data\music\DEAM\DEAM_audio\MEMD_audio\1069.mp3,0.002250000000000001,0.042408971142121964,-0.06800000000000003,0.06599999999999999,0.134,0.35315,0.05655729395931174,0.238,0.44400000000000006,0.20600000000000007
107,..\data\music\DEAM\DEAM_audio\MEMD_audio\107.mp3,-0.09131139066666667,0.0485626509082519,-0.140778,-0.01724340000000001,0.12353459999999998,0.27382600166666665,0.02240866905840604,0.22718129999999997,0.30000230000000006,0.07282100000000008
1070,..\data\music\DEAM\DEAM_audio\MEMD_audio\1070.mp3,0.03493333333333332,0.06423546960640636,-0.11900000000000002,0.143,0.262,0.36938333333333334,0.06188728778100466,0.175,0.45499999999999996,0.27999999999999997
1071,..\data\music\DEAM\DEAM_audio\MEMD_audio\1071.mp3,0.3699999999999999,0.02989370056271611,0.31899999999999995,0.441,0.12200000000000005,0.27646666666666664,0.032246688029763444,0.217,0.33599999999999997,0.11899999999999997
1072,..\data\music\DEAM\DEAM_audio\MEMD_audio\1072.mp3,0.3745666666666667,0.03017248562662494,0.32199999999999995,0.43299999999999994,0.11099999999999999,0.3911166666666667,0.012041721453162556,0.375,0.42299999999999993,0.04799999999999993
1073,..\data\music\DEAM\DEAM_audio\MEMD_audio\1073.mp3,0.3351,0.026411929123030753,0.21100000000000002,0.372,0.16099999999999998,0.12548333333333334,0.01841058723186803,0.07599999999999998,0.172,0.096
1074,..\data\music\DEAM\DEAM_audio\MEMD_audio\1074.mp3,0.4545666666666667,0.009090960100866989,0.438,0.47700000000000004,0.039000000000000035,0.47290000000000004,0.03520355095725427,0.406,0.5279999999999999,0.12199999999999989
1075,..\data\music\DEAM\DEAM_audio\MEMD_audio\1075.mp3,0.4131499999999999,0.014171361967009386,0.38,0.45500000000000007,0.07500000000000007,0.5395333333333333,0.014318364276535048,0.503,0.571,0.06799999999999995
1076,..\data\music\DEAM\DEAM_audio\MEMD_audio\1076.mp3,0.34954999999999997,0.03206214018641508,0.20200000000000004,0.394,0.19199999999999998,0.4184,0.012204097672503286,0.38299999999999995,0.438,0.05500000000000005
1077,..\data\music\DEAM\DEAM_audio\MEMD_audio\1077.mp3,0.35315,0.050969214564610794,0.21900000000000003,0.40599999999999997,0.18699999999999994,0.15731666666666666,0.03667355617092815,0.053000000000000005,0.192,0.139
1078,..\data\music\DEAM\DEAM_audio\MEMD_audio\1078.mp3,0.39975,0.015192788859631172,0.33199999999999996,0.429,0.09700000000000003,0.4752833333333333,0.013932087264855748,0.446,0.508,0.062
1079,..\data\music\DEAM\DEAM_audio\MEMD_audio\1079.mp3,0.48806666666666654,0.027120021304481972,0.41100000000000003,0.53,0.119,0.4707,0.02105176160483171,0.42700000000000005,0.508,0.08099999999999996
108,..\data\music\DEAM\DEAM_audio\MEMD_audio\108.mp3,-0.1260224435,0.016666131825741972,-0.1545836,-0.10364879999999999,0.0509348,-0.0494307845,0.011939954234384011,-0.08489880000000001,-0.0273743,0.057524500000000006
1080,..\data\music\DEAM\DEAM_audio\MEMD_audio\1080.mp3,0.3805166666666666,0.012022883274082892,0.35700000000000004,0.40800000000000003,0.05099999999999999,0.2358833333333333,0.012929413065650815,0.21600000000000003,0.26599999999999996,0.04999999999999993
1081,..\data\music\DEAM\DEAM_audio\MEMD_audio\1081.mp3,0.17436666666666667,0.011438191387724816,0.152,0.194,0.04200000000000001,0.021983333333333334,0.03550281287760482,-0.016000000000000007,0.09,0.10600000000000001
1082,..\data\music\DEAM\DEAM_audio\MEMD_audio\1082.mp3,0.5380666666666667,0.00826612901477402,0.5179999999999999,0.5599999999999999,0.04200000000000004,0.45285,0.018959452347927477,0.403,0.4749999999999999,0.0719999999999999
1083,..\data\music\DEAM\DEAM_audio\MEMD_audio\1083.mp3,0.38830000000000003,0.013242985564692977,0.33999999999999997,0.409,0.069,0.47675,0.06255627466529637,0.391,0.548,0.15700000000000003
1084,..\data\music\DEAM\DEAM_audio\MEMD_audio\1084.mp3,0.2428833333333333,0.02861007495426897,0.179,0.283,0.10399999999999998,0.034383333333333335,0.020768639553155353,-0.017000000000000008,0.07600000000000003,0.09300000000000003
1085,..\data\music\DEAM\DEAM_audio\MEMD_audio\1085.mp3,0.45594999999999997,0.008204521111354793,0.43900000000000006,0.475,0.03599999999999992,0.34664999999999996,0.023172415353892938,0.29300000000000004,0.376,0.08299999999999996
1086,..\data\music\DEAM\DEAM_audio\MEMD_audio\1086.mp3,0.3126333333333334,0.0657401365647772,0.23899999999999996,0.45200000000000007,0.2130000000000001,0.19395,0.04419857652308122,0.137,0.295,0.15799999999999997
1087,..\data\music\DEAM\DEAM_audio\MEMD_audio\1087.mp3,0.25218333333333337,0.01679830513937509,0.193,0.28500000000000003,0.09200000000000003,0.5196333333333334,0.028132405197960293,0.45599999999999996,0.5640000000000001,0.1080000000000001
1088,..\data\music\DEAM\DEAM_audio\MEMD_audio\1088.mp3,0.5605,0.019653244007033527,0.4950000000000001,0.6020000000000001,0.10699999999999998,0.46345000000000003,0.04109356194507034,0.374,0.524,0.15000000000000002
1089,..\data\music\DEAM\DEAM_audio\MEMD_audio\1089.mp3,0.47528333333333334,0.03817856801342287,0.39,0.516,0.126,0.46936666666666677,0.009062682948344957,0.445,0.4870000000000001,0.04200000000000009
109,..\data\music\DEAM\DEAM_audio\MEMD_audio\109.mp3,0.020692081666666653,0.014678212177870437,-0.010000100000000008,0.044729459999999985,0.05472956,0.023190789999999996,0.042203752767120524,-0.04241080000000001,0.0804309,0.12284170000000001
1090,..\data\music\DEAM\DEAM_audio\MEMD_audio\1090.mp3,0.38136666666666663,0.07893604302781392,0.187,0.48,0.293,0.4959166666666667,0.10123047822776607,0.209,0.572,0.363
1091,..\data\music\DEAM\DEAM_audio\MEMD_audio\1091.mp3,0.2662166666666667,0.03950404690942718,0.13,0.313,0.183,0.3851833333333333,0.11758720050338058,0.12000000000000002,0.481,0.361
1092,..\data\music\DEAM\DEAM_audio\MEMD_audio\1092.mp3,0.4367833333333333,0.028320246977893555,0.38099999999999995,0.49000000000000005,0.1090000000000001,0.5203166666666666,0.023324158910642163,0.41100000000000003,0.551,0.14
1093,..\data\music\DEAM\DEAM_audio\MEMD_audio\1093.mp3,0.42395,0.011059573530053796,0.404,0.45899999999999996,0.05499999999999994,0.49441666666666656,0.012663979978225192,0.473,0.5219999999999999,0.04899999999999993
1094,..\data\music\DEAM\DEAM_audio\MEMD_audio\1094.mp3,0.38194999999999996,0.037142260297402474,0.23200000000000004,0.43200000000000005,0.2,0.43931666666666663,0.026537075741100213,0.372,0.4800000000000001,0.1080000000000001
1095,..\data\music\DEAM\DEAM_audio\MEMD_audio\1095.mp3,0.4629833333333334,0.025851815968880972,0.426,0.505,0.07900000000000001,0.48123333333333324,0.04420194817224941,0.355,0.5519999999999999,0.19699999999999995
1096,..\data\music\DEAM\DEAM_audio\MEMD_audio\1096.mp3,-0.07171666666666668,0.03422040895268332,-0.135,-0.017000000000000008,0.118,0.07234999999999998,0.011437984962396135,0.04999999999999998,0.098,0.04800000000000002
1097,..\data\music\DEAM\DEAM_audio\MEMD_audio\1097.mp3,0.3003666666666666,0.017110393202833054,0.254,0.333,0.07900000000000001,0.34481666666666666,0.04759954189788898,0.25200000000000006,0.422,0.16999999999999993
1098,..\data\music\DEAM\DEAM_audio\MEMD_audio\1098.mp3,0.5021833333333333,0.020209314409175012,0.466,0.53,0.064,0.49948333333333333,0.06880612658445144,0.422,0.609,0.187
1099,..\data\music\DEAM\DEAM_audio\MEMD_audio\1099.mp3,0.36578333333333324,0.023430814231595872,0.297,0.41100000000000003,0.11400000000000005,0.5181166666666667,0.009075776673223184,0.497,0.538,0.041000000000000036
110,..\data\music\DEAM\DEAM_audio\MEMD_audio\110.mp3,-0.36230851871666664,0.0679487571426097,-0.47687100000000004,-0.23866479999999995,0.2382062000000001,-0.1731564833333333,0.05259989503018095,-0.25040539999999994,-0.10523199999999999,0.14517339999999995
1100,..\data\music\DEAM\DEAM_audio\MEMD_audio\1100.mp3,0.3816833333333334,0.08018218664738169,0.156,0.44499999999999995,0.2889999999999999,0.4279,0.06555270144446121,0.22599999999999998,0.48900000000000005,0.26300000000000007
1101,..\data\music\DEAM\DEAM_audio\MEMD_audio\1101.mp3,0.0036499999999999883,0.05917173452474303,-0.137,0.059,0.196,-0.05271666666666666,0.06461245794908457,-0.20800000000000002,0.057000000000000016,0.265
1102,..\data\music\DEAM\DEAM_audio\MEMD_audio\1102.mp3,-0.4502333333333333,0.03810396596447964,-0.516,-0.341,0.175,0.08114999999999999,0.03616159334616401,1.1102230246251566e-17,0.14100000000000001,0.14100000000000001
1103,..\data\music\DEAM\DEAM_audio\MEMD_audio\1103.mp3,-0.2303666666666667,0.025740348784652388,-0.27199999999999996,-0.17300000000000001,0.09899999999999995,-0.1964,0.020464766469878576,-0.22599999999999998,-0.141,0.08499999999999999
1104,..\data\music\DEAM\DEAM_audio\MEMD_audio\1104.mp3,0.22270000000000004,0.027474412338270932,0.16599999999999998,0.28900000000000003,0.12300000000000005,0.3581666666666667,0.025823869234145026,0.304,0.409,0.10499999999999998
1105,..\data\music\DEAM\DEAM_audio\MEMD_audio\1105.mp3,-0.1560666666666667,0.025384290855216384,-0.20099999999999998,-0.09000000000000001,0.11099999999999997,0.026366666666666667,0.03131345113880331,-0.027000000000000003,0.11099999999999999,0.13799999999999998
1106,..\data\music\DEAM\DEAM_audio\MEMD_audio\1106.mp3,-0.26519999999999994,0.03421101187239766,-0.334,-0.20699999999999993,0.12700000000000009,0.042516666666666675,0.0863260276831707,-0.05600000000000001,0.231,0.28700000000000003
1107,..\data\music\DEAM\DEAM_audio\MEMD_audio\1107.mp3,-0.2147,0.04759877449402802,-0.308,-0.14,0.16799999999999998,-0.12301666666666669,0.04659845908277321,-0.20299999999999999,-0.013000000000000001,0.18999999999999997
1108,..\data\music\DEAM\DEAM_audio\MEMD_audio\1108.mp3,-0.04296666666666666,0.02127593841774213,-0.075,0.003000000000000014,0.07800000000000001,-0.07611666666666667,0.012637367429791522,-0.10400000000000001,-0.055999999999999994,0.048000000000000015
1109,..\data\music\DEAM\DEAM_audio\MEMD_audio\1109.mp3,-0.20153333333333334,0.019144595988308442,-0.24400000000000005,-0.169,0.07500000000000004,-0.4443666666666667,0.06286280475943005,-0.55,-0.352,0.19800000000000006
111,..\data\music\DEAM\DEAM_audio\MEMD_audio\111.mp3,0.010262562166666666,0.015665807623933627,-0.018582600000000005,0.04390671,0.062489310000000006,0.10239537986666668,0.0147711872536598,0.062273600000000005,0.133068282,0.070794682
1110,..\data\music\DEAM\DEAM_audio\MEMD_audio\1110.mp3,0.11201666666666667,0.04595849274677701,0.004999999999999993,0.21000000000000002,0.20500000000000002,0.4615166666666666,0.03956239446185679,0.382,0.532,0.15000000000000002
1111,..\data\music\DEAM\DEAM_audio\MEMD_audio\1111.mp3,-0.11286666666666668,0.12267130426016057,-0.26799999999999996,0.06800000000000002,0.33599999999999997,0.07366666666666667,0.09613204653168665,-0.12888888888888891,0.23555555555555557,0.36444444444444446
1112,..\data\music\DEAM\DEAM_audio\MEMD_audio\1112.mp3,-0.3685666666666666,0.04827710522482563,-0.454,-0.30700000000000005,0.14699999999999996,-0.23761666666666664,0.07249599797383453,-0.38699999999999996,-0.14099999999999996,0.246
1113,..\data\music\DEAM\DEAM_audio\MEMD_audio\1113.mp3,-0.24000000000000005,0.00876356092008266,-0.256,-0.21800000000000003,0.03799999999999998,-0.025066666666666664,0.09209304473677091,-0.15199999999999997,0.07500000000000001,0.22699999999999998
1114,..\data\music\DEAM\DEAM_audio\MEMD_audio\1114.mp3,-0.33393333333333325,0.01483224715124298,-0.36499999999999994,-0.297,0.06799999999999995,-0.1919833333333333,0.03643692800199026,-0.252,-0.11700000000000002,0.13499999999999998
1115,..\data\music\DEAM\DEAM_audio\MEMD_audio\1115.mp3,0.08141666666666668,0.019725019363460432,0.03600000000000002,0.11199999999999999,0.07599999999999997,0.08248333333333334,0.031284975982445985,0.017999999999999995,0.139,0.12100000000000002
1116,..\data\music\DEAM\DEAM_audio\MEMD_audio\1116.mp3,0.19726666666666667,0.07250307273181981,0.12,0.41000000000000003,0.29000000000000004,-0.3015999999999999,0.07217090826641993,-0.413,-0.08399999999999999,0.32899999999999996
1117,..\data\music\DEAM\DEAM_audio\MEMD_audio\1117.mp3,-0.022550000000000004,0.0439994034050463,-0.10200000000000001,0.047,0.14900000000000002,-0.010366666666666647,0.022296462101020022,-0.04899999999999998,0.05300000000000003,0.10200000000000001
1118,..\data\music\DEAM\DEAM_audio\MEMD_audio\1118.mp3,0.04315000000000001,0.017661469361296072,0.009999999999999998,0.087,0.077,-0.2906166666666667,0.06907751483337797,-0.422,-0.181,0.241
1119,..\data\music\DEAM\DEAM_audio\MEMD_audio\1119.mp3,-0.24940000000000004,0.018013143349602627,-0.288,-0.213,0.07499999999999998,-0.2870499999999999,0.02581435324259225,-0.366,-0.251,0.11499999999999999
112,..\data\music\DEAM\DEAM_audio\MEMD_audio\112.mp3,0.2802869493333333,0.02022444521171486,0.23446720000000001,0.31285949999999996,0.07839229999999994,0.3628489511666667,0.012575388133487717,0.3276135,0.38618499999999994,0.05857149999999994
1120,..\data\music\DEAM\DEAM_audio\MEMD_audio\1120.mp3,-0.16325,0.009816015824491457,-0.181,-0.14200000000000002,0.03899999999999998,-0.14106666666666667,0.04100970074940264,-0.22400000000000003,-0.08099999999999999,0.14300000000000004
1121,..\data\music\DEAM\DEAM_audio\MEMD_audio\1121.mp3,-0.12836666666666668,0.026005747228043434,-0.176,-0.073,0.103,-0.10566666666666667,0.05228596582470502,-0.22399999999999992,-0.015999999999999993,0.20799999999999993
1122,..\data\music\DEAM\DEAM_audio\MEMD_audio\1122.mp3,0.39241666666666664,0.0442761379174933,0.325,0.476,0.15099999999999997,0.32123333333333337,0.027722052994362128,0.27999999999999997,0.382,0.10200000000000004
1123,..\data\music\DEAM\DEAM_audio\MEMD_audio\1123.mp3,-0.12588333333333332,0.025803805705532833,-0.18299999999999997,-0.07899999999999999,0.10399999999999998,-0.09198333333333333,0.014242532156264287,-0.131,-0.069,0.062
1124,..\data\music\DEAM\DEAM_audio\MEMD_audio\1124.mp3,0.18465,0.013706233375122907,0.15300000000000002,0.20400000000000001,0.05099999999999999,0.34625,0.014151118919246874,0.32399999999999995,0.374,0.050000000000000044
1125,..\data\music\DEAM\DEAM_audio\MEMD_audio\1125.mp3,0.036222222222222225,0.046833124642564776,-0.04666666666666666,0.09777777777777777,0.14444444444444443,-0.06538333333333332,0.10428903612343705,-0.187,0.14700000000000002,0.334
1126,..\data\music\DEAM\DEAM_audio\MEMD_audio\1126.mp3,-0.10358333333333332,0.04519560880832955,-0.15899999999999997,0.010000000000000014,0.16899999999999998,-0.0168,0.06282377469291914,-0.11000000000000001,0.123,0.233
1127,..\data\music\DEAM\DEAM_audio\MEMD_audio\1127.mp3,-0.33756666666666674,0.040402708930081514,-0.39299999999999996,-0.246,0.14699999999999996,-0.058316666666666656,0.09151693680528333,-0.163,0.06899999999999999,0.23199999999999998
1128,..\data\music\DEAM\DEAM_audio\MEMD_audio\1128.mp3,-0.08363333333333335,0.0373420971856459,-0.13900000000000004,-0.012000000000000004,0.12700000000000003,-0.22645,0.038409818623194085,-0.293,-0.13999999999999999,0.153
1129,..\data\music\DEAM\DEAM_audio\MEMD_audio\1129.mp3,-0.04178333333333332,0.021684934606516312,-0.07999999999999999,0.006000000000000005,0.086,-0.12078333333333334,0.04150585969340821,-0.166,-0.011000000000000005,0.155
113,..\data\music\DEAM\DEAM_audio\MEMD_audio\113.mp3,-0.12332636533333334,0.027438035546107128,-0.1688833,-0.066968,0.10191529999999999,0.2505511498333334,0.012036773144760673,0.22407630000000003,0.2692127,0.04513639999999999
1130,..\data\music\DEAM\DEAM_audio\MEMD_audio\1130.mp3,0.08653333333333335,0.02568557744900607,0.026000000000000016,0.12000000000000002,0.094,0.013750000000000002,0.06924199713083577,-0.092,0.24400000000000005,0.3360000000000001
1131,..\data\music\DEAM\DEAM_audio\MEMD_audio\1131.mp3,-0.06275,0.038150851890881805,-0.145,-0.026999999999999996,0.118,-0.10749999999999998,0.027510301100981547,-0.16499999999999998,-0.04700000000000001,0.11799999999999997
1132,..\data\music\DEAM\DEAM_audio\MEMD_audio\1132.mp3,0.06488333333333333,0.07145723468543187,-0.07200000000000001,0.20800000000000002,0.28,-0.0482,0.0988877815168959,-0.325,0.12000000000000002,0.44500000000000006
1133,..\data\music\DEAM\DEAM_audio\MEMD_audio\1133.mp3,0.09333333333333334,0.012525529485370624,0.05600000000000001,0.11599999999999999,0.059999999999999984,-0.18613333333333332,0.03290717584695201,-0.248,-0.11900000000000004,0.12899999999999995
1134,..\data\music\DEAM\DEAM_audio\MEMD_audio\1134.mp3,-0.20343333333333333,0.0209470496464034,-0.24399999999999994,-0.14700000000000002,0.09699999999999992,-0.4346333333333333,0.0449636766982219,-0.51,-0.305,0.20500000000000002
1135,..\data\music\DEAM\DEAM_audio\MEMD_audio\1135.mp3,-0.27231666666666665,0.06147587376813408,-0.37300000000000005,-0.174,0.19900000000000007,-0.18326666666666666,0.08393328038123826,-0.27499999999999997,-0.01499999999999999,0.25999999999999995
1136,..\data\music\DEAM\DEAM_audio\MEMD_audio\1136.mp3,0.06938333333333332,0.04593331821480157,-0.004000000000000009,0.16299999999999998,0.16699999999999998,-0.09308333333333335,0.05247580130138292,-0.16199999999999998,0.010000000000000009,0.172
1137,..\data\music\DEAM\DEAM_audio\MEMD_audio\1137.mp3,-0.19901666666666668,0.059346016902756184,-0.28500000000000003,-0.099,0.18600000000000003,0.03698333333333333,0.07555031252233324,-0.08500000000000002,0.142,0.227
1138,..\data\music\DEAM\DEAM_audio\MEMD_audio\1138.mp3,0.05090000000000001,0.010682852303263081,0.030000000000000006,0.08199999999999999,0.051999999999999984,0.054283333333333336,0.02881844991590553,0.0040000000000000036,0.121,0.11699999999999999
1139,..\data\music\DEAM\DEAM_audio\MEMD_audio\1139.mp3,0.28944444444444445,0.030236039869597428,0.23555555555555557,0.3655555555555556,0.13,-0.11018333333333333,0.05500742121649486,-0.23399999999999999,-0.015000000000000003,0.21899999999999997
114,..\data\music\DEAM\DEAM_audio\MEMD_audio\114.mp3,0.26285432620000004,0.0068165830236153165,0.25331990000000004,0.2765536,0.02323369999999997,0.14337917716666665,0.07708357504220573,0.056999,0.25165020000000005,0.19465120000000005
1140,..\data\music\DEAM\DEAM_audio\MEMD_audio\1140.mp3,0.3580666666666667,0.03142815439838759,0.27299999999999996,0.40700000000000003,0.13400000000000006,0.30301666666666677,0.053665163022413545,0.24100000000000002,0.40700000000000003,0.166
1141,..\data\music\DEAM\DEAM_audio\MEMD_audio\1141.mp3,0.08043333333333332,0.021821523523550986,0.022999999999999975,0.10699999999999998,0.084,-0.08951666666666666,0.019241874186841108,-0.13499999999999998,-0.059,0.07599999999999998
1142,..\data\music\DEAM\DEAM_audio\MEMD_audio\1142.mp3,-0.3883833333333333,0.056728032948642086,-0.48500000000000004,-0.312,0.17300000000000004,-0.2891666666666666,0.0703690667520577,-0.46900000000000003,-0.184,0.28500000000000003
1143,..\data\music\DEAM\DEAM_audio\MEMD_audio\1143.mp3,-0.18084999999999998,0.040047399000018295,-0.22300000000000003,-0.11200000000000002,0.11100000000000002,0.31884999999999997,0.018925137604079215,0.27399999999999997,0.35700000000000004,0.08300000000000007
1144,..\data\music\DEAM\DEAM_audio\MEMD_audio\1144.mp3,-0.006433333333333339,0.022407860723911644,-0.062,0.058999999999999976,0.12099999999999997,0.3111333333333334,0.021535603595493256,0.24500000000000002,0.333,0.088
1145,..\data\music\DEAM\DEAM_audio\MEMD_audio\1145.mp3,0.03571666666666667,0.051927863961033056,-0.07,0.11200000000000002,0.18200000000000002,-0.016916666666666656,0.05217767455744097,-0.205,0.040000000000000015,0.245
1146,..\data\music\DEAM\DEAM_audio\MEMD_audio\1146.mp3,-0.28629999999999994,0.023038590813386724,-0.3350000000000001,-0.22799999999999998,0.1070000000000001,-0.005916666666666662,0.02247687082808063,-0.06299999999999999,0.04000000000000001,0.103
1147,..\data\music\DEAM\DEAM_audio\MEMD_audio\1147.mp3,0.08573333333333331,0.04214849410780361,0.018000000000000006,0.188,0.16999999999999998,0.010050000000000002,0.0460689429008307,-0.06,0.13399999999999998,0.19399999999999998
1148,..\data\music\DEAM\DEAM_audio\MEMD_audio\1148.mp3,-0.28543333333333337,0.024475407158115987,-0.323,-0.21700000000000003,0.10599999999999998,-0.15538333333333335,0.021914296449781115,-0.199,-0.08499999999999999,0.11400000000000002
1149,..\data\music\DEAM\DEAM_audio\MEMD_audio\1149.mp3,-0.1591,0.09298130636495344,-0.28600000000000003,-0.011999999999999993,0.274,-0.21001666666666668,0.13924480740368342,-0.41600000000000004,-0.016000000000000007,0.4
115,..\data\music\DEAM\DEAM_audio\MEMD_audio\115.mp3,0.5344161960000001,0.056510341919394504,0.35292048,0.6033950000000001,0.25047452000000014,0.64848414,0.08278299584219817,0.40468469999999995,0.727178,0.32249330000000004
1150,..\data\music\DEAM\DEAM_audio\MEMD_audio\1150.mp3,-0.12178333333333333,0.005944441848389881,-0.13199999999999998,-0.10499999999999998,0.026999999999999996,-0.37616666666666665,0.010501058147740269,-0.3970000000000001,-0.34500000000000003,0.052000000000000046
1151,..\data\music\DEAM\DEAM_audio\MEMD_audio\1151.mp3,-0.002449999999999993,0.031096851394741987,-0.046,0.05800000000000001,0.10400000000000001,0.3791333333333334,0.03061016534130815,0.329,0.437,0.10799999999999998
1152,..\data\music\DEAM\DEAM_audio\MEMD_audio\1152.mp3,0.43808333333333327,0.037019945825039896,0.34900000000000003,0.493,0.14399999999999996,0.35755,0.02596884351166477,0.302,0.406,0.10400000000000004
1153,..\data\music\DEAM\DEAM_audio\MEMD_audio\1153.mp3,-0.2574166666666667,0.02795966837349033,-0.308,-0.2,0.10799999999999998,-0.13871666666666668,0.041458047737709766,-0.242,-0.09,0.152
1154,..\data\music\DEAM\DEAM_audio\MEMD_audio\1154.mp3,-0.20956666666666665,0.0442618596787598,-0.262,-0.125,0.137,-0.03346666666666665,0.07199015364771923,-0.13499999999999998,0.16000000000000003,0.29500000000000004
1155,..\data\music\DEAM\DEAM_audio\MEMD_audio\1155.mp3,-0.0067666666666666665,0.03127798302675897,-0.07299999999999998,0.065,0.13799999999999998,0.15718333333333334,0.04795431564404699,0.078,0.229,0.15100000000000002
1156,..\data\music\DEAM\DEAM_audio\MEMD_audio\1156.mp3,0.5704499999999999,0.024495866998332606,0.519,0.615,0.09599999999999997,0.5138333333333333,0.016590325159227284,0.46399999999999997,0.5429999999999999,0.07899999999999996
1157,..\data\music\DEAM\DEAM_audio\MEMD_audio\1157.mp3,0.5397833333333334,0.025521945894116736,0.485,0.5800000000000001,0.09500000000000008,0.4647333333333334,0.04162005392703004,0.36900000000000005,0.513,0.14399999999999996
1158,..\data\music\DEAM\DEAM_audio\MEMD_audio\1158.mp3,0.44755,0.01783108241246167,0.418,0.493,0.07500000000000001,0.5147999999999999,0.017111204905947846,0.458,0.545,0.08700000000000002
1159,..\data\music\DEAM\DEAM_audio\MEMD_audio\1159.mp3,0.29435,0.019590665294130942,0.24800000000000005,0.33399999999999996,0.08599999999999991,0.3704,0.017989070756063718,0.333,0.404,0.07100000000000001
116,..\data\music\DEAM\DEAM_audio\MEMD_audio\116.mp3,-0.1785957275,0.03649231352311569,-0.24019620000000003,-0.13120729999999997,0.10898890000000006,-0.018377335999999998,0.028698637026173167,-0.1266707,0.0177475,0.1444182
1160,..\data\music\DEAM\DEAM_audio\MEMD_audio\1160.mp3,0.3907333333333333,0.028855309544153024,0.325,0.437,0.11199999999999999,0.4269333333333333,0.017804369001892636,0.374,0.45499999999999996,0.08099999999999996
1161,..\data\music\DEAM\DEAM_audio\MEMD_audio\1161.mp3,-0.022350000000000005,0.04932572858052884,-0.11499999999999999,0.06399999999999999,0.179,0.0033999999999999955,0.14253738690837106,-0.271,0.20500000000000002,0.47600000000000003
1162,..\data\music\DEAM\DEAM_audio\MEMD_audio\1162.mp3,-0.09803333333333336,0.04232767678744277,-0.17400000000000002,-0.014999999999999994,0.15900000000000003,-0.03898333333333334,0.02415677383721225,-0.072,0.029000000000000005,0.101
1163,..\data\music\DEAM\DEAM_audio\MEMD_audio\1163.mp3,0.35708333333333336,0.035421411446876154,0.308,0.45099999999999996,0.14299999999999996,0.2816166666666666,0.046771819031929424,0.184,0.378,0.194
1164,..\data\music\DEAM\DEAM_audio\MEMD_audio\1164.mp3,-0.07078333333333335,0.02167186476107264,-0.14099999999999996,-0.006999999999999984,0.13399999999999998,-0.037433333333333325,0.02391886749455798,-0.096,-0.006999999999999995,0.08900000000000001
1165,..\data\music\DEAM\DEAM_audio\MEMD_audio\1165.mp3,0.04873333333333334,0.033903719887679325,-0.011000000000000001,0.11699999999999999,0.128,-0.06738333333333332,0.03654179874548536,-0.13299999999999998,0.003000000000000014,0.13599999999999998
1166,..\data\music\DEAM\DEAM_audio\MEMD_audio\1166.mp3,0.16469999999999999,0.026658519588804375,0.069,0.20200000000000004,0.13300000000000003,-0.06106666666666667,0.01717446424847722,-0.10700000000000001,-0.027000000000000014,0.08
1167,..\data\music\DEAM\DEAM_audio\MEMD_audio\1167.mp3,-0.29766666666666663,0.042559631368495464,-0.396,-0.217,0.17900000000000002,-0.21188333333333328,0.047780432419791075,-0.32699999999999996,-0.13599999999999998,0.19099999999999998
1168,..\data\music\DEAM\DEAM_audio\MEMD_audio\1168.mp3,0.10281666666666665,0.03794447332030787,0.031999999999999994,0.182,0.15,0.20009999999999997,0.08592743062220198,0.08399999999999999,0.345,0.261
1169,..\data\music\DEAM\DEAM_audio\MEMD_audio\1169.mp3,-0.18473333333333333,0.04225354685966874,-0.238,-0.095,0.143,-0.08816666666666666,0.04479068603577707,-0.16900000000000004,0.0010000000000000009,0.17000000000000004
117,..\data\music\DEAM\DEAM_audio\MEMD_audio\117.mp3,0.1514260287666667,0.02069517563857153,0.10570779999999999,0.20035220000000004,0.09464440000000005,-0.11475954116666666,0.05300639371066997,-0.19139630000000002,-0.0370824,0.1543139
1170,..\data\music\DEAM\DEAM_audio\MEMD_audio\1170.mp3,-0.2677333333333333,0.051147781531123676,-0.36900000000000005,-0.138,0.23100000000000004,-0.17810000000000004,0.0479835735781875,-0.29100000000000004,-0.10300000000000002,0.188
1171,..\data\music\DEAM\DEAM_audio\MEMD_audio\1171.mp3,-0.2129166666666667,0.04983081097295349,-0.344,-0.134,0.20999999999999996,-0.37225,0.043194376563004885,-0.42400000000000004,-0.267,0.15700000000000003
1172,..\data\music\DEAM\DEAM_audio\MEMD_audio\1172.mp3,-0.3271166666666667,0.03568804265981659,-0.42000000000000004,-0.275,0.14500000000000002,-0.22096666666666667,0.039715222382468024,-0.30100000000000005,-0.15,0.15100000000000005
1173,..\data\music\DEAM\DEAM_audio\MEMD_audio\1173.mp3,-0.08863333333333336,0.015229321134647538,-0.11699999999999999,-0.05900000000000001,0.05799999999999998,-0.10048333333333331,0.030627053219153957,-0.172,-0.048,0.12399999999999999
1174,..\data\music\DEAM\DEAM_audio\MEMD_audio\1174.mp3,-0.24531666666666668,0.026247851763948653,-0.312,-0.192,0.12,-0.061433333333333354,0.051594045737425515,-0.18600000000000003,0.033999999999999996,0.22000000000000003
1175,..\data\music\DEAM\DEAM_audio\MEMD_audio\1175.mp3,-0.09416666666666668,0.06409268462330332,-0.192,0.041,0.233,0.07891666666666668,0.05054908230840816,0.003999999999999998,0.202,0.198
1176,..\data\music\DEAM\DEAM_audio\MEMD_audio\1176.mp3,0.25403333333333333,0.02593965218647998,0.194,0.29500000000000004,0.10100000000000003,-0.044266666666666676,0.05849041706885743,-0.19599999999999998,0.029999999999999992,0.22599999999999998
1177,..\data\music\DEAM\DEAM_audio\MEMD_audio\1177.mp3,0.15381666666666674,0.0723732205691826,-0.032999999999999995,0.221,0.254,0.19776666666666667,0.08091154978672013,-0.017000000000000008,0.274,0.29100000000000004
1178,..\data\music\DEAM\DEAM_audio\MEMD_audio\1178.mp3,0.18935000000000002,0.09654149798575395,-0.076,0.33899999999999997,0.415,0.10836666666666667,0.03572579211469247,-0.001999999999999996,0.152,0.154
1179,..\data\music\DEAM\DEAM_audio\MEMD_audio\1179.mp3,-0.15356666666666668,0.022921872136067382,-0.20099999999999998,-0.09999999999999999,0.10099999999999999,0.16868333333333332,0.06240365685509855,-0.014999999999999989,0.22599999999999998,0.24099999999999996
118,..\data\music\DEAM\DEAM_audio\MEMD_audio\118.mp3,-0.0017833528333333357,0.012162187790996197,-0.022506099999999994,0.05747549999999999,0.07998159999999999,-0.05779281866666667,0.03766476712289915,-0.12737300000000001,0.0047786999999999994,0.1321517
1180,..\data\music\DEAM\DEAM_audio\MEMD_audio\1180.mp3,-0.19605,0.026582215232494568,-0.28300000000000003,-0.15099999999999997,0.13200000000000006,-0.15333333333333332,0.041754721770399295,-0.22999999999999998,0.03666666666666665,0.2666666666666666
1181,..\data\music\DEAM\DEAM_audio\MEMD_audio\1181.mp3,-0.28814999999999996,0.02279387710183007,-0.325,-0.23700000000000002,0.088,0.28369999999999995,0.020948587860123973,0.23700000000000002,0.32300000000000006,0.08600000000000005
1182,..\data\music\DEAM\DEAM_audio\MEMD_audio\1182.mp3,-0.35705,0.06306013664220317,-0.488,-0.253,0.235,-0.41046666666666665,0.06360410538811329,-0.48600000000000004,-0.30300000000000005,0.183
1183,..\data\music\DEAM\DEAM_audio\MEMD_audio\1183.mp3,-0.08965,0.007284286741564564,-0.11099999999999996,-0.07299999999999998,0.03799999999999998,-0.01913333333333334,0.026246565912938443,-0.154,0.023999999999999994,0.178
1184,..\data\music\DEAM\DEAM_audio\MEMD_audio\1184.mp3,-0.047133333333333326,0.011050590733329852,-0.064,-0.023,0.041,-0.2796833333333334,0.06091318731513636,-0.395,-0.153,0.24200000000000002
1185,..\data\music\DEAM\DEAM_audio\MEMD_audio\1185.mp3,0.4938666666666666,0.027766566626470437,0.421,0.5269999999999999,0.10599999999999993,0.4255166666666667,0.04706998040742693,0.334,0.488,0.15399999999999997
1186,..\data\music\DEAM\DEAM_audio\MEMD_audio\1186.mp3,-0.31998333333333334,0.02532093446581744,-0.36700000000000005,-0.269,0.09800000000000003,-0.4956833333333333,0.05107102624994159,-0.568,-0.37100000000000005,0.1969999999999999
1187,..\data\music\DEAM\DEAM_audio\MEMD_audio\1187.mp3,0.10991666666666669,0.040920773724628205,0.010000000000000009,0.16,0.15,0.023616666666666675,0.026319252564530698,-0.02599999999999999,0.075,0.10099999999999998
1188,..\data\music\DEAM\DEAM_audio\MEMD_audio\1188.mp3,0.18025,0.040858138724126934,0.127,0.246,0.119,-0.002866666666666665,0.013976726687207161,-0.059999999999999984,0.022,0.08199999999999999
1189,..\data\music\DEAM\DEAM_audio\MEMD_audio\1189.mp3,0.07921666666666667,0.042188107197276455,-0.007000000000000006,0.167,0.17400000000000002,-0.06048333333333333,0.04404221144412357,-0.15400000000000003,0.011999999999999983,0.166
119,..\data\music\DEAM\DEAM_audio\MEMD_audio\119.mp3,-0.19936410016666667,0.07176198929459454,-0.344817,-0.125182,0.219635,-0.05242625999999998,0.012321227433528413,-0.07317369999999998,-0.03303400000000001,0.04013969999999997
1190,..\data\music\DEAM\DEAM_audio\MEMD_audio\1190.mp3,-0.21785000000000002,0.03404008666263939,-0.271,-0.09800000000000002,0.173,-0.1637166666666667,0.02411230091790403,-0.21600000000000003,-0.11300000000000002,0.10300000000000001
1191,..\data\music\DEAM\DEAM_audio\MEMD_audio\1191.mp3,0.02155,0.031225216839385866,-0.03999999999999999,0.06599999999999999,0.10599999999999998,-0.0693,0.09184158462628281,-0.202,0.089,0.29100000000000004
1192,..\data\music\DEAM\DEAM_audio\MEMD_audio\1192.mp3,0.03498333333333333,0.021927525826889113,-0.004000000000000004,0.07700000000000001,0.08100000000000002,-0.025883333333333328,0.060045286150445555,-0.154,0.09200000000000001,0.246
1193,..\data\music\DEAM\DEAM_audio\MEMD_audio\1193.mp3,0.056650000000000006,0.017138480095971177,0.022999999999999986,0.09100000000000001,0.06800000000000003,0.012466666666666662,0.011585143743413613,-0.015000000000000017,0.05,0.06500000000000002
1194,..\data\music\DEAM\DEAM_audio\MEMD_audio\1194.mp3,-0.14139999999999997,0.031275229815302716,-0.186,-0.09,0.096,-0.15923333333333337,0.04507119060133893,-0.281,-0.10900000000000001,0.17200000000000001
1195,..\data\music\DEAM\DEAM_audio\MEMD_audio\1195.mp3,-0.1146,0.06459055658530896,-0.188,0.008999999999999998,0.197,0.21168333333333333,0.07587895880208748,-0.028000000000000008,0.29600000000000004,0.32400000000000007
1196,..\data\music\DEAM\DEAM_audio\MEMD_audio\1196.mp3,-0.24421666666666667,0.11899637132656142,-0.35500000000000004,-0.007999999999999997,0.34700000000000003,-0.16353333333333336,0.11458206181112685,-0.29500000000000004,0.02400000000000002,0.31900000000000006
1197,..\data\music\DEAM\DEAM_audio\MEMD_audio\1197.mp3,0.029083333333333333,0.04244498072668768,-0.05799999999999998,0.119,0.177,-0.11621666666666665,0.030291963547375976,-0.186,-0.031000000000000007,0.155
1198,..\data\music\DEAM\DEAM_audio\MEMD_audio\1198.mp3,-0.3226166666666667,0.030909055666943665,-0.382,-0.265,0.11699999999999999,-0.31726666666666675,0.05818243339321204,-0.42800000000000005,-0.20800000000000002,0.22000000000000003
1199,..\data\music\DEAM\DEAM_audio\MEMD_audio\1199.mp3,-0.08791666666666666,0.08617139735563199,-0.23299999999999996,0.033999999999999996,0.26699999999999996,0.053750000000000006,0.037937942748652045,-0.028000000000000014,0.11299999999999999,0.14100000000000001
12,..\data\music\DEAM\DEAM_audio\MEMD_audio\12.mp3,0.34173288516666667,0.008733248554032739,0.32707800000000004,0.35679010000000005,0.02971210000000002,0.2859443766666666,0.032810318060448436,0.22214309999999998,0.332596,0.11045290000000002
120,..\data\music\DEAM\DEAM_audio\MEMD_audio\120.mp3,-0.08283113461666665,0.035692239404097235,-0.2126916,-0.021290499999999997,0.19140110000000002,-0.13398898333333334,0.022245300891904997,-0.18846690000000002,-0.09481330000000002,0.0936536
1200,..\data\music\DEAM\DEAM_audio\MEMD_audio\1200.mp3,-0.3386666666666666,0.03146302945080499,-0.38099999999999995,-0.27699999999999997,0.10399999999999998,-0.1847833333333333,0.023428680192353026,-0.24,-0.13999999999999999,0.1
1201,..\data\music\DEAM\DEAM_audio\MEMD_audio\1201.mp3,0.28619999999999995,0.03032589652425794,0.22400000000000003,0.369,0.14499999999999996,0.414,0.03170594055798799,0.30599999999999994,0.461,0.15500000000000008
1202,..\data\music\DEAM\DEAM_audio\MEMD_audio\1202.mp3,-0.28528333333333333,0.04188519693426571,-0.359,-0.21500000000000002,0.14399999999999996,-0.10173333333333331,0.027086199848303235,-0.13499999999999998,-0.047,0.08799999999999998
1203,..\data\music\DEAM\DEAM_audio\MEMD_audio\1203.mp3,-0.0834166666666667,0.04059897029345559,-0.13899999999999998,-0.024999999999999994,0.11399999999999999,0.16641666666666663,0.018502514844084186,0.12,0.193,0.07300000000000001
1204,..\data\music\DEAM\DEAM_audio\MEMD_audio\1204.mp3,0.34740000000000004,0.01505013842682739,0.32099999999999995,0.39,0.06900000000000006,0.4038166666666666,0.027451467275093976,0.358,0.46099999999999997,0.10299999999999998
1205,..\data\music\DEAM\DEAM_audio\MEMD_audio\1205.mp3,0.39971666666666666,0.04136024325632313,0.30600000000000005,0.453,0.14699999999999996,0.46085000000000004,0.04553051174761822,0.33999999999999997,0.509,0.16900000000000004
1206,..\data\music\DEAM\DEAM_audio\MEMD_audio\1206.mp3,0.24814999999999998,0.013806791806933286,0.217,0.2779999999999999,0.060999999999999915,0.4231,0.01506397468576383,0.389,0.45,0.061
1207,..\data\music\DEAM\DEAM_audio\MEMD_audio\1207.mp3,0.17790000000000003,0.010007830267678746,0.15199999999999997,0.196,0.04400000000000004,0.008883333333333346,0.020477704678232102,-0.047,0.04000000000000001,0.08700000000000001
1208,..\data\music\DEAM\DEAM_audio\MEMD_audio\1208.mp3,0.31521666666666665,0.045066281433264736,0.22199999999999998,0.362,0.14,0.2798166666666667,0.04049629269726084,0.177,0.35100000000000003,0.17400000000000004
1209,..\data\music\DEAM\DEAM_audio\MEMD_audio\1209.mp3,0.10026666666666668,0.02226047818194589,0.04599999999999999,0.131,0.08500000000000002,-0.12865000000000001,0.028252330287370397,-0.151,0.0030000000000000027,0.154
121,..\data\music\DEAM\DEAM_audio\MEMD_audio\121.mp3,-0.07697431816666665,0.020213401195045704,-0.1162952,-0.05164629999999999,0.06464890000000001,-0.38951492499999996,0.01413474237650649,-0.43834419999999996,-0.368061,0.07028319999999993
1210,..\data\music\DEAM\DEAM_audio\MEMD_audio\1210.mp3,-0.14403333333333332,0.021359593212938816,-0.183,-0.091,0.092,-0.27454999999999996,0.0332236988709365,-0.36500000000000005,-0.233,0.13200000000000003
1211,..\data\music\DEAM\DEAM_audio\MEMD_audio\1211.mp3,0.34109999999999996,0.012756305630288628,0.31899999999999995,0.38099999999999995,0.062,0.27655,0.01555894705092003,0.24000000000000005,0.29900000000000004,0.059
1212,..\data\music\DEAM\DEAM_audio\MEMD_audio\1212.mp3,-0.10733333333333332,0.05353337484431765,-0.24299999999999997,-0.009000000000000003,0.23399999999999996,-0.21814999999999998,0.06814049823709832,-0.307,-0.125,0.182
1213,..\data\music\DEAM\DEAM_audio\MEMD_audio\1213.mp3,-0.09593333333333336,0.03617405454496664,-0.166,-0.04000000000000001,0.126,-0.06893333333333333,0.032273759550996775,-0.11100000000000002,0.039999999999999994,0.15100000000000002
1214,..\data\music\DEAM\DEAM_audio\MEMD_audio\1214.mp3,0.4137666666666666,0.03508910878827724,0.309,0.46099999999999997,0.15199999999999997,0.26466666666666666,0.03896822067046713,0.159,0.302,0.143
1215,..\data\music\DEAM\DEAM_audio\MEMD_audio\1215.mp3,0.4209,0.04409070196764847,0.352,0.526,0.17400000000000004,0.4720333333333333,0.019975790903546783,0.43699999999999994,0.509,0.07200000000000006
1216,..\data\music\DEAM\DEAM_audio\MEMD_audio\1216.mp3,0.26798333333333335,0.02232673409962943,0.22599999999999998,0.309,0.08300000000000002,0.41656666666666664,0.016647689195667836,0.387,0.46699999999999997,0.07999999999999996
1217,..\data\music\DEAM\DEAM_audio\MEMD_audio\1217.mp3,-0.06269999999999999,0.03140398063940303,-0.097,-0.017999999999999995,0.07900000000000001,-0.20795,0.07591869005719211,-0.28800000000000003,-0.07399999999999998,0.21400000000000005
1218,..\data\music\DEAM\DEAM_audio\MEMD_audio\1218.mp3,0.08785,0.05223530893945206,0.018999999999999996,0.2,0.18100000000000002,0.1510833333333333,0.019961873381245783,0.10400000000000001,0.179,0.07499999999999998
1219,..\data\music\DEAM\DEAM_audio\MEMD_audio\1219.mp3,-0.016783333333333338,0.03433612852699358,-0.06699999999999999,0.068,0.135,-0.15518333333333337,0.07953688697006495,-0.263,-0.03900000000000002,0.22399999999999998
122,..\data\music\DEAM\DEAM_audio\MEMD_audio\122.mp3,-0.023281359,0.00846533602756061,-0.03802624,-0.01035029999999999,0.027675940000000013,0.2786154433333333,0.009879221691272663,0.2630034,0.29583190000000004,0.03282850000000004
1220,..\data\music\DEAM\DEAM_audio\MEMD_audio\1220.mp3,-0.06588333333333334,0.031331608995106244,-0.11499999999999999,0.014000000000000002,0.129,-0.09028333333333333,0.07549483242065129,-0.22199999999999998,0.06999999999999998,0.2919999999999999
1221,..\data\music\DEAM\DEAM_audio\MEMD_audio\1221.mp3,0.25135,0.04512937882724881,0.132,0.31999999999999995,0.18799999999999994,0.3371666666666667,0.1205801485412181,0.16099999999999998,0.481,0.32
1222,..\data\music\DEAM\DEAM_audio\MEMD_audio\1222.mp3,-0.06051666666666667,0.04294628104452765,-0.121,0.003999999999999992,0.12499999999999999,0.03625000000000001,0.03642006086394329,-0.006999999999999992,0.121,0.128
1223,..\data\music\DEAM\DEAM_audio\MEMD_audio\1223.mp3,-0.0563,0.05523474148275402,-0.167,0.012000000000000005,0.17900000000000002,0.38201666666666656,0.14697658449184647,0.11299999999999999,0.52,0.40700000000000003
1224,..\data\music\DEAM\DEAM_audio\MEMD_audio\1224.mp3,0.33509999999999995,0.015914039922868942,0.27799999999999997,0.367,0.08900000000000002,0.57405,0.025109377398361207,0.512,0.623,0.11099999999999999
1225,..\data\music\DEAM\DEAM_audio\MEMD_audio\1225.mp3,-0.22340000000000002,0.02856583040394007,-0.257,-0.12400000000000003,0.13299999999999998,0.2594333333333333,0.02837332471804381,0.18,0.29400000000000004,0.11400000000000005
1226,..\data\music\DEAM\DEAM_audio\MEMD_audio\1226.mp3,-0.03578333333333332,0.01635348246976432,-0.06400000000000002,-0.008999999999999994,0.05500000000000002,0.0993,0.0418709525407133,0.042000000000000016,0.18,0.13799999999999998
1227,..\data\music\DEAM\DEAM_audio\MEMD_audio\1227.mp3,0.24175000000000002,0.012923654024049595,0.21100000000000002,0.271,0.06,0.4899166666666667,0.0615700932993356,0.37299999999999994,0.554,0.1810000000000001
1228,..\data\music\DEAM\DEAM_audio\MEMD_audio\1228.mp3,0.14848333333333336,0.05209142337169228,0.044,0.21199999999999997,0.16799999999999998,-0.10906666666666667,0.09364469493190145,-0.22999999999999993,0.10600000000000001,0.33599999999999997
1229,..\data\music\DEAM\DEAM_audio\MEMD_audio\1229.mp3,0.42400000000000004,0.006363961030678923,0.41000000000000003,0.445,0.034999999999999976,0.03096666666666666,0.05638202038081131,-0.027000000000000003,0.164,0.191
123,..\data\music\DEAM\DEAM_audio\MEMD_audio\123.mp3,0.2908612672166667,0.019012911414293125,0.23369800000000004,0.3306083,0.09691029999999998,0.33703324083333336,0.040393915548439054,0.27004100000000003,0.39641756,0.12637655999999997
1230,..\data\music\DEAM\DEAM_audio\MEMD_audio\1230.mp3,0.19526666666666664,0.017085926632433177,0.148,0.22800000000000004,0.08000000000000004,0.17390000000000003,0.031714192406555146,0.11000000000000001,0.22400000000000003,0.11400000000000002
1231,..\data\music\DEAM\DEAM_audio\MEMD_audio\1231.mp3,0.15506666666666663,0.037619971055573964,0.09800000000000002,0.21900000000000003,0.12100000000000001,0.54225,0.012987975207860524,0.492,0.5619999999999999,0.06999999999999995
1232,..\data\music\DEAM\DEAM_audio\MEMD_audio\1232.mp3,0.5087333333333334,0.03336158802508593,0.46699999999999997,0.5880000000000001,0.12100000000000011,0.5225333333333333,0.04377916805463022,0.406,0.5720000000000001,0.16600000000000004
1233,..\data\music\DEAM\DEAM_audio\MEMD_audio\1233.mp3,0.2169166666666667,0.010855554133970111,0.191,0.24100000000000002,0.05000000000000002,0.12688333333333335,0.028757081253531658,0.08299999999999999,0.17600000000000002,0.09300000000000003
1234,..\data\music\DEAM\DEAM_audio\MEMD_audio\1234.mp3,0.059333333333333335,0.026941087992548157,0.001999999999999999,0.10900000000000001,0.10700000000000001,-0.19765,0.03169165242352209,-0.272,-0.15,0.12200000000000003
1235,..\data\music\DEAM\DEAM_audio\MEMD_audio\1235.mp3,0.14409999999999998,0.01832548316780033,0.084,0.179,0.09499999999999999,0.3994833333333333,0.010286709332380743,0.34199999999999997,0.417,0.07500000000000001
1236,..\data\music\DEAM\DEAM_audio\MEMD_audio\1236.mp3,0.18486666666666668,0.02787440084059606,0.149,0.23700000000000002,0.08800000000000002,0.18548333333333333,0.015510740006703605,0.16200000000000003,0.24000000000000005,0.07800000000000001
1237,..\data\music\DEAM\DEAM_audio\MEMD_audio\1237.mp3,0.06326666666666667,0.08214861870753248,-0.095,0.201,0.29600000000000004,0.11478333333333332,0.0516017091663531,0.018999999999999996,0.2,0.18100000000000002
1238,..\data\music\DEAM\DEAM_audio\MEMD_audio\1238.mp3,0.21391666666666664,0.037089662381255994,0.15199999999999997,0.26799999999999996,0.11599999999999999,0.42200000000000004,0.013618614711734329,0.376,0.44700000000000006,0.07100000000000006
1239,..\data\music\DEAM\DEAM_audio\MEMD_audio\1239.mp3,0.25883333333333336,0.024387952399129827,0.225,0.361,0.13599999999999998,0.6322666666666666,0.01678776009147406,0.603,0.671,0.06800000000000006
124,..\data\music\DEAM\DEAM_audio\MEMD_audio\124.mp3,-0.38623885666666674,0.03550400943410648,-0.43031299999999995,-0.2891327,0.14118029999999993,-0.07532912916666668,0.04836364611002123,-0.14016670000000003,0.008258199999999997,0.14842490000000003
1240,..\data\music\DEAM\DEAM_audio\MEMD_audio\1240.mp3,-0.39831666666666676,0.02873934101927569,-0.45499999999999996,-0.33999999999999997,0.11499999999999999,-0.2941333333333333,0.03395853680920633,-0.362,-0.20800000000000002,0.15399999999999997
1241,..\data\music\DEAM\DEAM_audio\MEMD_audio\1241.mp3,0.07366666666666669,0.031081434258340708,0.023,0.126,0.10300000000000001,0.030383333333333328,0.016206060251920857,0.012,0.07600000000000003,0.06400000000000003
1242,..\data\music\DEAM\DEAM_audio\MEMD_audio\1242.mp3,0.15168333333333334,0.025595892682659497,0.06700000000000002,0.196,0.129,0.07733333333333335,0.023931615537239062,0.042000000000000016,0.152,0.10999999999999999
1243,..\data\music\DEAM\DEAM_audio\MEMD_audio\1243.mp3,0.2743333333333334,0.02451235516133763,0.24,0.33099999999999996,0.09099999999999997,0.39324999999999993,0.027783463307034514,0.358,0.45,0.09200000000000003
1244,..\data\music\DEAM\DEAM_audio\MEMD_audio\1244.mp3,-0.0181,0.027858990170739024,-0.056999999999999995,0.095,0.152,0.18725000000000003,0.02209798256251763,0.13999999999999999,0.23099999999999996,0.09099999999999997
1245,..\data\music\DEAM\DEAM_audio\MEMD_audio\1245.mp3,0.41943333333333327,0.007071932000678608,0.398,0.434,0.035999999999999976,0.3152,0.025837182508934676,0.268,0.367,0.09899999999999998
1246,..\data\music\DEAM\DEAM_audio\MEMD_audio\1246.mp3,0.06143333333333334,0.03292940259943317,0.0030000000000000083,0.13600000000000004,0.13300000000000003,-0.0033166666666666652,0.04536389594771987,-0.079,0.151,0.22999999999999998
1247,..\data\music\DEAM\DEAM_audio\MEMD_audio\1247.mp3,-0.15921666666666665,0.018907751203026645,-0.209,-0.129,0.07999999999999999,0.5334833333333333,0.050567279165703805,0.46900000000000003,0.6140000000000001,0.14500000000000007
1248,..\data\music\DEAM\DEAM_audio\MEMD_audio\1248.mp3,-0.15866666666666668,0.01713054452011248,-0.192,-0.128,0.064,-0.11395000000000001,0.016546323861611482,-0.14500000000000002,-0.081,0.06400000000000002
1249,..\data\music\DEAM\DEAM_audio\MEMD_audio\1249.mp3,0.34595,0.02673663217385465,0.28800000000000003,0.389,0.10099999999999998,0.4166833333333333,0.030328474885639868,0.352,0.44799999999999995,0.09599999999999997
125,..\data\music\DEAM\DEAM_audio\MEMD_audio\125.mp3,-0.132393465,0.014694740879475952,-0.15866569999999997,-0.10645939999999998,0.05220629999999998,-0.04065306983333334,0.023899134543852382,-0.08173220000000002,-0.008228600000000008,0.07350360000000002
1250,..\data\music\DEAM\DEAM_audio\MEMD_audio\1250.mp3,0.5370166666666667,0.01773836864602328,0.512,0.583,0.07099999999999995,0.5925833333333334,0.018516021590923783,0.5399999999999999,0.62,0.08000000000000007
1251,..\data\music\DEAM\DEAM_audio\MEMD_audio\1251.mp3,0.5517166666666667,0.009252191932485802,0.526,0.571,0.04499999999999993,0.4783166666666666,0.015093587674535459,0.41100000000000003,0.5,0.08899999999999997
1252,..\data\music\DEAM\DEAM_audio\MEMD_audio\1252.mp3,0.29206666666666675,0.029983254585777632,0.265,0.384,0.119,0.2836333333333334,0.015380687746507159,0.248,0.307,0.059
1253,..\data\music\DEAM\DEAM_audio\MEMD_audio\1253.mp3,-0.06276666666666667,0.011365689107523965,-0.1,-0.040999999999999995,0.05900000000000001,-0.11756666666666667,0.020406180980825937,-0.195,-0.085,0.11
1254,..\data\music\DEAM\DEAM_audio\MEMD_audio\1254.mp3,0.046666666666666676,0.0858290290182886,-0.22100000000000003,0.13000000000000003,0.3510000000000001,0.59345,0.11838572901043999,0.15900000000000003,0.704,0.5449999999999999
1255,..\data\music\DEAM\DEAM_audio\MEMD_audio\1255.mp3,-0.21581666666666668,0.01393974134942571,-0.236,-0.186,0.04999999999999999,-0.31098333333333333,0.03203201089882156,-0.36900000000000005,-0.242,0.12700000000000006
1256,..\data\music\DEAM\DEAM_audio\MEMD_audio\1256.mp3,0.4018833333333333,0.01741081241323589,0.362,0.42800000000000005,0.06600000000000006,0.32428333333333337,0.05913179958552101,0.207,0.391,0.18400000000000002
1257,..\data\music\DEAM\DEAM_audio\MEMD_audio\1257.mp3,0.14651666666666666,0.019702361674569766,0.10199999999999998,0.175,0.07300000000000001,0.17093333333333333,0.028579052157519547,0.134,0.229,0.095
1258,..\data\music\DEAM\DEAM_audio\MEMD_audio\1258.mp3,0.34175,0.03198104907597622,0.251,0.392,0.14100000000000001,0.42349999999999993,0.06209978529216771,0.31700000000000006,0.5229999999999999,0.20599999999999985
1259,..\data\music\DEAM\DEAM_audio\MEMD_audio\1259.mp3,-0.24413333333333334,0.016456474578583208,-0.277,-0.205,0.07200000000000004,-0.1421,0.04511086343664905,-0.17500000000000002,0.074,0.249
126,..\data\music\DEAM\DEAM_audio\MEMD_audio\126.mp3,0.3256363283333333,0.015230025578147609,0.2946025,0.3560133,0.06141079999999999,0.08019846666666665,0.021588721573448683,0.012692799999999994,0.10103449999999996,0.08834169999999997
1260,..\data\music\DEAM\DEAM_audio\MEMD_audio\1260.mp3,0.5626833333333333,0.044973137043745955,0.462,0.617,0.15499999999999997,0.6006166666666667,0.016315730310211544,0.557,0.629,0.07199999999999995
1261,..\data\music\DEAM\DEAM_audio\MEMD_audio\1261.mp3,-0.14558333333333334,0.00946624118762152,-0.16299999999999998,-0.127,0.035999999999999976,-0.09925925925925928,0.027780493694388838,-0.12444444444444445,-0.05222222222222221,0.07222222222222224
1262,..\data\music\DEAM\DEAM_audio\MEMD_audio\1262.mp3,0.045200000000000004,0.035282573602275664,-0.011,0.13799999999999998,0.149,0.15246666666666667,0.082364123797251,0.03299999999999999,0.333,0.30000000000000004
1263,..\data\music\DEAM\DEAM_audio\MEMD_audio\1263.mp3,0.2657333333333334,0.015355635954123018,0.233,0.29300000000000004,0.060000000000000026,0.3781999999999999,0.038593090918798756,0.32499999999999996,0.45499999999999996,0.13
1264,..\data\music\DEAM\DEAM_audio\MEMD_audio\1264.mp3,0.08654999999999997,0.013008234571480742,0.06299999999999999,0.10899999999999999,0.046,0.06908333333333336,0.009004242827072628,0.044000000000000004,0.083,0.039
1265,..\data\music\DEAM\DEAM_audio\MEMD_audio\1265.mp3,0.30598333333333333,0.020600559593262395,0.23399999999999999,0.33099999999999996,0.09699999999999998,0.31211666666666665,0.031497667462140035,0.23899999999999996,0.358,0.11900000000000002
1266,..\data\music\DEAM\DEAM_audio\MEMD_audio\1266.mp3,0.32645,0.010101856265063363,0.305,0.346,0.04099999999999998,0.38238333333333335,0.04642703654361566,0.319,0.4600000000000001,0.14100000000000007
1267,..\data\music\DEAM\DEAM_audio\MEMD_audio\1267.mp3,0.02588333333333333,0.009350742691834106,0.010999999999999996,0.05500000000000001,0.04400000000000001,-0.014796296296296285,0.05829734045372954,-0.07777777777777777,0.08555555555555557,0.16333333333333333
1268,..\data\music\DEAM\DEAM_audio\MEMD_audio\1268.mp3,0.058899999999999994,0.020349201458533944,0.01799999999999998,0.08999999999999998,0.07200000000000001,-0.030399999999999996,0.025301646850221685,-0.06,0.04499999999999999,0.10499999999999998
1269,..\data\music\DEAM\DEAM_audio\MEMD_audio\1269.mp3,-0.2277666666666667,0.03154804096752901,-0.3,-0.17400000000000002,0.12599999999999997,0.17236666666666667,0.024133632594829604,0.10199999999999998,0.21000000000000002,0.10800000000000004
127,..\data\music\DEAM\DEAM_audio\MEMD_audio\127.mp3,0.12975793566666666,0.034718427761970844,0.07788439999999999,0.19704899999999997,0.11916459999999998,-0.47120757166666666,0.018841664744842224,-0.5071344999999998,-0.4434455,0.06368899999999983
1270,..\data\music\DEAM\DEAM_audio\MEMD_audio\1270.mp3,0.0402,0.014450836192645278,0.011,0.072,0.061,0.3121666666666666,0.06578909906326089,0.231,0.4109999999999999,0.1799999999999999
1271,..\data\music\DEAM\DEAM_audio\MEMD_audio\1271.mp3,0.12189999999999998,0.038733577165038606,0.07599999999999998,0.186,0.11000000000000001,0.1764166666666667,0.0433217773052871,0.08299999999999999,0.22399999999999998,0.141
1272,..\data\music\DEAM\DEAM_audio\MEMD_audio\1272.mp3,-0.04205,0.0655966017920644,-0.127,0.11299999999999999,0.24,-0.042983333333333325,0.028089435538808695,-0.085,0.013999999999999995,0.099
1273,..\data\music\DEAM\DEAM_audio\MEMD_audio\1273.mp3,-0.015049999999999992,0.05342983716988102,-0.09099999999999996,0.16699999999999998,0.25799999999999995,0.23563333333333336,0.0779397131691469,0.12999999999999998,0.34600000000000003,0.21600000000000005
1274,..\data\music\DEAM\DEAM_audio\MEMD_audio\1274.mp3,0.34136666666666665,0.03866478443694668,0.24800000000000005,0.426,0.17799999999999994,0.4551666666666667,0.04092642449838762,0.388,0.5319999999999999,0.1439999999999999
1275,..\data\music\DEAM\DEAM_audio\MEMD_audio\1275.mp3,-0.24661666666666668,0.014929938230131947,-0.30200000000000005,-0.22000000000000003,0.08200000000000002,-0.16566666666666666,0.05085655207432853,-0.24700000000000003,-0.09300000000000001,0.15400000000000003
1276,..\data\music\DEAM\DEAM_audio\MEMD_audio\1276.mp3,0.10613333333333334,0.03451447361454161,0.052000000000000005,0.181,0.129,0.36275,0.11398854109076051,0.225,0.565,0.33999999999999997
1277,..\data\music\DEAM\DEAM_audio\MEMD_audio\1277.mp3,-0.18696666666666664,0.02336162570446577,-0.23500000000000001,-0.12999999999999998,0.10500000000000004,-0.23328333333333337,0.04694326066883534,-0.327,-0.15400000000000003,0.173
1278,..\data\music\DEAM\DEAM_audio\MEMD_audio\1278.mp3,0.16471666666666662,0.029373509418446332,0.06899999999999999,0.19,0.12100000000000001,0.14914999999999998,0.034765799765478334,0.020999999999999998,0.184,0.163
1279,..\data\music\DEAM\DEAM_audio\MEMD_audio\1279.mp3,0.26439999999999997,0.024188978206337426,0.19499999999999998,0.298,0.10300000000000001,0.23443333333333335,0.016232032802113504,0.17,0.26399999999999996,0.09399999999999994
128,..\data\music\DEAM\DEAM_audio\MEMD_audio\128.mp3,-0.2315136473333333,0.016254926928474314,-0.25861994,-0.1888282,0.06979173999999999,-0.3171107435666667,0.016952040025630295,-0.3539149,-0.28887779999999996,0.06503710000000001
1280,..\data\music\DEAM\DEAM_audio\MEMD_audio\1280.mp3,0.21463333333333331,0.06103659193922573,0.11099999999999999,0.27599999999999997,0.16499999999999998,0.3342,0.08062150250811917,0.191,0.458,0.267
1281,..\data\music\DEAM\DEAM_audio\MEMD_audio\1281.mp3,0.337,0.010535653752852736,0.309,0.35200000000000004,0.04300000000000004,0.10035000000000001,0.019424061538892087,0.074,0.14700000000000002,0.07300000000000002
1282,..\data\music\DEAM\DEAM_audio\MEMD_audio\1282.mp3,0.4981666666666666,0.02680060115412008,0.45199999999999996,0.5489999999999999,0.09699999999999998,0.56535,0.02523544134743833,0.53,0.624,0.09399999999999997
1283,..\data\music\DEAM\DEAM_audio\MEMD_audio\1283.mp3,-0.19729999999999995,0.02384973794405298,-0.242,-0.15799999999999997,0.08400000000000002,0.23011666666666666,0.057125035861890036,0.16,0.398,0.23800000000000002
1284,..\data\music\DEAM\DEAM_audio\MEMD_audio\1284.mp3,0.30215000000000003,0.0411042678238323,0.20999999999999996,0.42200000000000004,0.21200000000000008,0.5051166666666667,0.03755267041843436,0.403,0.564,0.16099999999999992
1285,..\data\music\DEAM\DEAM_audio\MEMD_audio\1285.mp3,0.25976666666666665,0.021156848116442636,0.21200000000000002,0.307,0.09499999999999997,0.41528333333333334,0.01240711041656713,0.37400000000000005,0.43899999999999995,0.06499999999999989
1286,..\data\music\DEAM\DEAM_audio\MEMD_audio\1286.mp3,0.05218333333333334,0.0380908964043758,-0.04200000000000001,0.09,0.132,-0.07286666666666668,0.008182230068195885,-0.084,-0.051000000000000004,0.033
1287,..\data\music\DEAM\DEAM_audio\MEMD_audio\1287.mp3,0.11638333333333334,0.06260646709583781,0.006000000000000005,0.182,0.176,0.3063166666666666,0.015436419777770865,0.26199999999999996,0.34199999999999997,0.08000000000000002
1288,..\data\music\DEAM\DEAM_audio\MEMD_audio\1288.mp3,0.2111833333333334,0.02793653024665415,0.133,0.251,0.118,0.019166666666666658,0.03686785712363669,-0.06500000000000002,0.06299999999999999,0.128
1289,..\data\music\DEAM\DEAM_audio\MEMD_audio\1289.mp3,0.24048333333333333,0.02476522539547922,0.188,0.27999999999999997,0.09199999999999997,0.17971666666666666,0.018207225366748105,0.123,0.21400000000000002,0.09100000000000003
129,..\data\music\DEAM\DEAM_audio\MEMD_audio\129.mp3,0.294053562,0.012737385999453059,0.2630662,0.3140123,0.05094610000000005,-0.09643837801666666,0.016307445612969682,-0.1383468,-0.07273829999999999,0.0656085
1290,..\data\music\DEAM\DEAM_audio\MEMD_audio\1290.mp3,0.4793333333333333,0.015089363435509413,0.446,0.506,0.06,0.5744666666666667,0.020970985246817134,0.546,0.615,0.06899999999999995
1291,..\data\music\DEAM\DEAM_audio\MEMD_audio\1291.mp3,-0.05065,0.02873315448513557,-0.12799999999999997,-0.01000000000000002,0.11799999999999995,0.02131666666666667,0.02977666405462879,-0.043,0.07500000000000002,0.11800000000000002
1292,..\data\music\DEAM\DEAM_audio\MEMD_audio\1292.mp3,0.3397833333333333,0.014921004955728989,0.31799999999999995,0.384,0.06600000000000006,0.25625000000000003,0.029710618191706034,0.20600000000000002,0.31399999999999995,0.10799999999999993
1293,..\data\music\DEAM\DEAM_audio\MEMD_audio\1293.mp3,0.16898333333333335,0.02453262566914154,0.10600000000000001,0.223,0.11699999999999999,0.21346666666666667,0.03971375356500846,0.13099999999999998,0.27099999999999996,0.13999999999999999
1294,..\data\music\DEAM\DEAM_audio\MEMD_audio\1294.mp3,0.3990166666666666,0.011032515075398205,0.375,0.42799999999999994,0.052999999999999936,0.38023333333333337,0.030244209730495884,0.32700000000000007,0.41800000000000004,0.09099999999999997
1295,..\data\music\DEAM\DEAM_audio\MEMD_audio\1295.mp3,0.48213333333333336,0.01700927851366881,0.42400000000000004,0.506,0.08199999999999996,0.5093,0.020411026431808862,0.426,0.5289999999999999,0.10299999999999992
1296,..\data\music\DEAM\DEAM_audio\MEMD_audio\1296.mp3,0.14668333333333336,0.01522880129520668,0.10800000000000001,0.173,0.06499999999999997,0.462,0.016360521589077373,0.4109999999999999,0.48999999999999994,0.07900000000000001
1297,..\data\music\DEAM\DEAM_audio\MEMD_audio\1297.mp3,0.10521666666666665,0.0216618648525211,0.0,0.14100000000000001,0.14100000000000001,-0.12389999999999998,0.02903716009989039,-0.19,-0.051000000000000004,0.139
1298,..\data\music\DEAM\DEAM_audio\MEMD_audio\1298.mp3,0.5062833333333333,0.013134041859060594,0.48200000000000004,0.5269999999999999,0.04499999999999987,0.3839666666666667,0.03245199874001942,0.32100000000000006,0.43600000000000005,0.11499999999999999
1299,..\data\music\DEAM\DEAM_audio\MEMD_audio\1299.mp3,0.06538333333333333,0.010841420058686447,0.045,0.086,0.040999999999999995,0.25283333333333335,0.018304978072158997,0.223,0.285,0.06199999999999997
13,..\data\music\DEAM\DEAM_audio\MEMD_audio\13.mp3,-0.22726066166666667,0.01668083509479358,-0.24737340000000002,-0.1834695,0.06390390000000001,-0.3289704818333333,0.01591782773697083,-0.3537148,-0.28889980000000004,0.06481499999999996
130,..\data\music\DEAM\DEAM_audio\MEMD_audio\130.mp3,-0.030708105349999997,0.05396637698872059,-0.13141809,0.03259839999999999,0.16401649,-0.22396552466666664,0.06939445055826482,-0.2984174,-0.05294409999999998,0.2454733
1300,..\data\music\DEAM\DEAM_audio\MEMD_audio\1300.mp3,0.3330333333333334,0.016436713648280053,0.28300000000000003,0.3530000000000001,0.07000000000000006,0.10136666666666667,0.04043429512458727,0.054000000000000006,0.192,0.138
1301,..\data\music\DEAM\DEAM_audio\MEMD_audio\1301.mp3,0.031216666666666667,0.026411545244877703,-0.03899999999999999,0.08499999999999999,0.12399999999999999,-0.20029999999999998,0.047112737131268435,-0.25799999999999995,-0.10800000000000001,0.14999999999999994
1302,..\data\music\DEAM\DEAM_audio\MEMD_audio\1302.mp3,0.007433333333333326,0.03547081742628565,-0.08700000000000001,0.093,0.18,0.06736666666666667,0.05831493995728901,-0.122,0.125,0.247
1303,..\data\music\DEAM\DEAM_audio\MEMD_audio\1303.mp3,0.32273333333333326,0.04974899217292971,0.23000000000000004,0.476,0.24599999999999994,0.5207,0.10490778490337756,0.271,0.629,0.358
1304,..\data\music\DEAM\DEAM_audio\MEMD_audio\1304.mp3,0.18729999999999997,0.048406025795693385,0.11699999999999997,0.25999999999999995,0.143,0.44033333333333335,0.05872468721831465,0.367,0.568,0.20099999999999996
1305,..\data\music\DEAM\DEAM_audio\MEMD_audio\1305.mp3,0.034266666666666654,0.017141437771928267,-0.01200000000000001,0.06000000000000001,0.07200000000000002,0.39105,0.04990872502211747,0.302,0.4800000000000001,0.1780000000000001
1306,..\data\music\DEAM\DEAM_audio\MEMD_audio\1306.mp3,0.3462000000000001,0.015321879780235836,0.30700000000000005,0.37,0.06299999999999994,0.28286666666666666,0.051122880287488584,0.17400000000000002,0.36100000000000004,0.18700000000000003
1307,..\data\music\DEAM\DEAM_audio\MEMD_audio\1307.mp3,0.15426666666666666,0.0470279585873009,0.064,0.25199999999999995,0.18799999999999994,0.34709999999999996,0.12708903703047456,0.031000000000000007,0.46499999999999997,0.43399999999999994
1308,..\data\music\DEAM\DEAM_audio\MEMD_audio\1308.mp3,0.3350666666666667,0.013242440191377958,0.30399999999999994,0.36100000000000004,0.057000000000000106,0.40340000000000004,0.03479856318872951,0.35500000000000004,0.461,0.10599999999999998
1309,..\data\music\DEAM\DEAM_audio\MEMD_audio\1309.mp3,0.5540166666666668,0.04378450702652202,0.389,0.5940000000000001,0.20500000000000007,0.5969666666666668,0.03612292285454703,0.48999999999999994,0.651,0.1610000000000001
131,..\data\music\DEAM\DEAM_audio\MEMD_audio\131.mp3,-0.028091894883333322,0.04308680855485933,-0.1395323,0.011151300000000015,0.1506836,0.32074234483333336,0.07586359841184373,0.12110669999999998,0.39320560000000004,0.27209890000000003
1310,..\data\music\DEAM\DEAM_audio\MEMD_audio\1310.mp3,0.0747,0.018785011755829882,0.036999999999999984,0.10700000000000003,0.07000000000000003,0.08443333333333333,0.051201030805595654,-0.060999999999999985,0.133,0.194
1311,..\data\music\DEAM\DEAM_audio\MEMD_audio\1311.mp3,-0.14453333333333332,0.019266955015143306,-0.18,-0.10799999999999998,0.07200000000000001,-0.06258333333333331,0.03106460561832746,-0.16499999999999998,-0.01499999999999998,0.15
1312,..\data\music\DEAM\DEAM_audio\MEMD_audio\1312.mp3,0.11666666666666667,0.013402321523610082,0.088,0.13899999999999998,0.05099999999999999,0.052733333333333327,0.03316266307494352,-0.014999999999999996,0.11700000000000003,0.13200000000000003
1313,..\data\music\DEAM\DEAM_audio\MEMD_audio\1313.mp3,0.05949999999999999,0.016692812824685956,0.03000000000000001,0.09,0.059999999999999984,0.005583333333333339,0.04422905970312078,-0.028000000000000004,0.10900000000000001,0.137
1314,..\data\music\DEAM\DEAM_audio\MEMD_audio\1314.mp3,0.03435,0.06766136884022768,-0.096,0.12,0.216,0.047749999999999994,0.03118633514858711,-0.020999999999999998,0.10499999999999998,0.12599999999999997
1315,..\data\music\DEAM\DEAM_audio\MEMD_audio\1315.mp3,0.4852166666666667,0.04721831977339115,0.379,0.5200000000000001,0.14100000000000013,0.49624999999999997,0.06547967241823985,0.34700000000000003,0.554,0.20700000000000002
1316,..\data\music\DEAM\DEAM_audio\MEMD_audio\1316.mp3,0.17393333333333333,0.03144776974957402,0.10299999999999998,0.22199999999999998,0.119,0.0464,0.06972235413887476,-0.077,0.12999999999999998,0.20699999999999996
1317,..\data\music\DEAM\DEAM_audio\MEMD_audio\1317.mp3,0.2401,0.02878234412505926,0.16899999999999998,0.298,0.129,0.49768333333333337,0.01598175174656673,0.46299999999999997,0.529,0.06600000000000006
1318,..\data\music\DEAM\DEAM_audio\MEMD_audio\1318.mp3,0.1403666666666667,0.01726167881625525,0.11300000000000003,0.16499999999999998,0.05199999999999995,0.33201666666666657,0.01841873291576331,0.293,0.37900000000000006,0.08600000000000008
1319,..\data\music\DEAM\DEAM_audio\MEMD_audio\1319.mp3,0.4491833333333334,0.01023310260326206,0.43500000000000005,0.483,0.04799999999999993,0.4540833333333334,0.007010210806784324,0.43099999999999994,0.466,0.03500000000000009
1320,..\data\music\DEAM\DEAM_audio\MEMD_audio\1320.mp3,-0.2808666666666667,0.021203354032374746,-0.32700000000000007,-0.258,0.06900000000000006,0.5281666666666667,0.0461689530119779,0.417,0.5770000000000001,0.1600000000000001
1321,..\data\music\DEAM\DEAM_audio\MEMD_audio\1321.mp3,0.001983333333333331,0.005835213982556447,-0.009000000000000008,0.017000000000000005,0.026000000000000013,0.42940000000000006,0.019238156529841077,0.387,0.454,0.067
1322,..\data\music\DEAM\DEAM_audio\MEMD_audio\1322.mp3,0.42755000000000004,0.06021943899882605,0.286,0.48600000000000004,0.20000000000000007,0.27975,0.061516020948475955,0.135,0.341,0.20600000000000002
1323,..\data\music\DEAM\DEAM_audio\MEMD_audio\1323.mp3,0.2950333333333334,0.013276503890541202,0.274,0.321,0.046999999999999986,0.11510000000000001,0.03610849392225233,0.08399999999999999,0.193,0.10900000000000001
1324,..\data\music\DEAM\DEAM_audio\MEMD_audio\1324.mp3,0.3039833333333333,0.019134168100256907,0.25199999999999995,0.356,0.10400000000000004,0.6035,0.017673426379737463,0.5700000000000001,0.6399999999999999,0.06999999999999984
1325,..\data\music\DEAM\DEAM_audio\MEMD_audio\1325.mp3,0.18656666666666666,0.039538321776333506,0.11800000000000002,0.322,0.204,0.45925,0.03198365467964328,0.358,0.546,0.18800000000000006
1326,..\data\music\DEAM\DEAM_audio\MEMD_audio\1326.mp3,0.3829333333333333,0.047958963940250225,0.272,0.4330000000000001,0.1610000000000001,0.21250000000000002,0.0517025144456244,0.134,0.39,0.256
1327,..\data\music\DEAM\DEAM_audio\MEMD_audio\1327.mp3,0.20853333333333332,0.015962943198406604,0.185,0.265,0.08000000000000002,-0.2241,0.026144916650597056,-0.263,-0.16299999999999998,0.10000000000000003
1328,..\data\music\DEAM\DEAM_audio\MEMD_audio\1328.mp3,0.04513333333333334,0.028250349063723475,-0.006999999999999984,0.09,0.09699999999999998,-0.12033333333333333,0.06985142963620875,-0.21600000000000003,-0.019999999999999997,0.19600000000000004
1329,..\data\music\DEAM\DEAM_audio\MEMD_audio\1329.mp3,0.20105,0.01282630760065681,0.17300000000000001,0.229,0.055999999999999994,0.15071666666666672,0.01701674828579838,0.121,0.20399999999999996,0.08299999999999996
133,..\data\music\DEAM\DEAM_audio\MEMD_audio\133.mp3,-0.5931491433333334,0.03347249561911674,-0.6212860000000001,-0.401124,0.22016200000000014,-0.3660107983725,0.02360253238857288,-0.4241293,-0.3471733,0.07695599999999997
1330,..\data\music\DEAM\DEAM_audio\MEMD_audio\1330.mp3,0.11171666666666667,0.022863429071092737,0.06,0.14999999999999997,0.08999999999999997,0.6070166666666666,0.05285467234681234,0.523,0.7140000000000001,0.19100000000000006
1331,..\data\music\DEAM\DEAM_audio\MEMD_audio\1331.mp3,0.14814999999999998,0.1219826251288819,-0.126,0.254,0.38,0.0762,0.047913741939726084,-0.020999999999999994,0.205,0.22599999999999998
1332,..\data\music\DEAM\DEAM_audio\MEMD_audio\1332.mp3,-0.4125,0.018859568747278756,-0.45899999999999996,-0.39299999999999996,0.066,-0.37776666666666675,0.05272613730926584,-0.46299999999999997,-0.262,0.20099999999999996
1333,..\data\music\DEAM\DEAM_audio\MEMD_audio\1333.mp3,-0.11303333333333333,0.02631347352382214,-0.172,-0.06299999999999999,0.109,0.46158333333333335,0.06401908352636387,0.35500000000000004,0.5539999999999999,0.1989999999999999
1334,..\data\music\DEAM\DEAM_audio\MEMD_audio\1334.mp3,-0.23661666666666664,0.05455214376070741,-0.336,-0.15199999999999997,0.18400000000000005,0.6905,0.05569485314341595,0.62,0.8,0.18000000000000005
1335,..\data\music\DEAM\DEAM_audio\MEMD_audio\1335.mp3,0.14535000000000003,0.015551875556772345,0.10500000000000001,0.16899999999999998,0.06399999999999997,0.33525000000000005,0.013679211721928031,0.305,0.356,0.05099999999999999
1336,..\data\music\DEAM\DEAM_audio\MEMD_audio\1336.mp3,0.026399999999999996,0.026279396238625168,-0.03200000000000002,0.05799999999999998,0.09,-0.008949999999999998,0.040159027627670464,-0.059,0.05600000000000001,0.115
1337,..\data\music\DEAM\DEAM_audio\MEMD_audio\1337.mp3,0.05545,0.03395213542621435,-0.004999999999999982,0.145,0.14999999999999997,0.5780666666666667,0.02037143970257269,0.5320000000000001,0.63,0.09799999999999986
1338,..\data\music\DEAM\DEAM_audio\MEMD_audio\1338.mp3,0.34235,0.032376341671041226,0.286,0.3989999999999999,0.11299999999999993,0.4404833333333334,0.050504947502420225,0.364,0.5069999999999999,0.1429999999999999
1339,..\data\music\DEAM\DEAM_audio\MEMD_audio\1339.mp3,0.5091,0.0573482635598789,0.4,0.614,0.21399999999999997,0.5601000000000002,0.06440877269440863,0.458,0.6859999999999999,0.22799999999999992
134,..\data\music\DEAM\DEAM_audio\MEMD_audio\134.mp3,0.16022345916666667,0.04347699003454633,0.10514329999999998,0.2151123,0.10996900000000003,0.04075483883333334,0.06882358838560518,-0.06731699999999999,0.15658940000000002,0.2239064
1340,..\data\music\DEAM\DEAM_audio\MEMD_audio\1340.mp3,0.33328333333333326,0.06933519829222543,0.17099999999999996,0.395,0.22400000000000006,0.4043833333333334,0.10623999430011698,0.12899999999999998,0.48599999999999993,0.357
1341,..\data\music\DEAM\DEAM_audio\MEMD_audio\1341.mp3,-0.17058333333333334,0.017399513083864032,-0.191,-0.13099999999999998,0.060000000000000026,-0.08783333333333335,0.05662483750283283,-0.137,0.06100000000000001,0.198
1342,..\data\music\DEAM\DEAM_audio\MEMD_audio\1342.mp3,0.4819333333333333,0.02570399882422101,0.42800000000000005,0.5219999999999999,0.09399999999999986,0.4892333333333333,0.02490406035613915,0.45499999999999996,0.57,0.11499999999999999
1343,..\data\music\DEAM\DEAM_audio\MEMD_audio\1343.mp3,0.36765000000000003,0.06414536226415748,0.296,0.49800000000000005,0.20200000000000007,0.34626666666666667,0.10112036831859786,0.22599999999999998,0.531,0.30500000000000005
1344,..\data\music\DEAM\DEAM_audio\MEMD_audio\1344.mp3,0.3758,0.05948439571293745,0.29800000000000004,0.445,0.14699999999999996,0.31360000000000005,0.024020269218585643,0.22600000000000003,0.346,0.11999999999999994
1345,..\data\music\DEAM\DEAM_audio\MEMD_audio\1345.mp3,-0.09854999999999998,0.015537508380260545,-0.132,-0.05800000000000001,0.074,0.02123333333333334,0.047180987225317314,-0.039,0.12599999999999997,0.16499999999999998
1346,..\data\music\DEAM\DEAM_audio\MEMD_audio\1346.mp3,0.35978333333333334,0.03155159355017677,0.271,0.40099999999999997,0.12999999999999995,0.40706666666666663,0.035101693533060314,0.319,0.45199999999999996,0.13299999999999995
1347,..\data\music\DEAM\DEAM_audio\MEMD_audio\1347.mp3,0.0654,0.01973676771915807,0.03600000000000001,0.12,0.08399999999999999,0.2159333333333334,0.02050273694466722,0.178,0.286,0.10799999999999998
1348,..\data\music\DEAM\DEAM_audio\MEMD_audio\1348.mp3,0.38695,0.035863828109484734,0.308,0.442,0.134,0.5945333333333332,0.013420713675343641,0.5609999999999999,0.619,0.05800000000000005
1349,..\data\music\DEAM\DEAM_audio\MEMD_audio\1349.mp3,0.2779833333333333,0.02651508480511089,0.203,0.306,0.10299999999999998,0.24893333333333334,0.05075853513340284,0.164,0.31900000000000006,0.15500000000000005
135,..\data\music\DEAM\DEAM_audio\MEMD_audio\135.mp3,-0.2904125721666667,0.02350109544472569,-0.317494,-0.2031364,0.1143576,-0.11131620433333334,0.052544198038849424,-0.1900197,-0.0501689,0.1398508
1350,..\data\music\DEAM\DEAM_audio\MEMD_audio\1350.mp3,-0.17108333333333328,0.017544506895955277,-0.202,-0.12799999999999997,0.07400000000000004,-0.10145,0.025068190334897857,-0.14100000000000001,-0.05500000000000001,0.08600000000000001
1351,..\data\music\DEAM\DEAM_audio\MEMD_audio\1351.mp3,0.46773333333333333,0.04644131302574847,0.364,0.565,0.20099999999999996,0.43898333333333345,0.04684957903285317,0.356,0.513,0.15700000000000003
1352,..\data\music\DEAM\DEAM_audio\MEMD_audio\1352.mp3,0.5814833333333334,0.010542756860623422,0.557,0.602,0.04499999999999993,0.5814666666666665,0.01281596226932996,0.559,0.612,0.052999999999999936
1353,..\data\music\DEAM\DEAM_audio\MEMD_audio\1353.mp3,0.15149999999999997,0.044167295593006375,0.07999999999999999,0.255,0.17500000000000002,0.4549074074074074,0.042446912700515836,0.3844444444444444,0.5222222222222223,0.13777777777777783
1354,..\data\music\DEAM\DEAM_audio\MEMD_audio\1354.mp3,0.07088333333333333,0.019092836061960224,0.021999999999999992,0.10200000000000001,0.08000000000000002,-0.2603666666666667,0.07194626853114452,-0.36100000000000004,-0.11399999999999999,0.24700000000000005
1355,..\data\music\DEAM\DEAM_audio\MEMD_audio\1355.mp3,0.38855,0.03139608521243797,0.314,0.43099999999999994,0.11699999999999994,-0.011083333333333329,0.04114579430377896,-0.071,0.05899999999999998,0.12999999999999998
1356,..\data\music\DEAM\DEAM_audio\MEMD_audio\1356.mp3,0.05448333333333333,0.044206896772135254,0.009999999999999976,0.16599999999999998,0.156,0.15953333333333336,0.06685343837247433,0.014000000000000023,0.24500000000000002,0.231
1357,..\data\music\DEAM\DEAM_audio\MEMD_audio\1357.mp3,-0.24983333333333332,0.06128163582092835,-0.32399999999999995,-0.15900000000000003,0.16499999999999992,0.4924999999999999,0.027277279923042175,0.39899999999999997,0.5229999999999999,0.12399999999999994
1358,..\data\music\DEAM\DEAM_audio\MEMD_audio\1358.mp3,0.3941666666666667,0.03484306084271141,0.314,0.454,0.14,0.5245833333333333,0.022463519809286826,0.492,0.562,0.07000000000000006
1359,..\data\music\DEAM\DEAM_audio\MEMD_audio\1359.mp3,-0.17015000000000005,0.030653344026386427,-0.229,-0.097,0.132,0.01311666666666667,0.021688008719617905,-0.043,0.054000000000000006,0.097
136,..\data\music\DEAM\DEAM_audio\MEMD_audio\136.mp3,0.2929338290666667,0.03547896218704612,0.2327004,0.3313048,0.09860440000000001,0.466735555,0.0210669843630219,0.43445999999999996,0.501355,0.06689500000000004
1360,..\data\music\DEAM\DEAM_audio\MEMD_audio\1360.mp3,0.19438333333333332,0.015052233130742509,0.16899999999999998,0.23500000000000001,0.06600000000000003,-0.12658333333333333,0.023865101205642426,-0.16299999999999998,-0.048999999999999995,0.11399999999999999
1361,..\data\music\DEAM\DEAM_audio\MEMD_audio\1361.mp3,0.08115,0.008705984531726822,0.06599999999999999,0.101,0.03500000000000002,-0.21363333333333337,0.05241658982506291,-0.27799999999999997,-0.098,0.17999999999999997
1362,..\data\music\DEAM\DEAM_audio\MEMD_audio\1362.mp3,-0.03765,0.013434811746603178,-0.05300000000000001,0.004999999999999993,0.058,0.47766666666666674,0.004422166387140531,0.466,0.487,0.020999999999999963
1363,..\data\music\DEAM\DEAM_audio\MEMD_audio\1363.mp3,0.13178333333333334,0.020472006632364002,0.10200000000000001,0.173,0.07099999999999998,0.17738333333333334,0.01966222407449257,0.14100000000000001,0.238,0.09699999999999998
1364,..\data\music\DEAM\DEAM_audio\MEMD_audio\1364.mp3,-0.01915000000000001,0.03209819569176228,-0.09100000000000001,0.033999999999999996,0.125,0.46413333333333334,0.0359863245630275,0.346,0.506,0.16000000000000003
1365,..\data\music\DEAM\DEAM_audio\MEMD_audio\1365.mp3,0.4595,0.031069009210680218,0.371,0.501,0.13,0.48311666666666664,0.06791001194391165,0.33499999999999996,0.5589999999999999,0.22399999999999998
1366,..\data\music\DEAM\DEAM_audio\MEMD_audio\1366.mp3,0.28913333333333324,0.05515567866402234,0.223,0.399,0.17600000000000002,0.5016666666666667,0.025198985870246614,0.458,0.546,0.08800000000000002
1367,..\data\music\DEAM\DEAM_audio\MEMD_audio\1367.mp3,0.5666999999999999,0.04551823810298461,0.481,0.626,0.14500000000000002,0.6230999999999999,0.03449188310313022,0.488,0.6599999999999999,0.17199999999999993
1368,..\data\music\DEAM\DEAM_audio\MEMD_audio\1368.mp3,-0.06265,0.015708622897419536,-0.097,-0.02799999999999999,0.069,-0.047833333333333325,0.013877039389661698,-0.06799999999999999,0.006000000000000005,0.074
1369,..\data\music\DEAM\DEAM_audio\MEMD_audio\1369.mp3,0.6197333333333332,0.02264572562071898,0.5640000000000001,0.657,0.09299999999999997,0.6255166666666665,0.0408735822044291,0.528,0.677,0.14900000000000002
137,..\data\music\DEAM\DEAM_audio\MEMD_audio\137.mp3,0.21678148583333334,0.04228878174236202,0.09797898000000001,0.2531399,0.15516091999999998,-0.1953748516666667,0.011476190603280801,-0.21022220000000003,-0.155875,0.05434720000000001
1370,..\data\music\DEAM\DEAM_audio\MEMD_audio\1370.mp3,-0.015716666666666667,0.02975628318336968,-0.06399999999999999,0.06699999999999999,0.13099999999999998,0.057566666666666676,0.02146809001492422,0.022,0.151,0.129
1371,..\data\music\DEAM\DEAM_audio\MEMD_audio\1371.mp3,0.27938333333333343,0.010316801291528727,0.255,0.31,0.05499999999999999,0.2738833333333333,0.02732281809932659,0.236,0.349,0.11299999999999999
1372,..\data\music\DEAM\DEAM_audio\MEMD_audio\1372.mp3,0.12304999999999996,0.02896689202060403,0.057999999999999975,0.184,0.12600000000000003,0.21075000000000002,0.0720350898289623,0.10400000000000001,0.32400000000000007,0.22000000000000006
1373,..\data\music\DEAM\DEAM_audio\MEMD_audio\1373.mp3,0.51015,0.017653918356368734,0.48,0.5469999999999999,0.06699999999999995,0.48495000000000005,0.034498997569977784,0.386,0.533,0.14700000000000002
1374,..\data\music\DEAM\DEAM_audio\MEMD_audio\1374.mp3,0.34539999999999993,0.02247531979750232,0.31000000000000005,0.387,0.07699999999999996,0.18391666666666667,0.019213963383146355,0.14100000000000001,0.23900000000000002,0.098
1375,..\data\music\DEAM\DEAM_audio\MEMD_audio\1375.mp3,0.25339999999999996,0.008458132181516207,0.23099999999999996,0.2800000000000001,0.04900000000000013,0.47859999999999997,0.009991996797437461,0.45099999999999996,0.4990000000000001,0.048000000000000154
1376,..\data\music\DEAM\DEAM_audio\MEMD_audio\1376.mp3,0.5143333333333333,0.02734511941015354,0.43200000000000005,0.55,0.118,0.5129166666666667,0.04755042644977599,0.4539999999999999,0.615,0.1610000000000001
1377,..\data\music\DEAM\DEAM_audio\MEMD_audio\1377.mp3,-0.22081666666666672,0.03648812211604697,-0.274,-0.11699999999999999,0.15700000000000003,-0.04561666666666666,0.029501464182119654,-0.10900000000000001,-0.003000000000000011,0.106
1378,..\data\music\DEAM\DEAM_audio\MEMD_audio\1378.mp3,0.19131666666666666,0.05201906434717523,0.12599999999999997,0.30200000000000005,0.17600000000000007,0.40791666666666676,0.03773296157060679,0.329,0.45100000000000007,0.12200000000000005
1379,..\data\music\DEAM\DEAM_audio\MEMD_audio\1379.mp3,0.17751666666666663,0.038847776284135264,0.12799999999999997,0.279,0.15100000000000005,0.3807333333333334,0.021677843271157966,0.35500000000000004,0.449,0.09399999999999997
138,..\data\music\DEAM\DEAM_audio\MEMD_audio\138.mp3,-0.430670685,0.0434447169114605,-0.526431,-0.372695,0.15373599999999998,-0.09035304426666664,0.019952637377388806,-0.12708619999999998,-0.05588109999999998,0.0712051
1380,..\data\music\DEAM\DEAM_audio\MEMD_audio\1380.mp3,0.0871,0.05469268689687863,0.010999999999999992,0.22700000000000004,0.21600000000000005,0.25193333333333334,0.05769542635445398,0.119,0.3350000000000001,0.21600000000000008
1381,..\data\music\DEAM\DEAM_audio\MEMD_audio\1381.mp3,0.3647000000000001,0.03108284628751578,0.21600000000000003,0.399,0.183,0.678,0.028674030062061383,0.549,0.711,0.16199999999999992
1382,..\data\music\DEAM\DEAM_audio\MEMD_audio\1382.mp3,0.22358333333333333,0.014697269209694101,0.17200000000000001,0.24900000000000003,0.07700000000000001,0.3479166666666667,0.03434253517465218,0.233,0.38,0.147
1383,..\data\music\DEAM\DEAM_audio\MEMD_audio\1383.mp3,0.2780166666666667,0.02703299938141448,0.202,0.311,0.10899999999999999,-0.060933333333333346,0.054567043370721685,-0.248,-0.017000000000000008,0.23099999999999998
1384,..\data\music\DEAM\DEAM_audio\MEMD_audio\1384.mp3,0.15273333333333336,0.04140284477612083,0.07400000000000001,0.209,0.13499999999999998,0.19254999999999997,0.07481453178806018,0.098,0.34199999999999997,0.24399999999999997
1385,..\data\music\DEAM\DEAM_audio\MEMD_audio\1385.mp3,0.41258333333333336,0.022182794884524563,0.37300000000000005,0.454,0.08099999999999996,0.45890000000000003,0.016497171474730645,0.42300000000000004,0.489,0.06599999999999995
1386,..\data\music\DEAM\DEAM_audio\MEMD_audio\1386.mp3,0.2436333333333333,0.06350983300945523,0.13699999999999998,0.321,0.18400000000000002,0.2934833333333334,0.05629431340927983,0.15399999999999997,0.366,0.21200000000000002
1387,..\data\music\DEAM\DEAM_audio\MEMD_audio\1387.mp3,0.24731666666666666,0.01417214599918524,0.217,0.277,0.060000000000000026,0.16413333333333335,0.018499969969945598,0.122,0.193,0.07100000000000001
1388,..\data\music\DEAM\DEAM_audio\MEMD_audio\1388.mp3,0.28126666666666666,0.053035480786189,0.186,0.393,0.20700000000000002,0.6092333333333332,0.09108061752584294,0.49399999999999994,0.76,0.26600000000000007
1389,..\data\music\DEAM\DEAM_audio\MEMD_audio\1389.mp3,-0.09448333333333332,0.03131798826375807,-0.14500000000000002,-0.04200000000000002,0.103,-0.16810000000000003,0.013687829143683328,-0.197,-0.14300000000000002,0.05399999999999999
1390,..\data\music\DEAM\DEAM_audio\MEMD_audio\1390.mp3,0.44863333333333333,0.021357252216102678,0.41,0.483,0.07300000000000001,0.52695,0.029505606811813464,0.42799999999999994,0.5660000000000001,0.13800000000000012
1391,..\data\music\DEAM\DEAM_audio\MEMD_audio\1391.mp3,-0.011433333333333342,0.019887489087922147,-0.04399999999999999,0.06200000000000001,0.10600000000000001,0.4080333333333333,0.040810932631124994,0.281,0.45200000000000007,0.17100000000000004
1392,..\data\music\DEAM\DEAM_audio\MEMD_audio\1392.mp3,0.57035,0.012957398144174893,0.5429999999999999,0.609,0.06600000000000006,0.6323666666666665,0.025778522498821038,0.601,0.6779999999999999,0.07699999999999996
1393,..\data\music\DEAM\DEAM_audio\MEMD_audio\1393.mp3,0.31781666666666664,0.04347623552649833,0.257,0.39099999999999996,0.13399999999999995,0.18265000000000003,0.038879225386659486,0.098,0.273,0.17500000000000002
1394,..\data\music\DEAM\DEAM_audio\MEMD_audio\1394.mp3,0.28035000000000004,0.024468908843673424,0.22999999999999998,0.31599999999999995,0.08599999999999997,0.011333333333333332,0.02212665561915964,-0.023999999999999997,0.05900000000000001,0.083
1395,..\data\music\DEAM\DEAM_audio\MEMD_audio\1395.mp3,-0.08839999999999999,0.016454178800535745,-0.146,-0.06599999999999999,0.08,-0.0484,0.03101623230933549,-0.096,-0.003999999999999981,0.09200000000000003
1396,..\data\music\DEAM\DEAM_audio\MEMD_audio\1396.mp3,0.2698166666666666,0.08840522074829943,0.03700000000000001,0.358,0.32099999999999995,0.4941666666666666,0.05638503544578315,0.38499999999999995,0.558,0.1730000000000001
1397,..\data\music\DEAM\DEAM_audio\MEMD_audio\1397.mp3,-0.07655000000000002,0.03500639227341201,-0.183,-0.02300000000000002,0.15999999999999998,-0.04786666666666666,0.01823043852705932,-0.09400000000000001,-0.009000000000000008,0.085
1398,..\data\music\DEAM\DEAM_audio\MEMD_audio\1398.mp3,0.5350666666666667,0.04748433659873771,0.44700000000000006,0.588,0.1409999999999999,0.7482666666666665,0.044430044889566436,0.657,0.808,0.15100000000000002
1399,..\data\music\DEAM\DEAM_audio\MEMD_audio\1399.mp3,0.21661666666666662,0.05187937665606847,0.10200000000000001,0.299,0.19699999999999998,0.39518333333333333,0.05964715463084183,0.29300000000000004,0.516,0.22299999999999998
140,..\data\music\DEAM\DEAM_audio\MEMD_audio\140.mp3,-0.10312981166666667,0.01803426158278636,-0.1474411,-0.07217359999999999,0.0752675,0.010820495866666668,0.025709291972483325,-0.04152670000000001,0.05652300000000001,0.09804970000000002
1400,..\data\music\DEAM\DEAM_audio\MEMD_audio\1400.mp3,0.3514666666666667,0.007383465010112499,0.32599999999999996,0.36900000000000005,0.043000000000000094,0.5106499999999999,0.018164824065576114,0.471,0.5479999999999999,0.07699999999999996
1401,..\data\music\DEAM\DEAM_audio\MEMD_audio\1401.mp3,0.3073833333333334,0.02862987464559044,0.23399999999999999,0.35,0.11599999999999999,0.3218666666666667,0.038746383343767996,0.225,0.378,0.153
1402,..\data\music\DEAM\DEAM_audio\MEMD_audio\1402.mp3,0.14595,0.022922641645325256,0.093,0.188,0.095,-0.05193333333333334,0.0181630271583664,-0.097,-0.023000000000000003,0.074
1403,..\data\music\DEAM\DEAM_audio\MEMD_audio\1403.mp3,0.3496333333333333,0.013299081004173026,0.324,0.38100000000000006,0.05700000000000005,0.20375,0.017884467189901603,0.16799999999999998,0.229,0.061000000000000026
1404,..\data\music\DEAM\DEAM_audio\MEMD_audio\1404.mp3,-0.2107833333333333,0.031104175318150167,-0.266,-0.155,0.11100000000000002,-0.08349999999999998,0.11366493156055946,-0.329,0.038,0.367
1405,..\data\music\DEAM\DEAM_audio\MEMD_audio\1405.mp3,-0.21976666666666667,0.020854549197290795,-0.253,-0.17200000000000001,0.08099999999999999,-0.2693666666666667,0.04739091567894514,-0.365,-0.181,0.184
1406,..\data\music\DEAM\DEAM_audio\MEMD_audio\1406.mp3,0.01608333333333333,0.017218489738908258,-0.015000000000000003,0.059,0.074,0.008516666666666669,0.01895652189148163,-0.027000000000000003,0.04599999999999999,0.073
1407,..\data\music\DEAM\DEAM_audio\MEMD_audio\1407.mp3,-0.1633166666666667,0.061566357606154434,-0.246,-0.0009999999999999911,0.245,-0.023933333333333324,0.04789810945004916,-0.123,0.068,0.191
1408,..\data\music\DEAM\DEAM_audio\MEMD_audio\1408.mp3,-0.03983333333333332,0.08046659072075951,-0.11599999999999996,0.145,0.26099999999999995,0.3588833333333334,0.05329136630095181,0.128,0.41600000000000004,0.28800000000000003
1409,..\data\music\DEAM\DEAM_audio\MEMD_audio\1409.mp3,0.20765,0.025150762082555938,0.17,0.272,0.10200000000000001,0.08070000000000001,0.01658844979697219,0.05299999999999999,0.132,0.07900000000000001
1410,..\data\music\DEAM\DEAM_audio\MEMD_audio\1410.mp3,0.3316,0.03028817150858291,0.254,0.375,0.121,0.15908333333333333,0.017993787508162055,0.11300000000000002,0.181,0.06799999999999998
1411,..\data\music\DEAM\DEAM_audio\MEMD_audio\1411.mp3,-0.033549999999999996,0.04059574074538691,-0.10200000000000001,0.03599999999999999,0.138,-0.056850000000000005,0.013558300040934333,-0.086,-0.032999999999999995,0.053
1412,..\data\music\DEAM\DEAM_audio\MEMD_audio\1412.mp3,0.09338333333333332,0.016906696569374192,0.068,0.127,0.059,-0.07775,0.022759338742590916,-0.10300000000000001,-0.031000000000000007,0.07200000000000001
1413,..\data\music\DEAM\DEAM_audio\MEMD_audio\1413.mp3,0.09271666666666668,0.029409234188525812,0.049,0.166,0.117,0.21923333333333336,0.018337908520027275,0.189,0.26000000000000006,0.07100000000000006
1414,..\data\music\DEAM\DEAM_audio\MEMD_audio\1414.mp3,-0.16693333333333335,0.007635152621628173,-0.183,-0.152,0.031,0.2753333333333334,0.02383601383527782,0.20900000000000002,0.31,0.10099999999999998
1415,..\data\music\DEAM\DEAM_audio\MEMD_audio\1415.mp3,0.30906666666666666,0.02611823543469624,0.256,0.35300000000000004,0.09700000000000003,0.30531666666666674,0.014675934571793222,0.264,0.32900000000000007,0.06500000000000006
1416,..\data\music\DEAM\DEAM_audio\MEMD_audio\1416.mp3,-0.013166666666666663,0.0643312175817896,-0.08199999999999999,0.16,0.242,-0.20808333333333331,0.07472087875702628,-0.289,-0.038,0.251
1417,..\data\music\DEAM\DEAM_audio\MEMD_audio\1417.mp3,-0.022483333333333334,0.032337538386353545,-0.087,0.02,0.107,-0.17473333333333335,0.049328783573983355,-0.28700000000000003,-0.10300000000000001,0.18400000000000002
1418,..\data\music\DEAM\DEAM_audio\MEMD_audio\1418.mp3,0.0487,0.016683624706080313,0.015999999999999993,0.07599999999999998,0.05999999999999999,0.11428333333333333,0.04283304474610954,0.03500000000000001,0.2,0.165
1419,..\data\music\DEAM\DEAM_audio\MEMD_audio\1419.mp3,-0.3242166666666667,0.00997177962496609,-0.34500000000000003,-0.29500000000000004,0.04999999999999999,-0.22346666666666665,0.06903440366142731,-0.31099999999999994,-0.087,0.22399999999999995
142,..\data\music\DEAM\DEAM_audio\MEMD_audio\142.mp3,0.14020505683333334,0.019824747496599755,0.1135278,0.19414979999999998,0.08062199999999999,-0.008183967666666668,0.029678503102160456,-0.09285280000000001,0.042865600000000004,0.13571840000000002
1420,..\data\music\DEAM\DEAM_audio\MEMD_audio\1420.mp3,0.1645,0.046035674572371954,0.030000000000000006,0.22599999999999998,0.19599999999999998,-0.07745,0.03985031367505154,-0.16299999999999998,0.014999999999999994,0.17799999999999996
1421,..\data\music\DEAM\DEAM_audio\MEMD_audio\1421.mp3,0.2528833333333333,0.016235857093346066,0.22799999999999998,0.29,0.062,0.011233333333333335,0.01205178640515818,-0.017000000000000008,0.047999999999999994,0.065
1422,..\data\music\DEAM\DEAM_audio\MEMD_audio\1422.mp3,0.018400000000000014,0.045895969321935015,-0.037,0.1,0.137,-0.12133333333333331,0.009023426301700598,-0.13999999999999999,-0.10200000000000001,0.03799999999999998
1423,..\data\music\DEAM\DEAM_audio\MEMD_audio\1423.mp3,-0.022933333333333337,0.048977160209859275,-0.19699999999999998,0.016000000000000004,0.213,0.44931666666666664,0.040077213670058905,0.32499999999999996,0.526,0.20100000000000007
1424,..\data\music\DEAM\DEAM_audio\MEMD_audio\1424.mp3,-0.002866666666666677,0.011320286608071764,-0.01900000000000001,0.052000000000000005,0.07100000000000001,0.006200000000000008,0.008001666493091716,-0.013000000000000008,0.020000000000000025,0.03300000000000003
1425,..\data\music\DEAM\DEAM_audio\MEMD_audio\1425.mp3,0.13015,0.013259996229260397,0.08600000000000002,0.148,0.06199999999999997,0.39285,0.010401642498503148,0.361,0.40800000000000003,0.04700000000000004
1426,..\data\music\DEAM\DEAM_audio\MEMD_audio\1426.mp3,0.5844833333333334,0.030182495847022896,0.526,0.624,0.09799999999999998,0.5686833333333333,0.036760708946131884,0.5120000000000001,0.626,0.11399999999999988
1427,..\data\music\DEAM\DEAM_audio\MEMD_audio\1427.mp3,0.09100000000000001,0.03664469038391966,0.03700000000000001,0.144,0.10699999999999998,0.34718333333333334,0.050165888698286684,0.259,0.41500000000000004,0.15600000000000003
1428,..\data\music\DEAM\DEAM_audio\MEMD_audio\1428.mp3,0.05418333333333333,0.14532991108356036,-0.10499999999999998,0.242,0.347,-0.1005,0.18080104166366595,-0.374,0.11699999999999999,0.491
1429,..\data\music\DEAM\DEAM_audio\MEMD_audio\1429.mp3,-0.29755,0.019487966372439512,-0.36100000000000004,-0.25,0.11100000000000004,-0.26576666666666665,0.049141756401478186,-0.33699999999999997,-0.16099999999999995,0.17600000000000002
143,..\data\music\DEAM\DEAM_audio\MEMD_audio\143.mp3,0.01951262416666667,0.02134113893131685,-0.0208329,0.0827321,0.103565,-0.17757984683333333,0.03362888870936676,-0.2177826,-0.10465289999999998,0.11312970000000001
1430,..\data\music\DEAM\DEAM_audio\MEMD_audio\1430.mp3,0.10586666666666668,0.02003535763483037,0.042,0.135,0.093,-0.03093333333333333,0.02267220520568939,-0.087,0.009000000000000008,0.096
1431,..\data\music\DEAM\DEAM_audio\MEMD_audio\1431.mp3,-0.03348333333333333,0.028731220920029762,-0.08900000000000002,0.030000000000000006,0.11900000000000002,-0.03548333333333333,0.07920532214160583,-0.21200000000000002,0.05200000000000001,0.264
1432,..\data\music\DEAM\DEAM_audio\MEMD_audio\1432.mp3,-0.14028333333333334,0.012012620678085008,-0.17,-0.11700000000000002,0.05299999999999999,-0.2059833333333333,0.020376859151716414,-0.24100000000000002,-0.14500000000000002,0.096
1433,..\data\music\DEAM\DEAM_audio\MEMD_audio\1433.mp3,-0.049699999999999994,0.028144448830986192,-0.11900000000000002,-0.001999999999999996,0.11700000000000002,0.03955,0.024501309488814405,0.0020000000000000018,0.08200000000000002,0.08000000000000002
1434,..\data\music\DEAM\DEAM_audio\MEMD_audio\1434.mp3,-0.18503333333333333,0.012055381463156697,-0.20800000000000002,-0.15700000000000003,0.05099999999999999,-0.11775000000000001,0.029679748988156885,-0.179,-0.074,0.105
1435,..\data\music\DEAM\DEAM_audio\MEMD_audio\1435.mp3,-0.14466666666666667,0.018929401000090364,-0.16899999999999998,-0.07899999999999999,0.09,0.32198333333333323,0.04459390528860293,0.19499999999999998,0.38,0.18500000000000003
1436,..\data\music\DEAM\DEAM_audio\MEMD_audio\1436.mp3,0.11641666666666664,0.024976850393025045,0.061,0.179,0.118,0.11863333333333331,0.03726659212872689,0.062,0.172,0.10999999999999999
1437,..\data\music\DEAM\DEAM_audio\MEMD_audio\1437.mp3,0.28268333333333334,0.006621912278354503,0.264,0.294,0.02999999999999997,0.1665166666666667,0.007060433571829861,0.154,0.179,0.024999999999999994
1438,..\data\music\DEAM\DEAM_audio\MEMD_audio\1438.mp3,-0.19926666666666665,0.021146210587767788,-0.23399999999999999,-0.14299999999999996,0.09100000000000003,-0.08483333333333334,0.028443608928701177,-0.125,-0.031999999999999994,0.093
1439,..\data\music\DEAM\DEAM_audio\MEMD_audio\1439.mp3,-0.03038333333333333,0.01131826203776691,-0.04900000000000001,0.049,0.098,-0.09208333333333335,0.02675275167571034,-0.129,-0.02899999999999998,0.10000000000000002
144,..\data\music\DEAM\DEAM_audio\MEMD_audio\144.mp3,0.0053178233333333385,0.01487199640233154,-0.016061499999999996,0.03698230000000001,0.0530438,-0.3525881933333333,0.016048443814607762,-0.38317919999999994,-0.3091087,0.07407049999999993
1440,..\data\music\DEAM\DEAM_audio\MEMD_audio\1440.mp3,0.3396666666666667,0.02213493970074361,0.30699999999999994,0.376,0.06900000000000006,0.3154333333333334,0.030877913717664848,0.275,0.36899999999999994,0.09399999999999992
1441,..\data\music\DEAM\DEAM_audio\MEMD_audio\1441.mp3,0.1908166666666667,0.04995047269268052,0.066,0.244,0.178,-0.022600000000000006,0.044535828273424984,-0.14600000000000002,0.021,0.167
1442,..\data\music\DEAM\DEAM_audio\MEMD_audio\1442.mp3,0.043149999999999994,0.02338220477200557,0.010999999999999987,0.10699999999999998,0.096,-0.26999999999999996,0.03173168763239672,-0.333,-0.22800000000000004,0.10499999999999998
1443,..\data\music\DEAM\DEAM_audio\MEMD_audio\1443.mp3,0.32081666666666664,0.011121288394586105,0.29500000000000004,0.346,0.050999999999999934,0.05194999999999999,0.01431598756635392,0.019999999999999983,0.087,0.067
1444,..\data\music\DEAM\DEAM_audio\MEMD_audio\1444.mp3,0.2169,0.024069136530697005,0.166,0.292,0.12599999999999997,-0.13136666666666666,0.036267509181390205,-0.168,-0.071,0.09700000000000002
1445,..\data\music\DEAM\DEAM_audio\MEMD_audio\1445.mp3,0.24643333333333334,0.015745228554143703,0.2,0.282,0.08199999999999996,0.13173333333333334,0.03479457173500231,0.06900000000000002,0.18199999999999997,0.11299999999999995
1446,..\data\music\DEAM\DEAM_audio\MEMD_audio\1446.mp3,0.34053333333333335,0.01070586547438159,0.316,0.36,0.043999999999999984,-0.052366666666666666,0.0262633881202627,-0.09300000000000001,-0.005999999999999994,0.08700000000000002
1447,..\data\music\DEAM\DEAM_audio\MEMD_audio\1447.mp3,0.15915,0.010620459814276714,0.13799999999999998,0.17499999999999996,0.03699999999999998,0.10063333333333332,0.046383174631420915,0.038999999999999986,0.15799999999999997,0.119
1448,..\data\music\DEAM\DEAM_audio\MEMD_audio\1448.mp3,0.09689999999999999,0.012193850909372316,0.034,0.11199999999999999,0.07799999999999999,0.14345000000000002,0.010388174366396953,0.125,0.159,0.034
1449,..\data\music\DEAM\DEAM_audio\MEMD_audio\1449.mp3,0.12038333333333333,0.01973667623711979,0.07,0.14899999999999997,0.07899999999999996,0.15963333333333332,0.019202401470186533,0.12600000000000003,0.194,0.06799999999999998
145,..\data\music\DEAM\DEAM_audio\MEMD_audio\145.mp3,0.08392771883333335,0.043497660066403876,0.027304600000000002,0.1649302,0.1376256,-0.2957209551666667,0.015928152029958103,-0.3163203,-0.2545691,0.061751200000000006
1450,..\data\music\DEAM\DEAM_audio\MEMD_audio\1450.mp3,0.30970000000000003,0.03384833821622561,0.262,0.364,0.10199999999999998,0.28540000000000004,0.009881295461628506,0.26000000000000006,0.3,0.039999999999999925
1451,..\data\music\DEAM\DEAM_audio\MEMD_audio\1451.mp3,0.16636666666666663,0.04935111166146334,0.061999999999999986,0.284,0.22199999999999998,0.23565,0.02713044108254293,0.181,0.30199999999999994,0.12099999999999994
1452,..\data\music\DEAM\DEAM_audio\MEMD_audio\1452.mp3,0.06773333333333334,0.027942719186857166,0.013999999999999995,0.12200000000000003,0.10800000000000003,0.23140000000000008,0.012083321839074986,0.207,0.258,0.05100000000000002
1453,..\data\music\DEAM\DEAM_audio\MEMD_audio\1453.mp3,0.10049999999999999,0.050817483867923514,0.029999999999999992,0.215,0.185,0.017833333333333343,0.023642593390366937,-0.016,0.06000000000000001,0.07600000000000001
1454,..\data\music\DEAM\DEAM_audio\MEMD_audio\1454.mp3,0.23024999999999998,0.011931226536558035,0.20299999999999999,0.254,0.05100000000000002,0.17556666666666668,0.010179008901765547,0.159,0.198,0.03900000000000001
1455,..\data\music\DEAM\DEAM_audio\MEMD_audio\1455.mp3,0.007200000000000004,0.027627160548995982,-0.04299999999999999,0.09,0.13299999999999998,0.1847666666666667,0.020004471722314704,0.15100000000000002,0.23699999999999996,0.08599999999999994
1456,..\data\music\DEAM\DEAM_audio\MEMD_audio\1456.mp3,-0.05520370370370369,0.0338633733128612,-0.13888888888888892,-0.013333333333333345,0.1255555555555556,-0.30084999999999995,0.053807318275491116,-0.386,-0.20999999999999996,0.17600000000000005
1457,..\data\music\DEAM\DEAM_audio\MEMD_audio\1457.mp3,0.2626166666666666,0.005144873392244194,0.251,0.277,0.026000000000000023,0.2050166666666667,0.022337182504116822,0.153,0.246,0.093
1458,..\data\music\DEAM\DEAM_audio\MEMD_audio\1458.mp3,0.07296666666666667,0.034608268119370296,0.015000000000000005,0.12800000000000003,0.11300000000000003,0.18238333333333331,0.02893042900169686,0.08499999999999998,0.21400000000000002,0.12900000000000006
1459,..\data\music\DEAM\DEAM_audio\MEMD_audio\1459.mp3,0.2840500000000001,0.036277368978469206,0.22400000000000003,0.35700000000000004,0.133,0.32271666666666665,0.026142616335954008,0.2779999999999999,0.355,0.07700000000000007
146,..\data\music\DEAM\DEAM_audio\MEMD_audio\146.mp3,-0.22299651833333334,0.03161102992609537,-0.31420499999999996,-0.192407,0.12179799999999996,-0.5630054466666666,0.03347194911988476,-0.6463049999999999,-0.5337396,0.11256539999999993
1460,..\data\music\DEAM\DEAM_audio\MEMD_audio\1460.mp3,0.25456666666666666,0.02332121113683611,0.219,0.309,0.09,0.1825166666666667,0.01451951751570585,0.156,0.209,0.05299999999999999
1461,..\data\music\DEAM\DEAM_audio\MEMD_audio\1461.mp3,0.26325,0.010771296734067513,0.24699999999999997,0.29200000000000004,0.04500000000000007,0.17853333333333332,0.016945468092941222,0.12699999999999997,0.21200000000000002,0.08500000000000005
1462,..\data\music\DEAM\DEAM_audio\MEMD_audio\1462.mp3,0.03431666666666667,0.016684815119010328,0.004999999999999999,0.063,0.058,0.01916666666666667,0.03339619073420734,-0.025000000000000005,0.07100000000000001,0.09600000000000002
1463,..\data\music\DEAM\DEAM_audio\MEMD_audio\1463.mp3,-0.04675,0.035502406021751996,-0.188,-0.015999999999999997,0.17200000000000001,-0.05593333333333335,0.008512474506406593,-0.07,-0.038,0.03200000000000001
1464,..\data\music\DEAM\DEAM_audio\MEMD_audio\1464.mp3,0.19899999999999998,0.03940727513205315,0.138,0.269,0.131,0.0977833333333333,0.01796486540135742,0.059999999999999984,0.12899999999999998,0.06899999999999999
1465,..\data\music\DEAM\DEAM_audio\MEMD_audio\1465.mp3,0.17723333333333327,0.018680976657789842,0.144,0.20299999999999999,0.059,0.1413,0.01594919015707903,0.10100000000000002,0.16999999999999998,0.06899999999999996
1466,..\data\music\DEAM\DEAM_audio\MEMD_audio\1466.mp3,0.36123333333333335,0.035219959618880255,0.28400000000000003,0.394,0.10999999999999999,0.2636166666666667,0.025923664650062274,0.198,0.291,0.09299999999999997
1467,..\data\music\DEAM\DEAM_audio\MEMD_audio\1467.mp3,-0.04888333333333333,0.006532206535484182,-0.05900000000000001,-0.029999999999999992,0.02900000000000002,0.15576666666666666,0.025720527901961027,0.10399999999999998,0.19599999999999998,0.092
1468,..\data\music\DEAM\DEAM_audio\MEMD_audio\1468.mp3,-0.04401666666666667,0.057744694320969625,-0.124,0.07099999999999998,0.19499999999999998,-0.24680000000000002,0.03905116302152002,-0.3,-0.17099999999999999,0.129
1469,..\data\music\DEAM\DEAM_audio\MEMD_audio\1469.mp3,-0.12231666666666667,0.03553425186430066,-0.16699999999999998,-0.046,0.12099999999999998,0.003616666666666667,0.022761145011229604,-0.065,0.055999999999999994,0.121
1470,..\data\music\DEAM\DEAM_audio\MEMD_audio\1470.mp3,0.08708333333333333,0.016590450733947996,0.05700000000000001,0.133,0.076,-0.06790000000000002,0.021975516679553487,-0.11099999999999999,-0.009999999999999998,0.10099999999999999
1471,..\data\music\DEAM\DEAM_audio\MEMD_audio\1471.mp3,0.5442999999999999,0.03075294023883463,0.501,0.6,0.09899999999999998,0.6053999999999998,0.025869673364772094,0.55,0.6579999999999999,0.10799999999999987
1472,..\data\music\DEAM\DEAM_audio\MEMD_audio\1472.mp3,0.16436666666666672,0.03321293255478789,0.11000000000000001,0.22200000000000003,0.11200000000000002,0.26935000000000003,0.10258846994992502,0.12799999999999997,0.41900000000000004,0.29100000000000004
1473,..\data\music\DEAM\DEAM_audio\MEMD_audio\1473.mp3,0.5058833333333334,0.03775627615230202,0.445,0.598,0.15299999999999997,0.55355,0.0296037300577703,0.506,0.658,0.15200000000000002
1474,..\data\music\DEAM\DEAM_audio\MEMD_audio\1474.mp3,0.4518666666666667,0.037436375655533524,0.372,0.511,0.139,0.5178333333333334,0.024324998572570474,0.446,0.5630000000000001,0.11700000000000005
1475,..\data\music\DEAM\DEAM_audio\MEMD_audio\1475.mp3,-0.054233333333333335,0.021705887578156197,-0.094,-0.002999999999999997,0.091,-0.13675,0.03636647952900216,-0.164,-0.049,0.115
1476,..\data\music\DEAM\DEAM_audio\MEMD_audio\1476.mp3,-0.2645,0.02860973027951621,-0.296,-0.18299999999999997,0.11300000000000002,0.24518333333333336,0.05887911108553035,0.06399999999999999,0.305,0.241
1477,..\data\music\DEAM\DEAM_audio\MEMD_audio\1477.mp3,0.10126666666666664,0.03106652360482081,0.02799999999999999,0.16399999999999998,0.13599999999999998,0.2189333333333333,0.06565918739132315,0.086,0.317,0.231
1478,..\data\music\DEAM\DEAM_audio\MEMD_audio\1478.mp3,-0.054833333333333324,0.024421415920367014,-0.11999999999999997,0.006,0.12599999999999997,-0.24969999999999998,0.08942898486135988,-0.43500000000000005,-0.144,0.29100000000000004
1479,..\data\music\DEAM\DEAM_audio\MEMD_audio\1479.mp3,0.2630833333333333,0.028548958922446806,0.183,0.298,0.11499999999999999,0.36151666666666665,0.015447212981275587,0.33399999999999996,0.39499999999999996,0.061
148,..\data\music\DEAM\DEAM_audio\MEMD_audio\148.mp3,0.009061473333333332,0.006807005143033821,-0.002175800000000001,0.026151999999999998,0.0283278,-0.002788715999999996,0.04804452388099505,-0.0955263,0.10344829999999998,0.19897459999999997
1480,..\data\music\DEAM\DEAM_audio\MEMD_audio\1480.mp3,0.18076666666666666,0.032308082923971554,0.09799999999999996,0.21699999999999994,0.11899999999999998,0.30229999999999996,0.036039469104487847,0.19799999999999998,0.34600000000000003,0.14800000000000005
1481,..\data\music\DEAM\DEAM_audio\MEMD_audio\1481.mp3,0.0039499999999999995,0.014823882757226597,-0.022,0.029000000000000005,0.051000000000000004,0.09376666666666668,0.0355093258486024,-0.014000000000000007,0.12000000000000002,0.13400000000000004
1482,..\data\music\DEAM\DEAM_audio\MEMD_audio\1482.mp3,0.06820000000000001,0.02579780352407287,0.024,0.11800000000000002,0.09400000000000003,0.07033333333333336,0.07623006114533966,-0.01499999999999999,0.20299999999999999,0.21799999999999997
1483,..\data\music\DEAM\DEAM_audio\MEMD_audio\1483.mp3,-0.008016666666666668,0.010880397766421758,-0.038,0.012,0.05,0.19138333333333335,0.02406871528676916,0.13200000000000003,0.223,0.09099999999999997
1484,..\data\music\DEAM\DEAM_audio\MEMD_audio\1484.mp3,0.05611666666666666,0.04335285137360889,0.020999999999999998,0.20600000000000002,0.18500000000000003,0.16226666666666667,0.021873779331021474,0.12199999999999997,0.19599999999999998,0.07400000000000001
1485,..\data\music\DEAM\DEAM_audio\MEMD_audio\1485.mp3,0.09826666666666667,0.014194913016836548,0.06599999999999999,0.12600000000000003,0.06000000000000004,0.07869999999999999,0.014699546478264785,0.04500000000000002,0.10400000000000002,0.059000000000000004
1486,..\data\music\DEAM\DEAM_audio\MEMD_audio\1486.mp3,-0.10791666666666665,0.04530610395471625,-0.22400000000000003,-0.033,0.19100000000000003,-0.14826666666666666,0.06719024400081375,-0.395,-0.087,0.30800000000000005
1487,..\data\music\DEAM\DEAM_audio\MEMD_audio\1487.mp3,-0.08824999999999998,0.01221150413885748,-0.125,-0.072,0.053000000000000005,-0.17325000000000002,0.007462405778299655,-0.189,-0.157,0.032
1488,..\data\music\DEAM\DEAM_audio\MEMD_audio\1488.mp3,0.18348333333333336,0.024453692063889983,0.14700000000000002,0.236,0.08899999999999997,0.06350000000000001,0.059341525651660385,-0.039,0.12800000000000003,0.16700000000000004
1489,..\data\music\DEAM\DEAM_audio\MEMD_audio\1489.mp3,0.11513333333333335,0.03266061168373237,0.05,0.159,0.109,0.27965,0.04180862151917154,0.18800000000000003,0.329,0.141
149,..\data\music\DEAM\DEAM_audio\MEMD_audio\149.mp3,-0.32754041333333334,0.045580145528652666,-0.38897400000000004,-0.2223782,0.16659580000000004,-0.15487614596166668,0.033072957422400844,-0.2343555,-0.11589419999999999,0.1184613
1490,..\data\music\DEAM\DEAM_audio\MEMD_audio\1490.mp3,-0.12736666666666668,0.011747292832346051,-0.169,-0.101,0.068,0.10339999999999998,0.013130371916540163,0.07,0.12599999999999997,0.055999999999999966
1491,..\data\music\DEAM\DEAM_audio\MEMD_audio\1491.mp3,0.21706666666666666,0.021478568129390956,0.14400000000000002,0.24800000000000005,0.10400000000000004,0.3963703703703704,0.031012984580978776,0.3488888888888889,0.4633333333333333,0.1144444444444444
1492,..\data\music\DEAM\DEAM_audio\MEMD_audio\1492.mp3,-0.07811666666666664,0.04274930473768615,-0.11899999999999997,0.076,0.19499999999999995,-0.1360833333333333,0.0964809638679511,-0.24,0.018999999999999996,0.259
1493,..\data\music\DEAM\DEAM_audio\MEMD_audio\1493.mp3,0.14828333333333338,0.03076312276447601,0.07599999999999998,0.188,0.11200000000000002,0.43988333333333335,0.047441223869354614,0.29300000000000004,0.48100000000000004,0.188
1494,..\data\music\DEAM\DEAM_audio\MEMD_audio\1494.mp3,0.18035000000000004,0.017070271429203074,0.141,0.22000000000000003,0.07900000000000004,0.11028333333333333,0.02368831756138221,0.030000000000000006,0.15,0.12
1495,..\data\music\DEAM\DEAM_audio\MEMD_audio\1495.mp3,0.06384999999999999,0.0245600115363708,0.019999999999999997,0.11299999999999999,0.093,0.06853333333333333,0.053403953245262856,-0.005999999999999994,0.157,0.163
1496,..\data\music\DEAM\DEAM_audio\MEMD_audio\1496.mp3,0.39255000000000007,0.02709638659797035,0.327,0.43600000000000005,0.10900000000000004,0.45708333333333334,0.019697116258195993,0.42800000000000005,0.499,0.07099999999999995
1497,..\data\music\DEAM\DEAM_audio\MEMD_audio\1497.mp3,0.013199999999999998,0.04450498099464074,-0.045000000000000005,0.08700000000000001,0.132,0.03636666666666668,0.03334064919717204,-0.025,0.092,0.11699999999999999
1498,..\data\music\DEAM\DEAM_audio\MEMD_audio\1498.mp3,0.18643333333333328,0.01449524826355942,0.158,0.213,0.05499999999999999,0.25656666666666667,0.03132803146633308,0.202,0.314,0.11199999999999999
1499,..\data\music\DEAM\DEAM_audio\MEMD_audio\1499.mp3,0.2655666666666666,0.022332611928647217,0.23500000000000001,0.319,0.08399999999999999,0.37445000000000006,0.0566837498759565,0.266,0.466,0.2
150,..\data\music\DEAM\DEAM_audio\MEMD_audio\150.mp3,0.038048058,0.07289005697740852,-0.056495,0.23503700000000002,0.291532,0.03861455266666667,0.04974131932249837,-0.06318879999999999,0.1398671,0.20305589999999998
1500,..\data\music\DEAM\DEAM_audio\MEMD_audio\1500.mp3,-0.05493333333333334,0.058675056218313267,-0.127,0.046,0.173,0.14405,0.014487264522101242,0.10999999999999999,0.177,0.067
1501,..\data\music\DEAM\DEAM_audio\MEMD_audio\1501.mp3,0.2112166666666667,0.01424674426745361,0.142,0.244,0.10200000000000001,0.3166333333333334,0.03433849475766552,0.251,0.378,0.127
1502,..\data\music\DEAM\DEAM_audio\MEMD_audio\1502.mp3,0.5846666666666668,0.01832727172518838,0.5349999999999999,0.6100000000000001,0.07500000000000018,0.5739166666666666,0.013153316016207551,0.534,0.592,0.05799999999999994
1503,..\data\music\DEAM\DEAM_audio\MEMD_audio\1503.mp3,0.3475333333333334,0.018130514486785963,0.299,0.37,0.07100000000000001,0.17074999999999999,0.012306671632357248,0.14,0.19099999999999998,0.05099999999999996
1504,..\data\music\DEAM\DEAM_audio\MEMD_audio\1504.mp3,0.2340666666666667,0.018625132363437193,0.202,0.281,0.07900000000000001,0.4921333333333334,0.011787658329324333,0.47000000000000003,0.5130000000000001,0.043000000000000094
1505,..\data\music\DEAM\DEAM_audio\MEMD_audio\1505.mp3,-0.13614999999999997,0.03776498598790507,-0.186,-0.06999999999999999,0.116,0.15138333333333331,0.04105934390881352,0.096,0.263,0.167
1506,..\data\music\DEAM\DEAM_audio\MEMD_audio\1506.mp3,0.14650000000000002,0.02192829222716625,0.088,0.182,0.094,0.30873333333333336,0.008518346214038394,0.28900000000000003,0.32500000000000007,0.03600000000000003
1507,..\data\music\DEAM\DEAM_audio\MEMD_audio\1507.mp3,0.3726833333333334,0.06340386204500655,0.26799999999999996,0.49099999999999994,0.22299999999999998,0.4487,0.025836859974333826,0.4159999999999999,0.51,0.09400000000000008
1508,..\data\music\DEAM\DEAM_audio\MEMD_audio\1508.mp3,0.31828333333333336,0.030005050500799962,0.24,0.36000000000000004,0.12000000000000005,0.3433333333333333,0.023697866758189197,0.28300000000000003,0.375,0.09199999999999997
1509,..\data\music\DEAM\DEAM_audio\MEMD_audio\1509.mp3,0.31845,0.03847615062173796,0.23500000000000001,0.367,0.13199999999999998,0.36045000000000005,0.041997390791968646,0.282,0.42899999999999994,0.14699999999999996
151,..\data\music\DEAM\DEAM_audio\MEMD_audio\151.mp3,-0.0659039185,0.04322209108465827,-0.1265234,0.0417671,0.1682905,-0.39394875166666676,0.09416903462611882,-0.47323370000000003,-0.20952969999999999,0.26370400000000005
1510,..\data\music\DEAM\DEAM_audio\MEMD_audio\1510.mp3,0.04133333333333335,0.026463601837660382,-0.013999999999999995,0.081,0.095,0.3569333333333333,0.03480127711577392,0.294,0.402,0.10800000000000004
1511,..\data\music\DEAM\DEAM_audio\MEMD_audio\1511.mp3,0.4262666666666667,0.021270375852083318,0.398,0.476,0.07799999999999996,0.4372333333333333,0.019308345921446063,0.40199999999999997,0.46299999999999997,0.061
1512,..\data\music\DEAM\DEAM_audio\MEMD_audio\1512.mp3,-0.3102833333333333,0.027582658602019423,-0.348,-0.24300000000000002,0.10499999999999995,0.4301166666666666,0.013992964502047284,0.404,0.465,0.061
1513,..\data\music\DEAM\DEAM_audio\MEMD_audio\1513.mp3,0.40701666666666664,0.01650907999321047,0.366,0.43,0.064,0.48591666666666666,0.009609529413845172,0.461,0.506,0.044999999999999984
1514,..\data\music\DEAM\DEAM_audio\MEMD_audio\1514.mp3,-0.018150000000000006,0.03688487720823626,-0.091,0.03499999999999998,0.12599999999999997,0.3173,0.020222347374460097,0.24,0.33999999999999997,0.09999999999999998
1515,..\data\music\DEAM\DEAM_audio\MEMD_audio\1515.mp3,-0.09575000000000003,0.03020133827056896,-0.172,-0.047000000000000014,0.12499999999999997,0.3000333333333333,0.025069880113173442,0.23700000000000002,0.344,0.10699999999999996
1516,..\data\music\DEAM\DEAM_audio\MEMD_audio\1516.mp3,0.31536666666666674,0.011688978664632005,0.28300000000000003,0.339,0.055999999999999994,0.19665,0.01276038792513771,0.15999999999999998,0.22000000000000003,0.06000000000000005
1517,..\data\music\DEAM\DEAM_audio\MEMD_audio\1517.mp3,0.37831666666666675,0.016667824959750714,0.344,0.4109999999999999,0.06699999999999995,0.38105,0.01499602725168681,0.354,0.414,0.06
1518,..\data\music\DEAM\DEAM_audio\MEMD_audio\1518.mp3,0.18445,0.07972231494380981,0.07600000000000003,0.318,0.242,0.29305000000000003,0.11428289825399658,0.181,0.489,0.308
1519,..\data\music\DEAM\DEAM_audio\MEMD_audio\1519.mp3,0.16139999999999996,0.01765332829808589,0.119,0.189,0.07,0.4808833333333334,0.010094704332250402,0.446,0.4959999999999999,0.04999999999999988
152,..\data\music\DEAM\DEAM_audio\MEMD_audio\152.mp3,-0.021208392281666665,0.02003906100973724,-0.059529920000000014,0.03546130000000001,0.09499122000000002,-0.09336195918333333,0.04759265573763546,-0.18783559999999996,-0.04033950000000001,0.14749609999999996
1520,..\data\music\DEAM\DEAM_audio\MEMD_audio\1520.mp3,0.30005,0.014335765297557932,0.269,0.32199999999999995,0.052999999999999936,0.4175333333333333,0.014705403390893062,0.377,0.44400000000000006,0.06700000000000006
1521,..\data\music\DEAM\DEAM_audio\MEMD_audio\1521.mp3,0.10518333333333334,0.015750652543801338,0.072,0.129,0.05700000000000001,0.2530833333333333,0.009982136823123374,0.22400000000000003,0.27,0.045999999999999985
1522,..\data\music\DEAM\DEAM_audio\MEMD_audio\1522.mp3,0.1869,0.019456532750381467,0.15699999999999997,0.246,0.08900000000000002,0.54885,0.01481083499784307,0.514,0.577,0.06299999999999994
1523,..\data\music\DEAM\DEAM_audio\MEMD_audio\1523.mp3,0.4972166666666667,0.023956969526400623,0.43200000000000005,0.538,0.10599999999999998,0.0678,0.02398040867041261,0.007999999999999997,0.11299999999999999,0.105
1524,..\data\music\DEAM\DEAM_audio\MEMD_audio\1524.mp3,0.37301666666666666,0.017834883110229682,0.315,0.40700000000000003,0.09200000000000003,0.2702666666666667,0.05264531212642669,0.21399999999999997,0.37699999999999995,0.16299999999999998
1525,..\data\music\DEAM\DEAM_audio\MEMD_audio\1525.mp3,0.13656666666666664,0.0403961081733817,0.085,0.21400000000000002,0.129,0.16476666666666667,0.01581282882837716,0.11299999999999999,0.19000000000000003,0.07700000000000004
1526,..\data\music\DEAM\DEAM_audio\MEMD_audio\1526.mp3,0.40009999999999996,0.014147673542553457,0.37799999999999995,0.433,0.05500000000000005,0.4067833333333334,0.01850683807557507,0.37100000000000005,0.446,0.07499999999999996
1527,..\data\music\DEAM\DEAM_audio\MEMD_audio\1527.mp3,-0.01803333333333334,0.015094112170718165,-0.046,0.007000000000000006,0.053000000000000005,0.17475000000000002,0.024792219881782804,0.132,0.225,0.093
1528,..\data\music\DEAM\DEAM_audio\MEMD_audio\1528.mp3,0.3044833333333334,0.011386383193192741,0.284,0.323,0.039000000000000035,0.17578333333333335,0.024292036875395103,0.129,0.213,0.08399999999999999
1529,..\data\music\DEAM\DEAM_audio\MEMD_audio\1529.mp3,0.16166666666666668,0.07434237613157713,0.038,0.26999999999999996,0.23199999999999996,0.4406333333333333,0.010995403079873362,0.41600000000000004,0.46099999999999997,0.04499999999999993
153,..\data\music\DEAM\DEAM_audio\MEMD_audio\153.mp3,0.03997538883333334,0.035830015193200664,-0.0989113,0.11659570000000001,0.215507,-0.056512673900000004,0.04710257983663402,-0.1563442,0.02551269999999999,0.1818569
1530,..\data\music\DEAM\DEAM_audio\MEMD_audio\1530.mp3,0.31728333333333336,0.03709766015382761,0.22500000000000003,0.366,0.14099999999999996,0.17298333333333332,0.023921741621843132,0.13600000000000004,0.21200000000000002,0.07599999999999998
1531,..\data\music\DEAM\DEAM_audio\MEMD_audio\1531.mp3,0.23861666666666667,0.007833882959441122,0.21999999999999997,0.25399999999999995,0.033999999999999975,0.27785000000000004,0.007892665371512128,0.263,0.29000000000000004,0.027000000000000024
1532,..\data\music\DEAM\DEAM_audio\MEMD_audio\1532.mp3,0.3001833333333333,0.024809602755564007,0.271,0.358,0.08699999999999997,0.38133333333333325,0.015242120004193067,0.325,0.39999999999999997,0.07499999999999996
1533,..\data\music\DEAM\DEAM_audio\MEMD_audio\1533.mp3,0.19665000000000002,0.017137507597858766,0.152,0.231,0.07900000000000001,0.3628666666666666,0.0287972606721928,0.26,0.4010000000000001,0.14100000000000007
1534,..\data\music\DEAM\DEAM_audio\MEMD_audio\1534.mp3,0.32965,0.05443308583328097,0.21399999999999997,0.386,0.17200000000000004,0.3797666666666667,0.014068127886190902,0.34,0.404,0.064
1535,..\data\music\DEAM\DEAM_audio\MEMD_audio\1535.mp3,0.1555,0.03928506925877397,0.08,0.21100000000000002,0.131,0.30805,0.017645986323618554,0.27499999999999997,0.329,0.05400000000000005
1536,..\data\music\DEAM\DEAM_audio\MEMD_audio\1536.mp3,0.008583333333333323,0.024036286226361087,-0.03700000000000001,0.05599999999999998,0.093,0.026966666666666674,0.051433441347909906,-0.059,0.183,0.242
1537,..\data\music\DEAM\DEAM_audio\MEMD_audio\1537.mp3,0.2969,0.11369633532645926,-0.01599999999999999,0.417,0.433,0.00706666666666667,0.1400560443378134,-0.351,0.12300000000000003,0.474
1538,..\data\music\DEAM\DEAM_audio\MEMD_audio\1538.mp3,0.27326666666666666,0.020054813775140252,0.23200000000000004,0.30300000000000005,0.07100000000000001,0.28028333333333333,0.06112148876531795,0.172,0.351,0.179
1539,..\data\music\DEAM\DEAM_audio\MEMD_audio\1539.mp3,0.11823333333333334,0.02562444579346491,0.07300000000000001,0.15499999999999997,0.08199999999999996,0.2373666666666667,0.024111523293967877,0.16799999999999998,0.267,0.09900000000000003
154,..\data\music\DEAM\DEAM_audio\MEMD_audio\154.mp3,-0.09639886099999999,0.019698755149755588,-0.1601135,-0.058636299999999995,0.10147719999999999,-0.10303795466666665,0.011446042788348362,-0.13214449999999997,-0.08278149999999998,0.04936299999999999
1540,..\data\music\DEAM\DEAM_audio\MEMD_audio\1540.mp3,0.30206666666666665,0.060549116885017865,0.154,0.365,0.211,0.2987833333333333,0.05142570423004001,0.173,0.36,0.187
1541,..\data\music\DEAM\DEAM_audio\MEMD_audio\1541.mp3,0.07456666666666666,0.05291199191949674,-0.0030000000000000165,0.207,0.21000000000000002,0.07776666666666668,0.08664628606517932,-0.089,0.183,0.272
1542,..\data\music\DEAM\DEAM_audio\MEMD_audio\1542.mp3,0.26098333333333334,0.02599967414325718,0.22199999999999998,0.312,0.09000000000000002,0.3431333333333334,0.021019409020130785,0.31,0.383,0.07300000000000001
1543,..\data\music\DEAM\DEAM_audio\MEMD_audio\1543.mp3,0.34635,0.014710342166879282,0.30700000000000005,0.37,0.06299999999999994,0.3552666666666667,0.027836945873345294,0.279,0.394,0.11499999999999999
1544,..\data\music\DEAM\DEAM_audio\MEMD_audio\1544.mp3,0.31331666666666663,0.03342678151156977,0.24900000000000003,0.394,0.145,0.39296666666666663,0.0827904919393257,0.209,0.476,0.267
1545,..\data\music\DEAM\DEAM_audio\MEMD_audio\1545.mp3,0.17099999999999996,0.009672986439909166,0.13699999999999996,0.189,0.052000000000000046,0.33225000000000005,0.010531895998980108,0.30700000000000005,0.35200000000000004,0.044999999999999984
1546,..\data\music\DEAM\DEAM_audio\MEMD_audio\1546.mp3,0.27098333333333335,0.020501619177247656,0.213,0.29800000000000004,0.08500000000000005,0.20975000000000005,0.028148194139825982,0.16899999999999998,0.255,0.08600000000000002
1547,..\data\music\DEAM\DEAM_audio\MEMD_audio\1547.mp3,-0.1277,0.03946150022490275,-0.179,-0.06799999999999999,0.111,0.39131666666666665,0.023177209831115448,0.33799999999999997,0.43499999999999994,0.09699999999999998
1548,..\data\music\DEAM\DEAM_audio\MEMD_audio\1548.mp3,0.11366666666666667,0.019359465098212004,0.086,0.163,0.07700000000000001,0.0366,0.06579822692646564,-0.037,0.121,0.158
1549,..\data\music\DEAM\DEAM_audio\MEMD_audio\1549.mp3,0.20615,0.015470213314624975,0.16899999999999998,0.24099999999999996,0.07199999999999998,0.30056666666666665,0.015288739501854158,0.284,0.366,0.08200000000000002
155,..\data\music\DEAM\DEAM_audio\MEMD_audio\155.mp3,0.10845056233333336,0.012472314201512132,0.07750790000000002,0.129912,0.05240409999999998,-0.2717422505,0.010474323984150869,-0.29126409999999997,-0.24457239999999997,0.0466917
1550,..\data\music\DEAM\DEAM_audio\MEMD_audio\1550.mp3,0.06374999999999999,0.03800158987902129,0.004999999999999999,0.17500000000000002,0.17,0.10031666666666667,0.027772583403221397,0.03899999999999999,0.148,0.109
1551,..\data\music\DEAM\DEAM_audio\MEMD_audio\1551.mp3,0.28111666666666674,0.01661233644681633,0.242,0.325,0.08300000000000002,0.3857999999999999,0.035488401861265416,0.33,0.42699999999999994,0.09699999999999992
1552,..\data\music\DEAM\DEAM_audio\MEMD_audio\1552.mp3,0.3602166666666666,0.02845586738950139,0.294,0.40199999999999997,0.10799999999999998,0.43116666666666664,0.02454057277111022,0.38,0.48999999999999994,0.10999999999999993
1553,..\data\music\DEAM\DEAM_audio\MEMD_audio\1553.mp3,0.34358333333333324,0.039587999724944714,0.192,0.38500000000000006,0.19300000000000006,0.4535333333333334,0.05539177636516894,0.281,0.508,0.22699999999999998
1554,..\data\music\DEAM\DEAM_audio\MEMD_audio\1554.mp3,0.29195000000000004,0.02232593783024579,0.238,0.31900000000000006,0.08100000000000007,0.03878333333333334,0.010031768981036639,0.019000000000000006,0.06000000000000001,0.04100000000000001
1555,..\data\music\DEAM\DEAM_audio\MEMD_audio\1555.mp3,-0.0773,0.019200954837368545,-0.11499999999999999,-0.047,0.06799999999999999,-0.19443333333333332,0.04718345990798988,-0.29999999999999993,-0.126,0.17399999999999993
1556,..\data\music\DEAM\DEAM_audio\MEMD_audio\1556.mp3,0.06903333333333334,0.016409313073847902,0.039999999999999994,0.11299999999999999,0.073,0.5186333333333333,0.02681104664540761,0.462,0.557,0.09500000000000003
1557,..\data\music\DEAM\DEAM_audio\MEMD_audio\1557.mp3,0.21723333333333336,0.02475841046773579,0.161,0.28300000000000003,0.12200000000000003,0.5374833333333334,0.010865068900942224,0.511,0.563,0.051999999999999935
1558,..\data\music\DEAM\DEAM_audio\MEMD_audio\1558.mp3,-0.17618333333333328,0.029913481724615228,-0.26999999999999996,-0.142,0.12799999999999997,0.42064999999999997,0.02695973850021547,0.355,0.446,0.09100000000000003
1559,..\data\music\DEAM\DEAM_audio\MEMD_audio\1559.mp3,0.2240666666666667,0.08886016480340835,0.031999999999999994,0.36400000000000005,0.3320000000000001,0.21416666666666667,0.09998536003946891,0.02400000000000001,0.382,0.358
156,..\data\music\DEAM\DEAM_audio\MEMD_audio\156.mp3,0.3794380446666666,0.09607105079210723,0.183717,0.5105980000000001,0.3268810000000001,0.4002199155000001,0.050441939911175716,0.25661784,0.483509,0.22689116000000004
1560,..\data\music\DEAM\DEAM_audio\MEMD_audio\1560.mp3,0.18313333333333334,0.029068004556365566,0.10200000000000001,0.23700000000000002,0.135,0.28934999999999994,0.050202531476676214,0.16799999999999998,0.378,0.21000000000000002
1561,..\data\music\DEAM\DEAM_audio\MEMD_audio\1561.mp3,0.10778333333333331,0.01372114143292103,0.07100000000000002,0.13299999999999998,0.06199999999999996,0.49883333333333346,0.023999421289319103,0.41200000000000003,0.542,0.13
1562,..\data\music\DEAM\DEAM_audio\MEMD_audio\1562.mp3,-0.09271666666666666,0.03542696320914653,-0.13199999999999998,-0.02699999999999999,0.10499999999999998,0.5008833333333333,0.021403342158540457,0.43600000000000005,0.5479999999999999,0.11199999999999988
1563,..\data\music\DEAM\DEAM_audio\MEMD_audio\1563.mp3,0.16876666666666668,0.06396258454926773,0.075,0.27,0.195,0.44535,0.01721707001786309,0.395,0.4750000000000001,0.08000000000000007
1564,..\data\music\DEAM\DEAM_audio\MEMD_audio\1564.mp3,0.4337166666666667,0.037443331256120316,0.348,0.489,0.14100000000000001,0.4762166666666667,0.03115985219619774,0.394,0.5309999999999999,0.1369999999999999
1565,..\data\music\DEAM\DEAM_audio\MEMD_audio\1565.mp3,0.05741666666666666,0.04733261443116035,-0.05300000000000001,0.143,0.196,0.24876666666666666,0.0634316867889298,0.16,0.396,0.23600000000000002
1566,..\data\music\DEAM\DEAM_audio\MEMD_audio\1566.mp3,0.3358,0.045344165372551884,0.257,0.42000000000000004,0.16300000000000003,0.08483333333333333,0.17061400554728468,-0.041999999999999996,0.399,0.441
1567,..\data\music\DEAM\DEAM_audio\MEMD_audio\1567.mp3,-0.09121666666666665,0.012696576528952818,-0.11600000000000002,-0.063,0.05300000000000002,0.19625000000000004,0.09291297451558278,0.020999999999999998,0.36800000000000005,0.34700000000000003
1568,..\data\music\DEAM\DEAM_audio\MEMD_audio\1568.mp3,0.24175000000000005,0.009668893421689986,0.21700000000000003,0.267,0.04999999999999999,0.41035,0.01165593554088788,0.39399999999999996,0.43900000000000006,0.045000000000000095
1569,..\data\music\DEAM\DEAM_audio\MEMD_audio\1569.mp3,0.16623333333333334,0.09110147577777698,0.015000000000000003,0.252,0.237,0.4651666666666667,0.08078844114241976,0.314,0.5359999999999999,0.22199999999999992
157,..\data\music\DEAM\DEAM_audio\MEMD_audio\157.mp3,0.3065266325,0.013520918927136898,0.274611,0.323172,0.04856100000000002,-0.2652856,0.03698420552291658,-0.380037,-0.233443,0.146594
1570,..\data\music\DEAM\DEAM_audio\MEMD_audio\1570.mp3,0.15354999999999996,0.03278385019080787,0.081,0.22000000000000003,0.139,0.38675,0.08770188614467384,0.17200000000000001,0.461,0.28900000000000003
1571,..\data\music\DEAM\DEAM_audio\MEMD_audio\1571.mp3,0.016450000000000006,0.04267998164635657,-0.079,0.10400000000000001,0.183,0.5839333333333333,0.02589650341047782,0.538,0.63,0.09199999999999997
1572,..\data\music\DEAM\DEAM_audio\MEMD_audio\1572.mp3,0.24643333333333337,0.03958634725367937,0.188,0.31300000000000006,0.12500000000000006,0.23020000000000004,0.025485813047000615,0.185,0.277,0.09200000000000003
1573,..\data\music\DEAM\DEAM_audio\MEMD_audio\1573.mp3,0.17761666666666664,0.010376402181017383,0.15899999999999997,0.202,0.04300000000000004,-0.005883333333333328,0.014868413574494832,-0.03599999999999999,0.049,0.08499999999999999
1574,..\data\music\DEAM\DEAM_audio\MEMD_audio\1574.mp3,0.40768333333333334,0.049722058038214334,0.259,0.45099999999999996,0.19199999999999995,0.35349999999999987,0.040427507137261544,0.299,0.42400000000000004,0.12500000000000006
1575,..\data\music\DEAM\DEAM_audio\MEMD_audio\1575.mp3,0.21745,0.009147722849613082,0.20099999999999998,0.23500000000000001,0.03400000000000003,0.2938333333333334,0.02515910277960837,0.24777777777777776,0.33000000000000007,0.08222222222222231
1576,..\data\music\DEAM\DEAM_audio\MEMD_audio\1576.mp3,0.08693333333333333,0.012790447824668046,0.05200000000000001,0.13299999999999998,0.08099999999999996,-0.20543333333333338,0.014938057288535068,-0.233,-0.15899999999999997,0.07400000000000004
1577,..\data\music\DEAM\DEAM_audio\MEMD_audio\1577.mp3,0.23056666666666664,0.01721372191660543,0.193,0.261,0.068,0.17235000000000003,0.04549718855782922,0.082,0.242,0.15999999999999998
1578,..\data\music\DEAM\DEAM_audio\MEMD_audio\1578.mp3,0.28924999999999995,0.017236226385145898,0.24699999999999997,0.32199999999999995,0.07499999999999998,0.27940000000000004,0.018861071019430475,0.23099999999999996,0.313,0.08200000000000005
1579,..\data\music\DEAM\DEAM_audio\MEMD_audio\1579.mp3,0.19630000000000003,0.04138973302644027,0.127,0.281,0.15400000000000003,0.3227333333333334,0.052279972796048346,0.227,0.393,0.166
158,..\data\music\DEAM\DEAM_audio\MEMD_audio\158.mp3,-0.24437064306666662,0.03169451004812792,-0.2918522,-0.178943,0.11290920000000002,-0.4453863811666666,0.041645291769514925,-0.5383627000000001,-0.3976723,0.1406904000000001
1580,..\data\music\DEAM\DEAM_audio\MEMD_audio\1580.mp3,0.36556666666666665,0.010252425187350667,0.33899999999999997,0.386,0.04700000000000004,0.3851833333333333,0.017763719267715933,0.36,0.42099999999999993,0.06099999999999994
1581,..\data\music\DEAM\DEAM_audio\MEMD_audio\1581.mp3,0.49166666666666675,0.03872022153288325,0.39000000000000007,0.537,0.14699999999999996,0.4268166666666666,0.048389217692466256,0.296,0.4800000000000001,0.1840000000000001
1582,..\data\music\DEAM\DEAM_audio\MEMD_audio\1582.mp3,0.17556666666666668,0.0776851265615812,0.06,0.275,0.21500000000000002,0.4052999999999999,0.02468353027155287,0.373,0.4709999999999999,0.09799999999999992
1583,..\data\music\DEAM\DEAM_audio\MEMD_audio\1583.mp3,0.3335000000000001,0.05512848628431584,0.253,0.39499999999999996,0.14199999999999996,0.14098333333333332,0.0222474655235652,0.08700000000000001,0.17,0.083
1584,..\data\music\DEAM\DEAM_audio\MEMD_audio\1584.mp3,0.17281666666666667,0.016031730689133,0.148,0.269,0.12100000000000002,0.2630833333333333,0.013938306528731846,0.23700000000000002,0.289,0.05199999999999996
1585,..\data\music\DEAM\DEAM_audio\MEMD_audio\1585.mp3,0.16405,0.08570966981618819,0.026000000000000002,0.294,0.26799999999999996,-0.003466666666666657,0.12625931868799053,-0.14299999999999996,0.23199999999999998,0.37499999999999994
1586,..\data\music\DEAM\DEAM_audio\MEMD_audio\1586.mp3,-0.0299,0.01833366666363642,-0.083,-0.0020000000000000018,0.081,0.3615166666666667,0.03768929629955373,0.271,0.404,0.133
1587,..\data\music\DEAM\DEAM_audio\MEMD_audio\1587.mp3,0.18066666666666664,0.028576602706098953,0.10499999999999998,0.21199999999999997,0.10699999999999998,0.1791,0.016575785552023367,0.144,0.20199999999999996,0.05799999999999997
1588,..\data\music\DEAM\DEAM_audio\MEMD_audio\1588.mp3,0.13185,0.042287439033358354,0.03900000000000001,0.23700000000000002,0.198,0.3915666666666667,0.04024357781752954,0.303,0.517,0.21400000000000002
1589,..\data\music\DEAM\DEAM_audio\MEMD_audio\1589.mp3,0.3627166666666665,0.023915191592142605,0.31099999999999994,0.39899999999999997,0.08800000000000002,0.43890000000000007,0.022078420837248917,0.4160000000000001,0.5040000000000001,0.08800000000000002
159,..\data\music\DEAM\DEAM_audio\MEMD_audio\159.mp3,-0.32759186896666675,0.05517437992435971,-0.39604740000000005,-0.23834069800000002,0.15770670200000003,-0.2352400333333333,0.04874672232330658,-0.30898400000000004,-0.174275,0.13470900000000002
1590,..\data\music\DEAM\DEAM_audio\MEMD_audio\1590.mp3,-0.029283333333333324,0.05219166334025216,-0.13299999999999998,0.048999999999999995,0.18199999999999997,0.4011166666666666,0.00770084771668389,0.37900000000000006,0.4130000000000001,0.03400000000000003
1591,..\data\music\DEAM\DEAM_audio\MEMD_audio\1591.mp3,0.41191666666666665,0.01696299076093469,0.363,0.438,0.07500000000000001,0.35439999999999994,0.043302886739800615,0.308,0.42799999999999994,0.11999999999999994
1592,..\data\music\DEAM\DEAM_audio\MEMD_audio\1592.mp3,0.4732166666666666,0.021413462795374528,0.418,0.501,0.08300000000000002,0.57715,0.026354522066114824,0.471,0.607,0.136
1593,..\data\music\DEAM\DEAM_audio\MEMD_audio\1593.mp3,0.06128333333333334,0.043999655932998184,-0.006999999999999995,0.12300000000000003,0.13000000000000003,-0.04073333333333333,0.052783162298428284,-0.121,0.046,0.16699999999999998
1594,..\data\music\DEAM\DEAM_audio\MEMD_audio\1594.mp3,0.2564166666666667,0.04812805545855995,0.137,0.31099999999999994,0.17399999999999993,0.34790000000000004,0.0444907106409117,0.266,0.417,0.15099999999999997
1595,..\data\music\DEAM\DEAM_audio\MEMD_audio\1595.mp3,0.28066666666666673,0.020561020294614648,0.251,0.309,0.057999999999999996,0.4527666666666666,0.026562107513440174,0.41600000000000004,0.49000000000000005,0.07400000000000001
1596,..\data\music\DEAM\DEAM_audio\MEMD_audio\1596.mp3,0.22000000000000003,0.035288336127772685,0.07600000000000003,0.267,0.191,0.2608,0.059142708764479156,0.128,0.35,0.22199999999999998
1597,..\data\music\DEAM\DEAM_audio\MEMD_audio\1597.mp3,0.24638333333333332,0.02041820402375184,0.20999999999999996,0.304,0.09400000000000003,0.33381666666666665,0.01768096119810483,0.309,0.376,0.067
1598,..\data\music\DEAM\DEAM_audio\MEMD_audio\1598.mp3,-0.09161666666666668,0.0086834932806766,-0.11300000000000003,-0.07499999999999998,0.03800000000000005,0.41605000000000003,0.026636707128822566,0.334,0.481,0.14699999999999996
1599,..\data\music\DEAM\DEAM_audio\MEMD_audio\1599.mp3,-0.14426666666666665,0.013625792535563652,-0.188,-0.11000000000000001,0.07799999999999999,0.09141666666666669,0.009370684191787833,0.074,0.12200000000000003,0.04800000000000003
160,..\data\music\DEAM\DEAM_audio\MEMD_audio\160.mp3,-0.2517058563333333,0.03413190513502907,-0.29159104,-0.1664353,0.12515574000000002,-0.2708306739333333,0.05974851771526633,-0.3598786,-0.143005,0.2168736
1600,..\data\music\DEAM\DEAM_audio\MEMD_audio\1600.mp3,0.4114333333333333,0.016003506560195564,0.37399999999999994,0.441,0.06700000000000006,0.3211833333333333,0.02036213124623473,0.27299999999999996,0.348,0.07500000000000001
1601,..\data\music\DEAM\DEAM_audio\MEMD_audio\1601.mp3,0.22880000000000003,0.02816664694279388,0.185,0.277,0.09200000000000003,0.48503333333333326,0.08313522451738224,0.257,0.564,0.30699999999999994
1602,..\data\music\DEAM\DEAM_audio\MEMD_audio\1602.mp3,0.13031666666666666,0.08584646986853267,-0.065,0.23500000000000001,0.30000000000000004,0.010900000000000002,0.09010081390679367,-0.205,0.118,0.32299999999999995
1603,..\data\music\DEAM\DEAM_audio\MEMD_audio\1603.mp3,0.25983333333333336,0.02278900807163157,0.22000000000000003,0.30600000000000005,0.08600000000000002,0.22385000000000002,0.01320836225023123,0.189,0.244,0.05499999999999999
1604,..\data\music\DEAM\DEAM_audio\MEMD_audio\1604.mp3,0.1251833333333333,0.010062292095850835,0.099,0.148,0.04899999999999999,-0.00918333333333333,0.032222917138100465,-0.08700000000000001,0.040999999999999995,0.128
1605,..\data\music\DEAM\DEAM_audio\MEMD_audio\1605.mp3,0.42116666666666674,0.01715630755404232,0.388,0.45600000000000007,0.06800000000000006,0.2399666666666667,0.0638881748752372,0.191,0.38,0.189
1606,..\data\music\DEAM\DEAM_audio\MEMD_audio\1606.mp3,0.2775666666666667,0.009116590493283238,0.253,0.294,0.04099999999999998,0.22141666666666668,0.021944848800775293,0.15600000000000003,0.25,0.09399999999999997
1607,..\data\music\DEAM\DEAM_audio\MEMD_audio\1607.mp3,0.06038333333333334,0.007282608659600549,0.047,0.07400000000000001,0.02700000000000001,-0.12861666666666666,0.01716982980566655,-0.157,-0.097,0.06
1608,..\data\music\DEAM\DEAM_audio\MEMD_audio\1608.mp3,0.026983333333333335,0.03773481666695744,-0.027000000000000003,0.099,0.126,0.5790666666666665,0.033693157894280075,0.38900000000000007,0.644,0.25499999999999995
1609,..\data\music\DEAM\DEAM_audio\MEMD_audio\1609.mp3,0.35483333333333333,0.02819702505978639,0.293,0.4149999999999999,0.12199999999999994,0.4728166666666666,0.09550174373044484,0.3,0.5660000000000001,0.26600000000000007
161,..\data\music\DEAM\DEAM_audio\MEMD_audio\161.mp3,-0.30054310683333335,0.028375311995232785,-0.34936069999999997,-0.241678,0.10768269999999996,0.24280890403333333,0.14596242661225933,0.004783700000000007,0.39151140000000006,0.38672770000000006
1610,..\data\music\DEAM\DEAM_audio\MEMD_audio\1610.mp3,0.3664,0.042862260011965456,0.28,0.41600000000000004,0.136,0.14048333333333335,0.037127928242167714,0.06500000000000002,0.21000000000000002,0.14500000000000002
1611,..\data\music\DEAM\DEAM_audio\MEMD_audio\1611.mp3,0.18103333333333332,0.02912614327751311,0.13999999999999999,0.253,0.11300000000000002,0.49744999999999995,0.022852005747125734,0.46299999999999997,0.554,0.09100000000000008
1612,..\data\music\DEAM\DEAM_audio\MEMD_audio\1612.mp3,-0.1853666666666667,0.027853166586384554,-0.21800000000000003,-0.11800000000000002,0.1,-0.036300000000000006,0.0219661102610362,-0.08499999999999999,0.015999999999999986,0.10099999999999998
1613,..\data\music\DEAM\DEAM_audio\MEMD_audio\1613.mp3,0.39368333333333333,0.03431495867531956,0.22800000000000004,0.425,0.19699999999999995,0.5654666666666668,0.08256501815068064,0.364,0.683,0.31900000000000006
1614,..\data\music\DEAM\DEAM_audio\MEMD_audio\1614.mp3,0.3904166666666667,0.023748888862896774,0.319,0.417,0.09799999999999998,-0.011583333333333331,0.02134579714031677,-0.050999999999999976,0.015000000000000008,0.06599999999999999
1615,..\data\music\DEAM\DEAM_audio\MEMD_audio\1615.mp3,0.14451666666666663,0.14418812846031703,-0.059,0.355,0.414,-0.011550000000000001,0.06871109202062405,-0.199,0.10200000000000001,0.30100000000000005
1616,..\data\music\DEAM\DEAM_audio\MEMD_audio\1616.mp3,0.08406666666666666,0.060634112144530954,-0.022000000000000002,0.2,0.222,0.45755000000000007,0.0500571090522282,0.389,0.552,0.16300000000000003
1617,..\data\music\DEAM\DEAM_audio\MEMD_audio\1617.mp3,0.44120000000000004,0.0204073516165131,0.398,0.495,0.09699999999999998,0.4152666666666666,0.015325215242280348,0.38899999999999996,0.43899999999999995,0.04999999999999999
1618,..\data\music\DEAM\DEAM_audio\MEMD_audio\1618.mp3,0.27708333333333335,0.025259514159135285,0.205,0.319,0.11400000000000002,-0.05420000000000001,0.03293012804914876,-0.11500000000000002,0.015000000000000008,0.13000000000000003
1619,..\data\music\DEAM\DEAM_audio\MEMD_audio\1619.mp3,0.24215000000000003,0.011272126389166042,0.211,0.258,0.047000000000000014,0.34165000000000006,0.03202958268018281,0.279,0.376,0.09699999999999998
162,..\data\music\DEAM\DEAM_audio\MEMD_audio\162.mp3,-0.018891387,0.018135783314378998,-0.05505210000000001,0.0036521000000000027,0.05870420000000001,-0.19732493883333335,0.0607107104277398,-0.30280060000000003,-0.05850359999999999,0.24429700000000004
1620,..\data\music\DEAM\DEAM_audio\MEMD_audio\1620.mp3,0.39901666666666663,0.02157814609480824,0.35200000000000004,0.43999999999999995,0.08799999999999991,0.4571333333333334,0.016278274546837654,0.42699999999999994,0.49700000000000005,0.07000000000000012
1621,..\data\music\DEAM\DEAM_audio\MEMD_audio\1621.mp3,0.49329999999999996,0.010877040038539893,0.47300000000000003,0.523,0.04999999999999999,0.5120333333333333,0.012565782462261909,0.48900000000000005,0.5439999999999999,0.05499999999999988
1622,..\data\music\DEAM\DEAM_audio\MEMD_audio\1622.mp3,0.4439,0.011899159634192658,0.425,0.472,0.046999999999999986,0.4242833333333333,0.013951214602639048,0.39899999999999997,0.44499999999999995,0.045999999999999985
1623,..\data\music\DEAM\DEAM_audio\MEMD_audio\1623.mp3,0.34290000000000004,0.007467038681208678,0.318,0.358,0.03999999999999998,0.34743333333333337,0.007100156492798044,0.337,0.362,0.024999999999999967
1624,..\data\music\DEAM\DEAM_audio\MEMD_audio\1624.mp3,0.28998333333333337,0.010602659519615297,0.265,0.31100000000000005,0.04600000000000004,0.5048833333333334,0.02134407932477346,0.45899999999999996,0.542,0.08300000000000007
1625,..\data\music\DEAM\DEAM_audio\MEMD_audio\1625.mp3,0.25555,0.01065586692859853,0.23199999999999993,0.274,0.04200000000000009,0.18111666666666668,0.033520188775655116,0.13200000000000003,0.26999999999999996,0.13799999999999993
1626,..\data\music\DEAM\DEAM_audio\MEMD_audio\1626.mp3,0.45435,0.025706565309274596,0.40499999999999997,0.493,0.08800000000000002,0.43149999999999994,0.09342974187413057,0.29,0.532,0.24200000000000005
1627,..\data\music\DEAM\DEAM_audio\MEMD_audio\1627.mp3,0.09443333333333334,0.04023860777357432,-0.005000000000000003,0.144,0.149,0.16806666666666667,0.031143681363783714,0.09799999999999999,0.22600000000000003,0.12800000000000006
1628,..\data\music\DEAM\DEAM_audio\MEMD_audio\1628.mp3,0.0900666666666667,0.03544473005806208,0.04300000000000002,0.2,0.157,0.22603333333333328,0.04297051961002515,0.12999999999999998,0.3430000000000001,0.2130000000000001
1629,..\data\music\DEAM\DEAM_audio\MEMD_audio\1629.mp3,0.3464333333333333,0.010518819114119018,0.31300000000000006,0.37700000000000006,0.064,0.4549500000000001,0.010735338839552295,0.42299999999999993,0.4720000000000001,0.049000000000000155
163,..\data\music\DEAM\DEAM_audio\MEMD_audio\163.mp3,-0.14353578900000005,0.031865871805626354,-0.18233139999999998,-0.0655659,0.11676549999999998,-0.07769768350000002,0.009772517895902232,-0.101104,-0.05588789999999999,0.04521610000000001
1630,..\data\music\DEAM\DEAM_audio\MEMD_audio\1630.mp3,0.30039999999999994,0.04685587832207752,0.181,0.368,0.187,0.4106833333333333,0.025724496539723012,0.341,0.45199999999999996,0.11099999999999993
1631,..\data\music\DEAM\DEAM_audio\MEMD_audio\1631.mp3,0.29731666666666656,0.019732791377693,0.265,0.32599999999999996,0.06099999999999994,0.17495000000000002,0.023154859101277212,0.13,0.21399999999999997,0.08399999999999996
1632,..\data\music\DEAM\DEAM_audio\MEMD_audio\1632.mp3,0.13328333333333334,0.06684162666748586,0.021000000000000008,0.221,0.19999999999999998,-0.09375,0.0743356408460975,-0.16,0.17,0.33
1633,..\data\music\DEAM\DEAM_audio\MEMD_audio\1633.mp3,0.3250833333333334,0.05175142241738117,0.26000000000000006,0.42300000000000004,0.16299999999999998,0.5488333333333333,0.06162796082587478,0.46399999999999997,0.6370000000000001,0.17300000000000015
1634,..\data\music\DEAM\DEAM_audio\MEMD_audio\1634.mp3,0.31045000000000006,0.021749655169680276,0.24699999999999997,0.34299999999999997,0.096,0.5042333333333333,0.042945456362952106,0.379,0.553,0.17400000000000004
1635,..\data\music\DEAM\DEAM_audio\MEMD_audio\1635.mp3,0.4632000000000001,0.026984439960836715,0.40800000000000003,0.5090000000000001,0.10100000000000009,0.41320000000000007,0.08719533626672166,0.26399999999999996,0.512,0.24800000000000005
1636,..\data\music\DEAM\DEAM_audio\MEMD_audio\1636.mp3,0.054983333333333335,0.019697285486979056,0.010999999999999987,0.082,0.07100000000000002,0.40545000000000003,0.0427728204198258,0.346,0.48500000000000004,0.13900000000000007
1637,..\data\music\DEAM\DEAM_audio\MEMD_audio\1637.mp3,0.18891666666666665,0.030755103460871153,0.12200000000000003,0.23700000000000002,0.11499999999999999,0.08195,0.07609389484928034,-0.08399999999999999,0.16,0.244
1638,..\data\music\DEAM\DEAM_audio\MEMD_audio\1638.mp3,0.27003333333333335,0.02715386201302169,0.18400000000000002,0.324,0.13999999999999999,0.13878333333333334,0.014712910052814915,0.079,0.16599999999999998,0.08699999999999998
1639,..\data\music\DEAM\DEAM_audio\MEMD_audio\1639.mp3,0.3711,0.019713531731613526,0.32999999999999996,0.41,0.08000000000000002,0.2364,0.012311512227721387,0.21399999999999997,0.27599999999999997,0.062
164,..\data\music\DEAM\DEAM_audio\MEMD_audio\164.mp3,-0.369360665,0.013584311033895246,-0.39421300000000004,-0.34504060000000003,0.049172400000000005,-0.15600240566666665,0.01837560542275069,-0.262707,-0.12701343,0.13569357
1640,..\data\music\DEAM\DEAM_audio\MEMD_audio\1640.mp3,0.5167833333333334,0.009022364188811924,0.49399999999999994,0.5359999999999999,0.04199999999999998,0.5193833333333334,0.032354335962210004,0.45599999999999996,0.5740000000000001,0.1180000000000001
1641,..\data\music\DEAM\DEAM_audio\MEMD_audio\1641.mp3,0.04916666666666667,0.019055328796836742,0.021,0.09000000000000001,0.069,0.35055000000000003,0.03956531519736278,0.254,0.40199999999999997,0.14799999999999996
1642,..\data\music\DEAM\DEAM_audio\MEMD_audio\1642.mp3,0.1630666666666666,0.029652918162561267,0.10200000000000001,0.203,0.101,0.3359833333333333,0.02909495469817557,0.28600000000000003,0.391,0.10499999999999998
1643,..\data\music\DEAM\DEAM_audio\MEMD_audio\1643.mp3,0.08511666666666667,0.013791412384362798,0.019999999999999983,0.10299999999999998,0.08299999999999999,0.24666666666666665,0.019623681838250667,0.172,0.267,0.09500000000000003
1644,..\data\music\DEAM\DEAM_audio\MEMD_audio\1644.mp3,0.20626666666666663,0.02598580809253817,0.15699999999999997,0.265,0.10800000000000004,0.3608333333333334,0.029109658572752484,0.29200000000000004,0.41900000000000004,0.127
1645,..\data\music\DEAM\DEAM_audio\MEMD_audio\1645.mp3,0.38386666666666674,0.023154169290984197,0.35100000000000003,0.469,0.11799999999999994,0.4275166666666667,0.016333494897160118,0.402,0.472,0.06999999999999995
1646,..\data\music\DEAM\DEAM_audio\MEMD_audio\1646.mp3,0.16571666666666668,0.017471015679945138,0.08399999999999999,0.20199999999999996,0.11799999999999997,0.010233333333333343,0.023644849098458817,-0.04899999999999999,0.08,0.129
1647,..\data\music\DEAM\DEAM_audio\MEMD_audio\1647.mp3,0.5534259259259259,0.0278349719830095,0.5066666666666667,0.5933333333333333,0.08666666666666656,0.3355333333333333,0.04545857699293086,0.27,0.45100000000000007,0.18100000000000005
1648,..\data\music\DEAM\DEAM_audio\MEMD_audio\1648.mp3,-0.09568333333333331,0.017417894693548805,-0.124,-0.045,0.079,-0.19925,0.03473788757730288,-0.25,-0.122,0.128
1649,..\data\music\DEAM\DEAM_audio\MEMD_audio\1649.mp3,0.32123333333333337,0.0239905305392681,0.263,0.356,0.09299999999999997,0.4742833333333332,0.036201331313763706,0.39,0.528,0.138
1650,..\data\music\DEAM\DEAM_audio\MEMD_audio\1650.mp3,0.30979999999999996,0.023073650195262405,0.26599999999999996,0.349,0.08300000000000002,0.21611666666666662,0.02192950194499537,0.179,0.257,0.07800000000000001
1651,..\data\music\DEAM\DEAM_audio\MEMD_audio\1651.mp3,0.05708333333333334,0.05201419410977053,-0.02400000000000001,0.182,0.20600000000000002,0.42115,0.030552045758017572,0.358,0.48599999999999993,0.12799999999999995
1652,..\data\music\DEAM\DEAM_audio\MEMD_audio\1652.mp3,0.5689999999999998,0.024311862673737427,0.501,0.6,0.09899999999999998,0.5528333333333334,0.03598016428842734,0.42000000000000004,0.5920000000000001,0.17200000000000004
1653,..\data\music\DEAM\DEAM_audio\MEMD_audio\1653.mp3,0.10696666666666665,0.030443371838363903,0.04500000000000002,0.141,0.09599999999999997,-0.015316666666666666,0.0395362667545747,-0.06599999999999998,0.10799999999999998,0.17399999999999996
1654,..\data\music\DEAM\DEAM_audio\MEMD_audio\1654.mp3,-0.18686666666666665,0.022666029402806515,-0.257,-0.161,0.096,-0.37423333333333336,0.05857114382431754,-0.42700000000000005,-0.187,0.24000000000000005
1655,..\data\music\DEAM\DEAM_audio\MEMD_audio\1655.mp3,0.41071666666666673,0.04511470258007792,0.335,0.469,0.13399999999999995,0.40330000000000005,0.047998020792528524,0.31,0.457,0.14700000000000002
1656,..\data\music\DEAM\DEAM_audio\MEMD_audio\1656.mp3,0.2716,0.018820379025584644,0.24399999999999994,0.31499999999999995,0.07100000000000001,0.16713333333333333,0.02443185534411081,0.14000000000000004,0.21799999999999997,0.07799999999999993
1657,..\data\music\DEAM\DEAM_audio\MEMD_audio\1657.mp3,0.32765,0.029591003700449228,0.24300000000000002,0.384,0.141,0.45954999999999996,0.01201863136966935,0.43599999999999994,0.484,0.04800000000000004
1658,..\data\music\DEAM\DEAM_audio\MEMD_audio\1658.mp3,0.4227333333333333,0.023997129457962715,0.379,0.47800000000000004,0.09900000000000003,0.38285,0.04182894731323432,0.284,0.441,0.15700000000000003
1659,..\data\music\DEAM\DEAM_audio\MEMD_audio\1659.mp3,0.04953333333333333,0.026681745736655903,0.018000000000000016,0.10999999999999999,0.09199999999999997,0.3041499999999999,0.033540435795220855,0.233,0.347,0.11399999999999996
166,..\data\music\DEAM\DEAM_audio\MEMD_audio\166.mp3,-0.12511505500000003,0.006989525867526708,-0.1370789,-0.1111801,0.0258988,-0.2547050248333333,0.01941621592001092,-0.28752890000000003,-0.213441,0.07408790000000004
1660,..\data\music\DEAM\DEAM_audio\MEMD_audio\1660.mp3,0.26471666666666666,0.08489721072502258,0.05900000000000001,0.335,0.276,0.38464999999999994,0.03931362147313995,0.31999999999999995,0.4589999999999999,0.13899999999999996
1661,..\data\music\DEAM\DEAM_audio\MEMD_audio\1661.mp3,0.26275,0.019573472694780904,0.22399999999999998,0.29500000000000004,0.07100000000000006,0.5357166666666667,0.03541755293008757,0.4680000000000001,0.5770000000000001,0.10899999999999999
1662,..\data\music\DEAM\DEAM_audio\MEMD_audio\1662.mp3,0.3642,0.027225478263322868,0.309,0.41200000000000003,0.10300000000000004,0.4295833333333333,0.11541205766970603,0.22299999999999995,0.5459999999999999,0.32299999999999995
1663,..\data\music\DEAM\DEAM_audio\MEMD_audio\1663.mp3,-0.041916666666666665,0.06971687783855181,-0.129,0.089,0.218,0.3328499999999999,0.060742029655475524,0.196,0.434,0.238
1664,..\data\music\DEAM\DEAM_audio\MEMD_audio\1664.mp3,0.09471666666666669,0.015723752379406413,0.046000000000000006,0.12200000000000003,0.07600000000000001,0.14705,0.012765089110538945,0.126,0.184,0.057999999999999996
1665,..\data\music\DEAM\DEAM_audio\MEMD_audio\1665.mp3,0.29281666666666667,0.011988177046110405,0.265,0.312,0.046999999999999986,0.3998166666666668,0.10021385327832122,0.242,0.489,0.247
1666,..\data\music\DEAM\DEAM_audio\MEMD_audio\1666.mp3,-0.01036666666666667,0.037343436133037124,-0.07,0.03700000000000001,0.10700000000000001,-0.006950000000000008,0.056072995580166166,-0.05600000000000001,0.12999999999999998,0.186
1667,..\data\music\DEAM\DEAM_audio\MEMD_audio\1667.mp3,0.49633333333333335,0.021173688929439244,0.44555555555555554,0.5355555555555556,0.09000000000000002,0.7520333333333333,0.04432642803364853,0.6559999999999999,0.8300000000000001,0.17400000000000015
1668,..\data\music\DEAM\DEAM_audio\MEMD_audio\1668.mp3,0.31275000000000003,0.005290321351298043,0.303,0.327,0.02400000000000002,0.3404333333333333,0.01210284631352843,0.318,0.365,0.046999999999999986
1669,..\data\music\DEAM\DEAM_audio\MEMD_audio\1669.mp3,0.22346666666666667,0.08374852569183266,0.06100000000000001,0.334,0.273,0.19866666666666663,0.10637052641069746,0.014000000000000004,0.33899999999999997,0.32499999999999996
167,..\data\music\DEAM\DEAM_audio\MEMD_audio\167.mp3,-0.20093580333333333,0.06284940416757337,-0.26888599999999996,-0.0420861,0.22679989999999994,-0.42663188333333335,0.04062760964726724,-0.485992,-0.3134099999999999,0.17258200000000007
1670,..\data\music\DEAM\DEAM_audio\MEMD_audio\1670.mp3,0.32931666666666665,0.013498755086632577,0.29100000000000004,0.355,0.06399999999999995,0.3545333333333333,0.04938099049454378,0.265,0.42699999999999994,0.16199999999999992
1671,..\data\music\DEAM\DEAM_audio\MEMD_audio\1671.mp3,0.021,0.02490649179096352,-0.014000000000000002,0.092,0.106,-0.044883333333333324,0.1393577042083509,-0.21600000000000003,0.16499999999999998,0.381
1672,..\data\music\DEAM\DEAM_audio\MEMD_audio\1672.mp3,0.14509999999999995,0.021575989741685862,0.119,0.21400000000000002,0.09500000000000003,-0.09251666666666666,0.027463607232521774,-0.129,-0.026000000000000002,0.10300000000000001
1673,..\data\music\DEAM\DEAM_audio\MEMD_audio\1673.mp3,0.3982833333333333,0.00863151525258198,0.378,0.41200000000000003,0.03400000000000003,0.4483166666666667,0.016676821906133347,0.356,0.4700000000000001,0.1140000000000001
1674,..\data\music\DEAM\DEAM_audio\MEMD_audio\1674.mp3,0.25856666666666667,0.024550198007800707,0.22200000000000003,0.31799999999999995,0.09599999999999992,0.2337833333333333,0.03616586404639355,0.184,0.29999999999999993,0.11599999999999994
1675,..\data\music\DEAM\DEAM_audio\MEMD_audio\1675.mp3,0.20161666666666672,0.030012825961948708,0.138,0.279,0.14100000000000001,0.40696666666666675,0.06657075600859252,0.27799999999999997,0.4790000000000001,0.20100000000000012
1676,..\data\music\DEAM\DEAM_audio\MEMD_audio\1676.mp3,0.2862,0.02109091431556883,0.23600000000000004,0.309,0.07299999999999995,0.25458333333333333,0.027332088386282448,0.209,0.302,0.093
1677,..\data\music\DEAM\DEAM_audio\MEMD_audio\1677.mp3,0.5068333333333332,0.015796799957234643,0.48200000000000004,0.5409999999999999,0.058999999999999886,0.4741,0.01607347711811812,0.43800000000000006,0.5,0.061999999999999944
1678,..\data\music\DEAM\DEAM_audio\MEMD_audio\1678.mp3,0.19425,0.042859703296530965,0.13799999999999998,0.30200000000000005,0.16400000000000006,0.1378333333333333,0.03609578307164917,0.052000000000000005,0.188,0.136
1679,..\data\music\DEAM\DEAM_audio\MEMD_audio\1679.mp3,0.16555,0.027668529053782392,0.118,0.20600000000000002,0.08800000000000002,0.3436833333333334,0.03148041278142472,0.29,0.38800000000000007,0.09800000000000009
168,..\data\music\DEAM\DEAM_audio\MEMD_audio\168.mp3,-0.21183602666666665,0.028316372033483073,-0.25285539999999995,-0.118573,0.13428239999999997,-0.17087849866666668,0.040507344005255165,-0.26083920000000005,-0.11120780000000001,0.14963140000000003
1680,..\data\music\DEAM\DEAM_audio\MEMD_audio\1680.mp3,0.4739166666666667,0.013158383470455464,0.43499999999999994,0.496,0.061000000000000054,0.5199166666666667,0.02068678456298986,0.488,0.562,0.07400000000000007
1681,..\data\music\DEAM\DEAM_audio\MEMD_audio\1681.mp3,0.15458333333333332,0.03338477280970406,0.08099999999999999,0.22199999999999998,0.141,0.2000333333333333,0.028413592209050622,0.135,0.24299999999999997,0.10799999999999996
1682,..\data\music\DEAM\DEAM_audio\MEMD_audio\1682.mp3,0.3099333333333333,0.040956426710455206,0.264,0.392,0.128,0.33525,0.06761598060616539,0.173,0.437,0.264
1683,..\data\music\DEAM\DEAM_audio\MEMD_audio\1683.mp3,0.3492833333333333,0.051258850184355685,0.272,0.418,0.14599999999999996,0.31718333333333326,0.04028709126038045,0.22999999999999998,0.382,0.15200000000000002
1684,..\data\music\DEAM\DEAM_audio\MEMD_audio\1684.mp3,0.30893333333333334,0.04123140658392446,0.17900000000000002,0.366,0.18699999999999997,0.31906666666666667,0.04751907219445916,0.217,0.40499999999999997,0.18799999999999997
1685,..\data\music\DEAM\DEAM_audio\MEMD_audio\1685.mp3,0.23826666666666665,0.0543742790501375,0.10699999999999998,0.30699999999999994,0.19999999999999996,0.2715666666666667,0.07834312704733937,0.075,0.362,0.287
1686,..\data\music\DEAM\DEAM_audio\MEMD_audio\1686.mp3,-0.004583333333333338,0.013188747308048464,-0.03800000000000001,0.018,0.05600000000000001,0.02011666666666666,0.06417971945162185,-0.11700000000000002,0.177,0.29400000000000004
1687,..\data\music\DEAM\DEAM_audio\MEMD_audio\1687.mp3,0.2982833333333332,0.0186798391023287,0.26999999999999996,0.33899999999999997,0.069,0.276,0.049588641172483565,0.161,0.33599999999999997,0.17499999999999996
1688,..\data\music\DEAM\DEAM_audio\MEMD_audio\1688.mp3,0.19899999999999998,0.02644365078174092,0.15099999999999997,0.24900000000000003,0.09800000000000006,0.3398000000000001,0.029075075236360097,0.23399999999999999,0.387,0.15300000000000002
1689,..\data\music\DEAM\DEAM_audio\MEMD_audio\1689.mp3,0.5527,0.010641585094962743,0.524,0.5700000000000001,0.04600000000000004,0.5791999999999999,0.027263406488062608,0.5199999999999999,0.615,0.09500000000000008
169,..\data\music\DEAM\DEAM_audio\MEMD_audio\169.mp3,-0.3917067064450001,0.025193154949373076,-0.4209994000000001,-0.3212738,0.09972560000000008,-0.5045051178333334,0.038529351898624796,-0.5672539999999999,-0.4341888000000001,0.13306519999999983
1690,..\data\music\DEAM\DEAM_audio\MEMD_audio\1690.mp3,0.2968166666666666,0.09761753457015578,0.07199999999999998,0.372,0.30000000000000004,0.18798333333333334,0.10836181548661666,0.013000000000000006,0.30400000000000005,0.29100000000000004
1691,..\data\music\DEAM\DEAM_audio\MEMD_audio\1691.mp3,-0.06518333333333333,0.016153938288300543,-0.10500000000000001,-0.04000000000000001,0.065,0.04521666666666667,0.04265836833364456,-0.09300000000000001,0.10700000000000001,0.2
1692,..\data\music\DEAM\DEAM_audio\MEMD_audio\1692.mp3,-0.055166666666666676,0.13238065904386823,-0.21200000000000002,0.126,0.338,0.011299999999999996,0.15126051478602515,-0.15999999999999998,0.19,0.35
1693,..\data\music\DEAM\DEAM_audio\MEMD_audio\1693.mp3,-0.02205,0.07084829449840929,-0.14499999999999996,0.08600000000000001,0.23099999999999998,-0.008916666666666666,0.05251453502497083,-0.12999999999999998,0.081,0.21099999999999997
1694,..\data\music\DEAM\DEAM_audio\MEMD_audio\1694.mp3,-0.037633333333333345,0.06781444454457243,-0.15100000000000002,0.146,0.29700000000000004,0.5694166666666669,0.04407580275943806,0.496,0.645,0.14900000000000002
1695,..\data\music\DEAM\DEAM_audio\MEMD_audio\1695.mp3,0.3304833333333334,0.027591358349228764,0.286,0.406,0.12000000000000005,0.39021666666666666,0.04442450212314021,0.313,0.506,0.193
1696,..\data\music\DEAM\DEAM_audio\MEMD_audio\1696.mp3,0.13995000000000005,0.021592764992006006,0.08099999999999999,0.17500000000000002,0.09400000000000003,0.07515000000000001,0.04021476718818598,-0.03599999999999999,0.14700000000000002,0.183
1697,..\data\music\DEAM\DEAM_audio\MEMD_audio\1697.mp3,-0.15724999999999997,0.05007115769915186,-0.30700000000000005,-0.072,0.23500000000000004,-0.15981666666666675,0.06587045156129484,-0.304,-0.044000000000000004,0.26
1698,..\data\music\DEAM\DEAM_audio\MEMD_audio\1698.mp3,0.15941666666666665,0.024814170458743033,0.10400000000000001,0.182,0.07799999999999999,0.2263,0.02362646820834633,0.162,0.257,0.095
1699,..\data\music\DEAM\DEAM_audio\MEMD_audio\1699.mp3,0.19828333333333334,0.021451566894337172,0.15899999999999997,0.24099999999999996,0.08199999999999999,0.24215000000000003,0.017729283685473593,0.19999999999999996,0.291,0.09100000000000003
17,..\data\music\DEAM\DEAM_audio\MEMD_audio\17.mp3,0.17061281616666665,0.01336388802959816,0.1445635,0.19085159999999998,0.04628809999999997,0.0312822475,0.03398439668739099,-0.0167392,0.08586959999999998,0.10260879999999997
170,..\data\music\DEAM\DEAM_audio\MEMD_audio\170.mp3,-0.17195737592333332,0.019682766342742686,-0.21690170500000003,-0.13583249999999997,0.08106920500000006,-0.4097484766666667,0.038811111123265414,-0.465217,-0.3361857,0.12903130000000002
1700,..\data\music\DEAM\DEAM_audio\MEMD_audio\1700.mp3,0.28175,0.014024532077755746,0.242,0.32099999999999995,0.07899999999999996,0.2333666666666667,0.042404389185816876,0.16599999999999998,0.29000000000000004,0.12400000000000005
1701,..\data\music\DEAM\DEAM_audio\MEMD_audio\1701.mp3,0.0774,0.017081373871364488,0.03599999999999999,0.10300000000000001,0.06700000000000002,-0.02046666666666667,0.020869808070245608,-0.085,0.073,0.158
1702,..\data\music\DEAM\DEAM_audio\MEMD_audio\1702.mp3,-0.02623333333333334,0.06812497502547962,-0.125,0.07999999999999999,0.205,-0.013866666666666671,0.11640424772700045,-0.143,0.18399999999999997,0.32699999999999996
1703,..\data\music\DEAM\DEAM_audio\MEMD_audio\1703.mp3,0.08420000000000002,0.02198696583584617,0.038,0.121,0.08299999999999999,0.5105500000000001,0.04421516519626873,0.399,0.562,0.16300000000000003
1704,..\data\music\DEAM\DEAM_audio\MEMD_audio\1704.mp3,0.17001666666666668,0.06541750317936494,-0.010000000000000026,0.253,0.263,0.4294333333333332,0.06899066764586514,0.173,0.476,0.303
1705,..\data\music\DEAM\DEAM_audio\MEMD_audio\1705.mp3,-0.014916666666666672,0.022784711004433557,-0.05600000000000001,0.043,0.099,0.0824,0.01823567931281969,0.05600000000000001,0.126,0.06999999999999999
1706,..\data\music\DEAM\DEAM_audio\MEMD_audio\1706.mp3,0.2917666666666667,0.01915147223815675,0.253,0.329,0.07600000000000001,0.17870000000000003,0.04375397124833356,0.10900000000000001,0.269,0.16
1707,..\data\music\DEAM\DEAM_audio\MEMD_audio\1707.mp3,-0.2992666666666666,0.054485125391145875,-0.365,-0.142,0.223,0.06325,0.06164593119852545,-0.05500000000000001,0.21300000000000002,0.268
1708,..\data\music\DEAM\DEAM_audio\MEMD_audio\1708.mp3,-0.03228333333333333,0.01711246296968642,-0.06400000000000002,0.012000000000000002,0.07600000000000001,0.1650166666666667,0.02321026473112465,0.128,0.21100000000000002,0.08300000000000002
1709,..\data\music\DEAM\DEAM_audio\MEMD_audio\1709.mp3,-0.04638333333333332,0.033358203222329325,-0.132,0.010999999999999992,0.143,0.15278333333333333,0.021250954226941322,0.095,0.188,0.093
171,..\data\music\DEAM\DEAM_audio\MEMD_audio\171.mp3,-0.1857943261666667,0.013604120198638978,-0.21389530000000004,-0.1646929,0.049202400000000035,-0.45098157333333333,0.028888472693387974,-0.49832,-0.3899826,0.10833739999999997
1710,..\data\music\DEAM\DEAM_audio\MEMD_audio\1710.mp3,-0.12988333333333332,0.006303680582714262,-0.144,-0.11200000000000002,0.03199999999999997,0.01795,0.06272490866208309,-0.21200000000000002,0.127,0.339
1711,..\data\music\DEAM\DEAM_audio\MEMD_audio\1711.mp3,0.1597333333333333,0.03401218735819396,0.121,0.253,0.132,0.053033333333333335,0.032512544587521224,0.0019999999999999905,0.10600000000000001,0.10400000000000002
1712,..\data\music\DEAM\DEAM_audio\MEMD_audio\1712.mp3,-0.22611666666666663,0.05393301143290835,-0.292,-0.12400000000000003,0.16799999999999995,-0.06653333333333336,0.11208381784281897,-0.252,0.10600000000000001,0.358
1713,..\data\music\DEAM\DEAM_audio\MEMD_audio\1713.mp3,0.36476666666666663,0.02136614663953756,0.32300000000000006,0.41100000000000003,0.08799999999999997,0.4431666666666666,0.054759220431103844,0.31,0.49399999999999994,0.18399999999999994
1714,..\data\music\DEAM\DEAM_audio\MEMD_audio\1714.mp3,0.2536,0.013473678042761755,0.20600000000000002,0.277,0.07100000000000001,0.05209999999999999,0.013741300278115364,0.03199999999999999,0.074,0.04200000000000001
1715,..\data\music\DEAM\DEAM_audio\MEMD_audio\1715.mp3,0.3579833333333333,0.010218433778661428,0.339,0.37699999999999995,0.03799999999999992,0.41156666666666664,0.02631562695856252,0.37499999999999994,0.465,0.09000000000000008
1716,..\data\music\DEAM\DEAM_audio\MEMD_audio\1716.mp3,0.3473333333333334,0.045382693715654315,0.297,0.42200000000000004,0.12500000000000006,0.24615000000000004,0.05903158053110217,0.165,0.363,0.19799999999999998
1717,..\data\music\DEAM\DEAM_audio\MEMD_audio\1717.mp3,0.29824999999999996,0.031332424632213404,0.254,0.366,0.11199999999999999,0.22987037037037036,0.06254285499209652,0.13888888888888892,0.33666666666666667,0.19777777777777775
1718,..\data\music\DEAM\DEAM_audio\MEMD_audio\1718.mp3,0.08306666666666666,0.02002071149806842,0.01399999999999999,0.10700000000000001,0.09300000000000003,-0.02668333333333333,0.032519989579060785,-0.07799999999999999,0.01200000000000001,0.09
1719,..\data\music\DEAM\DEAM_audio\MEMD_audio\1719.mp3,0.07268333333333334,0.012250838973537919,0.050999999999999976,0.099,0.04800000000000003,-0.0024333333333333308,0.04793202362605703,-0.07200000000000002,0.11500000000000002,0.18700000000000006
172,..\data\music\DEAM\DEAM_audio\MEMD_audio\172.mp3,-0.016503962500000007,0.018343327547225508,-0.048823300000000014,0.03716479999999999,0.08598810000000001,-0.183078418,0.02119549283693695,-0.22255268,-0.151731,0.07082168
1720,..\data\music\DEAM\DEAM_audio\MEMD_audio\1720.mp3,0.6375999999999998,0.051360555552550896,0.5609999999999999,0.716,0.15500000000000003,0.4911,0.0643557042278823,0.29500000000000004,0.5900000000000001,0.29500000000000004
1721,..\data\music\DEAM\DEAM_audio\MEMD_audio\1721.mp3,-0.027033333333333333,0.05680462618093314,-0.10899999999999999,0.087,0.19599999999999998,-0.12253333333333333,0.11901000891615049,-0.418,0.03499999999999999,0.45299999999999996
1722,..\data\music\DEAM\DEAM_audio\MEMD_audio\1722.mp3,0.23565000000000003,0.012734238624014127,0.20600000000000002,0.263,0.056999999999999995,0.05576666666666666,0.04445835754451074,-0.03500000000000002,0.163,0.198
1723,..\data\music\DEAM\DEAM_audio\MEMD_audio\1723.mp3,0.039899999999999984,0.01276675369857193,0.0040000000000000036,0.06299999999999997,0.05899999999999997,-0.11325,0.05850943656083749,-0.21800000000000003,0.007999999999999997,0.22600000000000003
1724,..\data\music\DEAM\DEAM_audio\MEMD_audio\1724.mp3,-0.15401666666666666,0.016330433416035087,-0.19,-0.129,0.061,-0.14087037037037037,0.01207161699607235,-0.16111111111111112,-0.0988888888888889,0.06222222222222222
1725,..\data\music\DEAM\DEAM_audio\MEMD_audio\1725.mp3,0.2940166666666667,0.01520689719246574,0.24299999999999997,0.318,0.07500000000000004,0.1822833333333333,0.017446195064317677,0.13699999999999998,0.22900000000000004,0.09200000000000005
1726,..\data\music\DEAM\DEAM_audio\MEMD_audio\1726.mp3,0.10921666666666666,0.040395169540704025,0.05399999999999999,0.19699999999999998,0.143,0.0058000000000000005,0.10339258516289584,-0.08399999999999999,0.22999999999999998,0.31399999999999995
1727,..\data\music\DEAM\DEAM_audio\MEMD_audio\1727.mp3,0.24363333333333334,0.018097851315065614,0.16999999999999998,0.26799999999999996,0.09799999999999998,0.22401666666666667,0.011427294323485136,0.186,0.24800000000000005,0.062000000000000055
1728,..\data\music\DEAM\DEAM_audio\MEMD_audio\1728.mp3,-0.28286666666666666,0.03145603633998127,-0.331,-0.213,0.11800000000000002,0.2695,0.06816193952639553,0.164,0.36100000000000004,0.19700000000000004
1729,..\data\music\DEAM\DEAM_audio\MEMD_audio\1729.mp3,0.25693333333333335,0.03165483989675021,0.175,0.35700000000000004,0.18200000000000005,0.3365999999999999,0.014780843458116097,0.282,0.367,0.08500000000000002
173,..\data\music\DEAM\DEAM_audio\MEMD_audio\173.mp3,-0.46864551616666666,0.025171400686865242,-0.5098879999999999,-0.3973238,0.11256419999999989,-0.0654362375,0.05015455726647047,-0.1636492,0.004040499999999997,0.1676897
1730,..\data\music\DEAM\DEAM_audio\MEMD_audio\1730.mp3,0.35861666666666664,0.014753634203891001,0.333,0.385,0.05199999999999999,0.14836666666666665,0.03186793930513166,0.08499999999999999,0.209,0.124
1731,..\data\music\DEAM\DEAM_audio\MEMD_audio\1731.mp3,-0.015483333333333333,0.03038063619405551,-0.064,0.064,0.128,0.2746666666666667,0.02760414622640753,0.217,0.34400000000000003,0.12700000000000003
1732,..\data\music\DEAM\DEAM_audio\MEMD_audio\1732.mp3,-0.08391666666666668,0.025241032511017104,-0.11699999999999999,-0.008999999999999998,0.108,-0.019749999999999997,0.04803631438817929,-0.123,0.033000000000000015,0.15600000000000003
1733,..\data\music\DEAM\DEAM_audio\MEMD_audio\1733.mp3,-0.13658333333333333,0.02206376491495099,-0.171,-0.064,0.10700000000000001,0.09958333333333332,0.036862036327666735,0.021999999999999985,0.147,0.125
1734,..\data\music\DEAM\DEAM_audio\MEMD_audio\1734.mp3,0.24361666666666662,0.026952483909444946,0.17400000000000002,0.278,0.10400000000000001,0.25365000000000004,0.0462784417052548,0.15,0.304,0.154
1735,..\data\music\DEAM\DEAM_audio\MEMD_audio\1735.mp3,0.039466666666666664,0.008603229367833658,0.01399999999999999,0.055999999999999994,0.042,-0.09938333333333334,0.014808884345404134,-0.12100000000000002,-0.022,0.09900000000000003
1736,..\data\music\DEAM\DEAM_audio\MEMD_audio\1736.mp3,0.12438333333333333,0.055300118042871806,-0.025,0.166,0.191,0.011566666666666668,0.04594756673523516,-0.16999999999999998,0.10400000000000001,0.274
1737,..\data\music\DEAM\DEAM_audio\MEMD_audio\1737.mp3,-0.09588333333333333,0.023021071265738755,-0.15499999999999997,-0.04299999999999998,0.11199999999999999,0.049466666666666666,0.06478360560786621,-0.07699999999999999,0.157,0.23399999999999999
1738,..\data\music\DEAM\DEAM_audio\MEMD_audio\1738.mp3,-0.4119999999999999,0.03383390804109592,-0.4680000000000001,-0.354,0.1140000000000001,0.22508333333333336,0.03662298534466511,0.139,0.28500000000000003,0.14600000000000002
1739,..\data\music\DEAM\DEAM_audio\MEMD_audio\1739.mp3,0.044366666666666665,0.04037737265130339,-0.018000000000000006,0.13399999999999998,0.152,0.040299999999999996,0.02625534866143151,-0.019000000000000003,0.098,0.117
174,..\data\music\DEAM\DEAM_audio\MEMD_audio\174.mp3,-0.3077799766666666,0.05068481711950442,-0.37254529999999997,-0.19889310000000002,0.17365219999999995,-0.11422541583333333,0.022256531161598484,-0.1377408,-0.039801599999999986,0.0979392
1740,..\data\music\DEAM\DEAM_audio\MEMD_audio\1740.mp3,0.28405,0.01896876819054592,0.23400000000000004,0.33299999999999996,0.09899999999999992,0.2338,0.018369177081912696,0.161,0.265,0.10400000000000001
1741,..\data\music\DEAM\DEAM_audio\MEMD_audio\1741.mp3,-0.28381666666666666,0.09578073774106263,-0.40199999999999997,-0.07100000000000001,0.33099999999999996,-0.02345000000000001,0.06920125841823013,-0.10300000000000001,0.186,0.28900000000000003
1742,..\data\music\DEAM\DEAM_audio\MEMD_audio\1742.mp3,0.43374999999999997,0.037810327072551664,0.372,0.503,0.131,0.357,0.02731971205314336,0.27799999999999997,0.417,0.139
1743,..\data\music\DEAM\DEAM_audio\MEMD_audio\1743.mp3,0.48279999999999995,0.030517645169093017,0.425,0.5249999999999999,0.09999999999999992,0.5307666666666667,0.03702808243602263,0.4130000000000001,0.585,0.17199999999999988
1744,..\data\music\DEAM\DEAM_audio\MEMD_audio\1744.mp3,0.12345,0.020099274447933014,0.06600000000000002,0.17300000000000001,0.107,0.035916666666666666,0.02084489679087479,-0.026999999999999996,0.061999999999999986,0.08899999999999998
1745,..\data\music\DEAM\DEAM_audio\MEMD_audio\1745.mp3,0.4760666666666667,0.016366496944130164,0.43600000000000005,0.511,0.07499999999999996,0.46175,0.06075432083399501,0.37699999999999995,0.554,0.1770000000000001
1746,..\data\music\DEAM\DEAM_audio\MEMD_audio\1746.mp3,0.25630000000000003,0.04075917074720731,0.181,0.32,0.139,0.22336666666666669,0.03562675336815797,0.161,0.27599999999999997,0.11499999999999996
1747,..\data\music\DEAM\DEAM_audio\MEMD_audio\1747.mp3,-0.20095,0.03770871915088075,-0.261,-0.147,0.11400000000000002,-0.028700000000000003,0.02594950224313882,-0.091,0.016000000000000004,0.107
1748,..\data\music\DEAM\DEAM_audio\MEMD_audio\1748.mp3,0.22949999999999998,0.013118053717428258,0.21200000000000002,0.26,0.04799999999999999,0.19611666666666672,0.06733871884403175,0.11699999999999999,0.273,0.15600000000000003
1749,..\data\music\DEAM\DEAM_audio\MEMD_audio\1749.mp3,0.42985,0.051264615802065004,0.34700000000000003,0.517,0.16999999999999998,0.10988333333333333,0.09810353232965445,-0.024999999999999994,0.275,0.30000000000000004
175,..\data\music\DEAM\DEAM_audio\MEMD_audio\175.mp3,0.0529609985,0.021932641823050172,0.0201094,0.10782960000000001,0.08772020000000001,-0.17121221766666664,0.021826105480043875,-0.2151039,-0.1292615,0.08584239999999999
1750,..\data\music\DEAM\DEAM_audio\MEMD_audio\1750.mp3,0.1882833333333333,0.023777504541524577,0.157,0.233,0.07600000000000001,0.4000666666666666,0.11041329428812255,0.253,0.526,0.273
1751,..\data\music\DEAM\DEAM_audio\MEMD_audio\1751.mp3,0.10068333333333333,0.039407483073931805,0.03400000000000001,0.183,0.149,0.16933333333333334,0.10054512530313055,0.07399999999999998,0.41200000000000003,0.3380000000000001
1752,..\data\music\DEAM\DEAM_audio\MEMD_audio\1752.mp3,0.023733333333333342,0.010926827332558871,-0.0010000000000000065,0.047000000000000014,0.04800000000000002,0.45538333333333336,0.05731785401503521,0.344,0.5279999999999999,0.18399999999999994
1753,..\data\music\DEAM\DEAM_audio\MEMD_audio\1753.mp3,-0.23698333333333327,0.07366624999882163,-0.367,-0.11299999999999999,0.254,0.10223333333333333,0.04731573616556007,0.05700000000000001,0.251,0.194
1754,..\data\music\DEAM\DEAM_audio\MEMD_audio\1754.mp3,-0.07691666666666665,0.025734731179650763,-0.13,-0.017,0.113,-0.13069999999999998,0.03034869574352963,-0.179,-0.07300000000000001,0.10599999999999998
1755,..\data\music\DEAM\DEAM_audio\MEMD_audio\1755.mp3,0.36110000000000003,0.05139640065218575,0.285,0.445,0.16000000000000003,0.3643666666666665,0.027525725341134163,0.312,0.438,0.126
1756,..\data\music\DEAM\DEAM_audio\MEMD_audio\1756.mp3,-0.012883333333333337,0.04605579647437323,-0.123,0.071,0.194,0.059483333333333326,0.07664039223687613,-0.08000000000000002,0.15999999999999998,0.24
1757,..\data\music\DEAM\DEAM_audio\MEMD_audio\1757.mp3,0.12113333333333334,0.029285643050629584,0.043,0.172,0.129,-0.12104999999999998,0.05295357243221021,-0.21500000000000002,-0.024999999999999994,0.19000000000000003
1758,..\data\music\DEAM\DEAM_audio\MEMD_audio\1758.mp3,0.14941666666666667,0.06564431726272191,0.055999999999999994,0.274,0.21800000000000003,-0.20371666666666666,0.03216887298132916,-0.259,-0.13799999999999998,0.12100000000000002
1759,..\data\music\DEAM\DEAM_audio\MEMD_audio\1759.mp3,0.32493333333333335,0.014014119863750108,0.29900000000000004,0.351,0.051999999999999935,0.11914999999999999,0.019454926539739667,0.07,0.158,0.088
176,..\data\music\DEAM\DEAM_audio\MEMD_audio\176.mp3,-0.26411541266666666,0.025839246728842535,-0.3046639,-0.2136949,0.090969,-0.5774332666666667,0.019104088033600464,-0.600344,-0.537174,0.06316999999999995
1760,..\data\music\DEAM\DEAM_audio\MEMD_audio\1760.mp3,0.11313333333333335,0.02455433883360648,0.04399999999999999,0.141,0.097,0.04346666666666666,0.09079821339407265,-0.123,0.134,0.257
1761,..\data\music\DEAM\DEAM_audio\MEMD_audio\1761.mp3,0.5886333333333335,0.08869666785674019,0.44699999999999995,0.716,0.269,0.5705166666666666,0.08487019336741389,0.403,0.657,0.254
1762,..\data\music\DEAM\DEAM_audio\MEMD_audio\1762.mp3,0.5119333333333334,0.03254784512409728,0.46099999999999997,0.5650000000000001,0.10400000000000009,0.30435,0.02950865692188198,0.23799999999999993,0.34700000000000003,0.1090000000000001
1763,..\data\music\DEAM\DEAM_audio\MEMD_audio\1763.mp3,0.15358333333333332,0.025925721890731526,0.11000000000000001,0.20500000000000002,0.095,-0.051100000000000007,0.03428153049870051,-0.11299999999999996,0.027000000000000003,0.13999999999999996
1764,..\data\music\DEAM\DEAM_audio\MEMD_audio\1764.mp3,0.15181666666666666,0.0652647152415113,0.05899999999999998,0.262,0.203,0.011499999999999984,0.07059284666310035,-0.094,0.11199999999999996,0.20599999999999996
1765,..\data\music\DEAM\DEAM_audio\MEMD_audio\1765.mp3,0.2510666666666667,0.028474471997836162,0.181,0.28300000000000003,0.10200000000000004,0.17180000000000004,0.03729825733194515,0.096,0.221,0.125
1766,..\data\music\DEAM\DEAM_audio\MEMD_audio\1766.mp3,-0.11036666666666667,0.08301404834256804,-0.20799999999999996,0.02899999999999999,0.23699999999999996,-0.19021666666666665,0.014465005665014068,-0.21400000000000002,-0.166,0.048000000000000015
1767,..\data\music\DEAM\DEAM_audio\MEMD_audio\1767.mp3,-0.22373333333333328,0.05428347405569724,-0.34,-0.11000000000000003,0.22999999999999998,-0.2518666666666667,0.08873583768066252,-0.421,-0.004999999999999982,0.416
1768,..\data\music\DEAM\DEAM_audio\MEMD_audio\1768.mp3,0.002416666666666673,0.04151035680673225,-0.053000000000000005,0.06600000000000002,0.11900000000000002,-0.11864999999999999,0.03134795314955455,-0.185,-0.05000000000000001,0.13499999999999998
1769,..\data\music\DEAM\DEAM_audio\MEMD_audio\1769.mp3,0.36191666666666666,0.02105808765191074,0.314,0.4050000000000001,0.09100000000000008,0.26531666666666676,0.009547236365683123,0.24100000000000002,0.28800000000000003,0.047000000000000014
177,..\data\music\DEAM\DEAM_audio\MEMD_audio\177.mp3,0.14611082288333332,0.04032773605448907,0.03494020000000001,0.19336440000000005,0.15842420000000004,0.045105427000000003,0.01993320463213833,0.0019053,0.0699613,0.068056
1770,..\data\music\DEAM\DEAM_audio\MEMD_audio\1770.mp3,-0.024166666666666663,0.05170498579011076,-0.10400000000000001,0.09500000000000001,0.199,-0.1373,0.03778328554621298,-0.18,-0.02899999999999999,0.151
1771,..\data\music\DEAM\DEAM_audio\MEMD_audio\1771.mp3,0.0772,0.014980876698867345,0.05400000000000003,0.11000000000000001,0.05599999999999999,0.32409999999999994,0.05077259759620997,0.273,0.42300000000000004,0.15000000000000002
1772,..\data\music\DEAM\DEAM_audio\MEMD_audio\1772.mp3,0.13699999999999998,0.025271195724249632,0.04700000000000001,0.179,0.13199999999999998,0.07751666666666668,0.039936404305957345,-0.023000000000000007,0.159,0.182
1773,..\data\music\DEAM\DEAM_audio\MEMD_audio\1773.mp3,0.2749666666666667,0.03120308033227204,0.20299999999999999,0.33199999999999996,0.12899999999999998,0.08295,0.013159818894397192,0.05399999999999998,0.11499999999999999,0.06100000000000001
1774,..\data\music\DEAM\DEAM_audio\MEMD_audio\1774.mp3,0.24016666666666672,0.007804201147814911,0.22500000000000003,0.261,0.035999999999999976,0.24494999999999997,0.01621668379581144,0.205,0.27599999999999997,0.07099999999999998
1775,..\data\music\DEAM\DEAM_audio\MEMD_audio\1775.mp3,0.05278333333333333,0.03722324169416498,-0.02799999999999999,0.10500000000000001,0.133,-0.11688333333333333,0.023566283589531504,-0.184,-0.081,0.103
1776,..\data\music\DEAM\DEAM_audio\MEMD_audio\1776.mp3,0.21021666666666666,0.016114270762967283,0.172,0.23199999999999998,0.06,-0.11983333333333333,0.06015595472510504,-0.22800000000000004,-0.02899999999999999,0.19900000000000004
1777,..\data\music\DEAM\DEAM_audio\MEMD_audio\1777.mp3,0.3733333333333333,0.045542532013736585,0.29100000000000004,0.43999999999999995,0.1489999999999999,0.2002833333333333,0.03667837313125483,0.162,0.298,0.13599999999999998
1778,..\data\music\DEAM\DEAM_audio\MEMD_audio\1778.mp3,0.04826666666666666,0.03695847519702198,0.0040000000000000036,0.14200000000000002,0.138,-0.04253333333333333,0.06252371994335874,-0.134,0.13,0.264
1779,..\data\music\DEAM\DEAM_audio\MEMD_audio\1779.mp3,0.29483333333333334,0.04016348535119376,0.22799999999999998,0.346,0.118,0.08763333333333331,0.023330928447496943,0.04,0.13399999999999998,0.09399999999999997
178,..\data\music\DEAM\DEAM_audio\MEMD_audio\178.mp3,-0.13240142783333336,0.020276798196832604,-0.16695680000000004,-0.0943303,0.07262650000000004,-0.5048562499999999,0.008875998116315335,-0.521269,-0.48791799999999996,0.03335100000000002
1780,..\data\music\DEAM\DEAM_audio\MEMD_audio\1780.mp3,0.22056666666666666,0.044235116768869896,0.15,0.302,0.152,-0.07933333333333333,0.0444018267892462,-0.16599999999999998,-0.022,0.144
1781,..\data\music\DEAM\DEAM_audio\MEMD_audio\1781.mp3,0.09545,0.021344339608742487,0.043,0.132,0.08900000000000001,-0.14478333333333335,0.09403440711900206,-0.24,0.04,0.27999999999999997
1782,..\data\music\DEAM\DEAM_audio\MEMD_audio\1782.mp3,0.06978333333333332,0.08645597948603029,-0.045000000000000005,0.194,0.23900000000000002,0.28113333333333324,0.07251792115669677,0.157,0.37,0.213
1783,..\data\music\DEAM\DEAM_audio\MEMD_audio\1783.mp3,-0.0755,0.050527715167024916,-0.16499999999999998,0.02200000000000001,0.187,-0.02725,0.0426073643869226,-0.142,0.036,0.178
1784,..\data\music\DEAM\DEAM_audio\MEMD_audio\1784.mp3,0.3375333333333333,0.033122231540495914,0.29300000000000004,0.381,0.08799999999999997,0.17636666666666664,0.00911037259879578,0.153,0.189,0.036000000000000004
1785,..\data\music\DEAM\DEAM_audio\MEMD_audio\1785.mp3,0.2592166666666667,0.03328417625372286,0.175,0.304,0.129,0.35028333333333334,0.022887472313230427,0.323,0.40800000000000003,0.08500000000000002
1786,..\data\music\DEAM\DEAM_audio\MEMD_audio\1786.mp3,-0.06378333333333334,0.04571873856041477,-0.12900000000000003,0.03600000000000003,0.16500000000000006,-0.1486833333333333,0.038764026135351605,-0.225,-0.051000000000000004,0.174
1787,..\data\music\DEAM\DEAM_audio\MEMD_audio\1787.mp3,0.07308333333333335,0.008246800726477037,0.05600000000000001,0.10200000000000001,0.046,-0.00735,0.04043918273160327,-0.05500000000000001,0.093,0.14800000000000002
1788,..\data\music\DEAM\DEAM_audio\MEMD_audio\1788.mp3,-0.16918333333333332,0.0385761116351673,-0.293,-0.09399999999999999,0.199,0.3470166666666667,0.016383418107613835,0.32199999999999995,0.38300000000000006,0.06100000000000011
1789,..\data\music\DEAM\DEAM_audio\MEMD_audio\1789.mp3,0.23998333333333335,0.03606359737402185,0.2,0.356,0.15599999999999997,0.31825000000000003,0.025965120835459245,0.286,0.384,0.09800000000000003
179,..\data\music\DEAM\DEAM_audio\MEMD_audio\179.mp3,0.2720994041666666,0.05410686749782383,0.18528454,0.3289582,0.14367365999999998,0.11127679583333333,0.02046846416855853,0.077696,0.14375099999999996,0.06605499999999996
1790,..\data\music\DEAM\DEAM_audio\MEMD_audio\1790.mp3,-0.20075,0.08362488166409165,-0.29700000000000004,-0.046000000000000006,0.25100000000000006,-0.013049999999999996,0.09850777042108574,-0.142,0.17200000000000001,0.314
1791,..\data\music\DEAM\DEAM_audio\MEMD_audio\1791.mp3,0.28056666666666674,0.04562249688719614,0.23700000000000002,0.409,0.17199999999999996,0.05345,0.02985209372891624,-0.028999999999999998,0.11500000000000003,0.14400000000000002
1792,..\data\music\DEAM\DEAM_audio\MEMD_audio\1792.mp3,0.3839333333333333,0.020691275670893003,0.34199999999999997,0.426,0.08400000000000002,0.17636666666666664,0.023921375843003318,0.14100000000000001,0.21800000000000003,0.07700000000000001
1793,..\data\music\DEAM\DEAM_audio\MEMD_audio\1793.mp3,0.12411666666666665,0.048138027818162864,0.04299999999999999,0.193,0.15000000000000002,0.1527666666666667,0.016251529842517046,0.101,0.18399999999999997,0.08299999999999996
1794,..\data\music\DEAM\DEAM_audio\MEMD_audio\1794.mp3,-0.054049999999999994,0.02660540358648972,-0.099,0.00899999999999999,0.108,0.15845,0.023554493555724493,0.11400000000000002,0.20300000000000007,0.08900000000000005
1795,..\data\music\DEAM\DEAM_audio\MEMD_audio\1795.mp3,-0.041483333333333344,0.07584007112924465,-0.13899999999999998,0.09,0.22899999999999998,-0.05578333333333334,0.1409609983490311,-0.233,0.11399999999999999,0.347
1796,..\data\music\DEAM\DEAM_audio\MEMD_audio\1796.mp3,0.44026666666666664,0.026657623466634996,0.367,0.46900000000000003,0.10200000000000004,0.5372333333333333,0.003993188645125039,0.528,0.546,0.018000000000000016
1797,..\data\music\DEAM\DEAM_audio\MEMD_audio\1797.mp3,-0.030833333333333334,0.03261347710516143,-0.06,0.082,0.14200000000000002,0.09813333333333332,0.061615870971329735,-0.027000000000000003,0.202,0.229
1798,..\data\music\DEAM\DEAM_audio\MEMD_audio\1798.mp3,0.19811666666666666,0.021090354562111,0.16799999999999998,0.24500000000000002,0.07700000000000004,0.021866666666666652,0.013064540643368297,-0.001000000000000012,0.049999999999999975,0.05099999999999999
1799,..\data\music\DEAM\DEAM_audio\MEMD_audio\1799.mp3,0.3536666666666667,0.015418243162637638,0.302,0.375,0.07300000000000001,0.1948,0.020850899261182963,0.15899999999999997,0.23900000000000002,0.08000000000000004
18,..\data\music\DEAM\DEAM_audio\MEMD_audio\18.mp3,-0.03895281650000001,0.07854644636413728,-0.1823487,0.08229199999999999,0.2646407,-0.15023335916666666,0.02332393602442652,-0.17646070000000003,-0.11444449999999999,0.062016200000000035
180,..\data\music\DEAM\DEAM_audio\MEMD_audio\180.mp3,0.24145956833333335,0.012566865338838372,0.21808199999999997,0.26002639999999994,0.041944399999999965,0.06408026583333333,0.01825633941123031,0.0261791,0.09015680000000001,0.06397770000000001
1800,..\data\music\DEAM\DEAM_audio\MEMD_audio\1800.mp3,-0.14281666666666668,0.034523176595183454,-0.20500000000000002,-0.06299999999999999,0.14200000000000002,-0.22328333333333333,0.0968480066335332,-0.334,-0.03700000000000001,0.297
1801,..\data\music\DEAM\DEAM_audio\MEMD_audio\1801.mp3,-0.16938333333333333,0.07078066865716624,-0.259,-0.024,0.23500000000000001,-0.06435,0.059461142774083986,-0.17200000000000001,0.021999999999999995,0.194
1802,..\data\music\DEAM\DEAM_audio\MEMD_audio\1802.mp3,0.3006,0.08324245711574513,0.13399999999999998,0.395,0.261,0.39351666666666674,0.18799694072569964,-0.0040000000000000036,0.591,0.595
1803,..\data\music\DEAM\DEAM_audio\MEMD_audio\1803.mp3,0.18969999999999995,0.012344094404478072,0.16999999999999998,0.223,0.05300000000000002,0.011950000000000007,0.03128494046662068,-0.050999999999999976,0.082,0.13299999999999998
1804,..\data\music\DEAM\DEAM_audio\MEMD_audio\1804.mp3,0.2199333333333333,0.035794257764184594,0.11800000000000002,0.271,0.153,0.47805,0.009807182741915915,0.46299999999999997,0.5079999999999999,0.04499999999999993
1805,..\data\music\DEAM\DEAM_audio\MEMD_audio\1805.mp3,0.27686666666666665,0.016064937666303666,0.22600000000000003,0.302,0.07599999999999996,0.3134166666666668,0.02356925374767351,0.265,0.351,0.08599999999999997
1806,..\data\music\DEAM\DEAM_audio\MEMD_audio\1806.mp3,0.3861,0.03246726556600253,0.34700000000000003,0.4640000000000001,0.11700000000000005,0.4420666666666666,0.022268712480867776,0.404,0.479,0.07499999999999996
1807,..\data\music\DEAM\DEAM_audio\MEMD_audio\1807.mp3,0.30325,0.02062411614267789,0.271,0.342,0.07100000000000001,0.3947833333333333,0.03203648527677293,0.335,0.433,0.09799999999999998
1808,..\data\music\DEAM\DEAM_audio\MEMD_audio\1808.mp3,0.2177666666666667,0.011504153839181549,0.19299999999999998,0.24199999999999994,0.04899999999999996,0.3226333333333333,0.037913922977655,0.259,0.38,0.121
1809,..\data\music\DEAM\DEAM_audio\MEMD_audio\1809.mp3,-0.016866666666666665,0.03279098792181914,-0.09000000000000001,0.045000000000000005,0.135,0.22103703703703703,0.03191995303756632,0.15555555555555556,0.2922222222222222,0.13666666666666666
181,..\data\music\DEAM\DEAM_audio\MEMD_audio\181.mp3,-0.44829398333333337,0.0627806826610149,-0.521816,-0.34169700000000003,0.18011899999999992,-0.048221453433333325,0.03227063295046326,-0.1635248,-0.0022478,0.161277
1810,..\data\music\DEAM\DEAM_audio\MEMD_audio\1810.mp3,0.08689999999999999,0.05250450774298653,0.018999999999999996,0.149,0.13,0.04805,0.052187937622915646,-0.05200000000000001,0.10799999999999998,0.16
1811,..\data\music\DEAM\DEAM_audio\MEMD_audio\1811.mp3,0.14356666666666665,0.01328579023702475,0.10800000000000001,0.172,0.06399999999999997,0.3138333333333333,0.026524935857080253,0.253,0.35,0.09699999999999998
1812,..\data\music\DEAM\DEAM_audio\MEMD_audio\1812.mp3,0.2127166666666667,0.030103206732100082,0.179,0.279,0.10000000000000003,0.26310000000000006,0.017650967867702518,0.236,0.326,0.09000000000000002
1813,..\data\music\DEAM\DEAM_audio\MEMD_audio\1813.mp3,0.43438333333333345,0.021505884207712905,0.382,0.46699999999999997,0.08499999999999996,0.32838333333333325,0.04145684168170823,0.21000000000000002,0.38099999999999995,0.17099999999999993
1814,..\data\music\DEAM\DEAM_audio\MEMD_audio\1814.mp3,0.4844166666666666,0.011785996870109134,0.461,0.511,0.04999999999999999,0.4228833333333333,0.024070100170589692,0.34900000000000003,0.45899999999999996,0.10999999999999993
1815,..\data\music\DEAM\DEAM_audio\MEMD_audio\1815.mp3,0.46169999999999994,0.01640863593761936,0.42000000000000004,0.48200000000000004,0.062,0.42645,0.042214304447663234,0.35000000000000003,0.483,0.13299999999999995
1816,..\data\music\DEAM\DEAM_audio\MEMD_audio\1816.mp3,0.15259999999999999,0.020683487778096487,0.122,0.221,0.099,0.21216666666666664,0.03105648974941559,0.15,0.258,0.10800000000000001
1817,..\data\music\DEAM\DEAM_audio\MEMD_audio\1817.mp3,0.4805,0.037453304260105014,0.404,0.537,0.133,0.5133500000000001,0.05699351571304698,0.36499999999999994,0.563,0.198
1818,..\data\music\DEAM\DEAM_audio\MEMD_audio\1818.mp3,0.11591666666666664,0.028929968122269945,0.06899999999999998,0.15899999999999997,0.09,0.06289999999999998,0.010374166633196773,0.03199999999999999,0.07899999999999999,0.047
1819,..\data\music\DEAM\DEAM_audio\MEMD_audio\1819.mp3,-0.0697,0.022668847934261386,-0.11299999999999999,-0.016999999999999994,0.096,0.125,0.025899806949087473,0.08500000000000002,0.179,0.09399999999999997
182,..\data\music\DEAM\DEAM_audio\MEMD_audio\182.mp3,-0.19683294445000002,0.027775414510574276,-0.25268219999999997,-0.1421131,0.11056909999999998,-0.4288116451666667,0.0381544161413437,-0.4679620000000001,-0.335478,0.1324840000000001
1820,..\data\music\DEAM\DEAM_audio\MEMD_audio\1820.mp3,0.09274999999999999,0.012644662905748016,0.066,0.11699999999999999,0.05099999999999999,0.26908333333333334,0.0264482461086217,0.21999999999999997,0.30300000000000005,0.08300000000000007
1821,..\data\music\DEAM\DEAM_audio\MEMD_audio\1821.mp3,0.3399833333333334,0.020653887177854813,0.312,0.38899999999999996,0.07699999999999996,0.4921000000000001,0.04202487358696038,0.41,0.545,0.13500000000000006
1822,..\data\music\DEAM\DEAM_audio\MEMD_audio\1822.mp3,0.03356666666666667,0.059881095143254987,-0.07200000000000002,0.177,0.249,0.012933333333333333,0.03239334636756273,-0.063,0.061,0.124
1823,..\data\music\DEAM\DEAM_audio\MEMD_audio\1823.mp3,-0.19908333333333336,0.14600688244813056,-0.4,0.10700000000000001,0.507,0.2532,0.13121214374693627,0.06499999999999999,0.45000000000000007,0.38500000000000006
1824,..\data\music\DEAM\DEAM_audio\MEMD_audio\1824.mp3,0.39473333333333344,0.023500969247151397,0.313,0.41400000000000003,0.10100000000000003,0.3907,0.027039662226687175,0.352,0.437,0.08500000000000002
1825,..\data\music\DEAM\DEAM_audio\MEMD_audio\1825.mp3,0.22565000000000002,0.06810037322462582,0.063,0.34700000000000003,0.28400000000000003,0.30026666666666657,0.022351634292721318,0.236,0.328,0.09200000000000003
1826,..\data\music\DEAM\DEAM_audio\MEMD_audio\1826.mp3,0.16658333333333336,0.02476643674186679,0.13699999999999998,0.20700000000000002,0.07000000000000003,0.08875000000000002,0.03159252284956047,-1.1102230246251566e-17,0.134,0.134
1827,..\data\music\DEAM\DEAM_audio\MEMD_audio\1827.mp3,0.14305,0.026313763825547006,0.094,0.188,0.094,0.49165000000000003,0.047718907852827744,0.4130000000000001,0.549,0.13599999999999995
1828,..\data\music\DEAM\DEAM_audio\MEMD_audio\1828.mp3,0.22260000000000002,0.014314561350829678,0.191,0.24700000000000003,0.05600000000000002,0.5887333333333336,0.04344071311057814,0.5360000000000001,0.659,0.12299999999999989
1829,..\data\music\DEAM\DEAM_audio\MEMD_audio\1829.mp3,0.06548333333333334,0.020602986568834032,0.031999999999999994,0.12,0.088,0.2527,0.023172037746675048,0.21799999999999997,0.304,0.08600000000000002
1830,..\data\music\DEAM\DEAM_audio\MEMD_audio\1830.mp3,0.2566166666666667,0.00924678622849882,0.223,0.26899999999999996,0.04599999999999996,0.27690000000000003,0.0083520456576019,0.26,0.299,0.03899999999999998
1831,..\data\music\DEAM\DEAM_audio\MEMD_audio\1831.mp3,0.38933333333333336,0.024017123520984406,0.31899999999999995,0.42000000000000004,0.10100000000000009,0.39548333333333335,0.02616199002794363,0.346,0.44300000000000006,0.09700000000000009
1832,..\data\music\DEAM\DEAM_audio\MEMD_audio\1832.mp3,0.40109999999999996,0.011953660527219264,0.372,0.42400000000000004,0.052000000000000046,0.23466666666666663,0.06690108785031493,0.16299999999999998,0.33399999999999996,0.17099999999999999
1833,..\data\music\DEAM\DEAM_audio\MEMD_audio\1833.mp3,0.14375,0.028797931059944794,0.099,0.198,0.099,0.15708333333333332,0.07900006153302808,0.026999999999999996,0.272,0.24500000000000002
1834,..\data\music\DEAM\DEAM_audio\MEMD_audio\1834.mp3,0.5037166666666667,0.02103417193256937,0.43600000000000005,0.526,0.08999999999999997,0.45180000000000003,0.009500526301210906,0.43100000000000005,0.47300000000000003,0.04199999999999998
1835,..\data\music\DEAM\DEAM_audio\MEMD_audio\1835.mp3,0.06493333333333333,0.023740869589989517,0.02699999999999999,0.11000000000000001,0.08300000000000002,-0.08994999999999999,0.025456777093732817,-0.123,-0.041,0.08199999999999999
1836,..\data\music\DEAM\DEAM_audio\MEMD_audio\1836.mp3,0.07819999999999999,0.07815727733231244,-0.03200000000000001,0.21999999999999997,0.252,0.21234999999999998,0.09082911152268308,0.019999999999999993,0.358,0.33799999999999997
1837,..\data\music\DEAM\DEAM_audio\MEMD_audio\1837.mp3,-0.06505,0.022044216928709445,-0.10400000000000001,-0.01799999999999998,0.08600000000000002,-0.016466666666666664,0.05393467241848131,-0.13699999999999998,0.068,0.205
1838,..\data\music\DEAM\DEAM_audio\MEMD_audio\1838.mp3,0.06780000000000001,0.017559233088795954,0.03700000000000001,0.12200000000000003,0.08500000000000002,0.3534833333333333,0.009533260489232196,0.32499999999999996,0.371,0.04600000000000004
1839,..\data\music\DEAM\DEAM_audio\MEMD_audio\1839.mp3,0.42364999999999997,0.02400890459808611,0.378,0.46499999999999997,0.08699999999999997,0.4105,0.012495999359795125,0.382,0.434,0.05199999999999999
184,..\data\music\DEAM\DEAM_audio\MEMD_audio\184.mp3,-0.15515012700000003,0.07851736879458716,-0.25842390000000004,-0.049585000000000004,0.20883890000000005,-0.134907115,0.028126527898325364,-0.2174493,-0.11456130000000002,0.102888
1840,..\data\music\DEAM\DEAM_audio\MEMD_audio\1840.mp3,0.13675,0.02706881662233008,0.08499999999999996,0.20900000000000002,0.12400000000000005,0.3594166666666666,0.022372819570978426,0.326,0.4,0.07400000000000001
1841,..\data\music\DEAM\DEAM_audio\MEMD_audio\1841.mp3,0.28343333333333326,0.02732298584627155,0.24200000000000005,0.33199999999999996,0.08999999999999991,0.0015166666666666568,0.03472582692399931,-0.05900000000000002,0.094,0.15300000000000002
1842,..\data\music\DEAM\DEAM_audio\MEMD_audio\1842.mp3,0.2249,0.051280828126438575,0.151,0.295,0.144,0.43155,0.11511956465634617,0.23700000000000002,0.556,0.31900000000000006
1843,..\data\music\DEAM\DEAM_audio\MEMD_audio\1843.mp3,0.30119999999999997,0.0320706511731001,0.258,0.386,0.128,0.27736666666666665,0.02239044935284288,0.244,0.329,0.08500000000000002
1844,..\data\music\DEAM\DEAM_audio\MEMD_audio\1844.mp3,0.48595000000000005,0.025038919705131054,0.4159999999999999,0.515,0.09900000000000009,0.4482833333333333,0.025759847092368834,0.346,0.481,0.135
1845,..\data\music\DEAM\DEAM_audio\MEMD_audio\1845.mp3,0.27735,0.02139846178272323,0.236,0.31899999999999995,0.08299999999999996,0.3734,0.08238248195662311,0.23800000000000007,0.506,0.2679999999999999
1846,..\data\music\DEAM\DEAM_audio\MEMD_audio\1846.mp3,0.30211666666666664,0.06634482940583153,0.09600000000000002,0.369,0.27299999999999996,0.3641,0.052741097195008496,0.21600000000000003,0.42400000000000004,0.20800000000000002
1847,..\data\music\DEAM\DEAM_audio\MEMD_audio\1847.mp3,-0.22436666666666666,0.025187276329307406,-0.268,-0.174,0.09400000000000003,-0.13730000000000003,0.04127642587886375,-0.21399999999999997,-0.054000000000000006,0.15999999999999998
1848,..\data\music\DEAM\DEAM_audio\MEMD_audio\1848.mp3,0.20083333333333334,0.022668749904267375,0.159,0.24400000000000005,0.08500000000000005,0.29373333333333335,0.03458413252088625,0.246,0.36500000000000005,0.11900000000000005
1849,..\data\music\DEAM\DEAM_audio\MEMD_audio\1849.mp3,0.39893333333333325,0.03645676282331654,0.30500000000000005,0.46099999999999997,0.15599999999999992,0.3608666666666666,0.06005066379501747,0.2899999999999999,0.46299999999999997,0.17300000000000004
185,..\data\music\DEAM\DEAM_audio\MEMD_audio\185.mp3,-0.17613116883333335,0.019315292537439178,-0.24720550000000002,-0.10165081000000002,0.14555469,-0.1785001586666667,0.1002228816375174,-0.305977,-0.025916700000000015,0.2800603
1850,..\data\music\DEAM\DEAM_audio\MEMD_audio\1850.mp3,-0.19356666666666672,0.004306455103162638,-0.202,-0.18300000000000005,0.01899999999999996,-0.07743333333333334,0.0447043497759322,-0.194,-0.031000000000000017,0.16299999999999998
1851,..\data\music\DEAM\DEAM_audio\MEMD_audio\1851.mp3,0.14033333333333334,0.01299444325685235,0.11599999999999999,0.16199999999999998,0.045999999999999985,-0.021433333333333346,0.01635172433992479,-0.06300000000000001,0.012,0.07500000000000001
1852,..\data\music\DEAM\DEAM_audio\MEMD_audio\1852.mp3,0.09690000000000001,0.026982525209228784,-0.017999999999999988,0.124,0.142,0.2593333333333333,0.007228800422999351,0.244,0.273,0.029000000000000026
1853,..\data\music\DEAM\DEAM_audio\MEMD_audio\1853.mp3,0.3914666666666668,0.015535407586828505,0.352,0.41999999999999993,0.06799999999999995,0.28425,0.013357426149274924,0.253,0.308,0.05499999999999999
1854,..\data\music\DEAM\DEAM_audio\MEMD_audio\1854.mp3,0.12626666666666667,0.048793738213923396,0.01800000000000001,0.219,0.20099999999999998,0.2638666666666667,0.038910781139536235,0.211,0.33499999999999996,0.12399999999999997
1855,..\data\music\DEAM\DEAM_audio\MEMD_audio\1855.mp3,0.2924333333333334,0.0367388834282638,0.188,0.32600000000000007,0.13800000000000007,0.46598333333333325,0.07387906597195777,0.22999999999999998,0.518,0.28800000000000003
1856,..\data\music\DEAM\DEAM_audio\MEMD_audio\1856.mp3,0.2979166666666667,0.02263131434293838,0.253,0.328,0.07500000000000001,0.6551166666666667,0.016598284717269915,0.6209999999999999,0.679,0.05800000000000016
1857,..\data\music\DEAM\DEAM_audio\MEMD_audio\1857.mp3,0.17853333333333332,0.02538796740365186,0.119,0.267,0.14800000000000002,0.34616666666666673,0.012955264910023603,0.316,0.37,0.05399999999999999
1858,..\data\music\DEAM\DEAM_audio\MEMD_audio\1858.mp3,0.23823333333333332,0.017522715416154987,0.197,0.29300000000000004,0.09600000000000003,0.3835,0.025296574208114965,0.29900000000000004,0.4160000000000001,0.11700000000000005
1859,..\data\music\DEAM\DEAM_audio\MEMD_audio\1859.mp3,0.29246666666666665,0.021177398854019404,0.238,0.331,0.09300000000000003,0.31873333333333337,0.021095707830951976,0.271,0.358,0.08699999999999997
186,..\data\music\DEAM\DEAM_audio\MEMD_audio\186.mp3,-0.1826943073333333,0.01595921452665428,-0.23413279999999997,-0.16822879999999998,0.06590399999999999,-0.17949584873333338,0.031387522167838265,-0.25927740000000005,-0.1495557,0.10972170000000003
1860,..\data\music\DEAM\DEAM_audio\MEMD_audio\1860.mp3,-0.16686666666666666,0.05110298969292849,-0.24999999999999994,-0.089,0.16099999999999995,0.11523333333333333,0.04386432364563357,0.05000000000000001,0.178,0.12799999999999997
1861,..\data\music\DEAM\DEAM_audio\MEMD_audio\1861.mp3,0.18275,0.027457618857674698,0.129,0.23500000000000001,0.10600000000000001,0.26541666666666663,0.010331653089199018,0.23399999999999999,0.288,0.05399999999999999
1862,..\data\music\DEAM\DEAM_audio\MEMD_audio\1862.mp3,0.12804999999999997,0.048692033913841255,0.032000000000000015,0.22799999999999998,0.19599999999999995,0.2784333333333333,0.015753694452060728,0.23900000000000002,0.309,0.06999999999999998
1863,..\data\music\DEAM\DEAM_audio\MEMD_audio\1863.mp3,0.5008666666666667,0.01918199387156844,0.46499999999999997,0.5440000000000002,0.07900000000000018,0.46241666666666664,0.01492569559145866,0.42799999999999994,0.49400000000000005,0.06600000000000011
1864,..\data\music\DEAM\DEAM_audio\MEMD_audio\1864.mp3,0.3043518518518518,0.0825148176409274,0.14,0.4411111111111111,0.3011111111111111,0.6906333333333335,0.03834751911430806,0.606,0.741,0.135
1865,..\data\music\DEAM\DEAM_audio\MEMD_audio\1865.mp3,0.4999666666666668,0.01846705775759154,0.4600000000000001,0.5319999999999999,0.07199999999999984,0.43870000000000003,0.015050249167372609,0.409,0.469,0.06
1866,..\data\music\DEAM\DEAM_audio\MEMD_audio\1866.mp3,0.13533333333333333,0.02053831108495103,0.08199999999999999,0.17400000000000002,0.09200000000000003,0.2336,0.015274379420017914,0.185,0.273,0.08800000000000002
1867,..\data\music\DEAM\DEAM_audio\MEMD_audio\1867.mp3,0.06901666666666666,0.008762594111081237,0.03399999999999999,0.086,0.052000000000000005,0.06076666666666667,0.03574276927653418,0.0030000000000000027,0.10800000000000001,0.10500000000000001
1868,..\data\music\DEAM\DEAM_audio\MEMD_audio\1868.mp3,0.3092333333333333,0.019562180064831448,0.277,0.348,0.07099999999999995,0.23704999999999998,0.04105054810839925,0.192,0.30600000000000005,0.11400000000000005
1869,..\data\music\DEAM\DEAM_audio\MEMD_audio\1869.mp3,-0.04993333333333332,0.02747475609031356,-0.10400000000000001,0.009,0.113,0.04808333333333334,0.014897753372759115,0.016000000000000007,0.07600000000000003,0.06000000000000002
187,..\data\music\DEAM\DEAM_audio\MEMD_audio\187.mp3,-0.2507240948333333,0.02131731047971066,-0.2833737,-0.15481289999999998,0.12856080000000003,-0.6443060533333332,0.009744033129415942,-0.664446,-0.6251151,0.039330899999999946
1870,..\data\music\DEAM\DEAM_audio\MEMD_audio\1870.mp3,0.4392166666666667,0.049245673808862536,0.37899999999999995,0.536,0.15700000000000008,0.49745,0.08816942497260602,0.384,0.603,0.21899999999999997
1871,..\data\music\DEAM\DEAM_audio\MEMD_audio\1871.mp3,0.5486166666666666,0.05255825075306656,0.323,0.585,0.26199999999999996,0.5636666666666666,0.06609857957794724,0.27499999999999997,0.615,0.34
1872,..\data\music\DEAM\DEAM_audio\MEMD_audio\1872.mp3,-0.03575,0.050949852796647016,-0.121,0.035,0.156,0.3001166666666666,0.060516138802434796,0.188,0.364,0.176
1873,..\data\music\DEAM\DEAM_audio\MEMD_audio\1873.mp3,0.19353333333333336,0.011603830785085123,0.174,0.22200000000000006,0.04800000000000007,0.060444444444444446,0.027955137487305555,0.015555555555555557,0.09888888888888889,0.08333333333333333
1874,..\data\music\DEAM\DEAM_audio\MEMD_audio\1874.mp3,0.2801666666666666,0.022485674451871697,0.223,0.323,0.1,0.43700000000000006,0.0465535533910499,0.372,0.514,0.14200000000000002
1875,..\data\music\DEAM\DEAM_audio\MEMD_audio\1875.mp3,0.5064,0.01616395166205756,0.475,0.5349999999999999,0.05999999999999994,0.4706166666666667,0.022485618860853172,0.42400000000000004,0.519,0.09499999999999997
1876,..\data\music\DEAM\DEAM_audio\MEMD_audio\1876.mp3,0.39875,0.01567761142521399,0.375,0.43600000000000005,0.061000000000000054,0.39118333333333327,0.030289432517335513,0.331,0.44800000000000006,0.11700000000000005
1877,..\data\music\DEAM\DEAM_audio\MEMD_audio\1877.mp3,0.3341166666666666,0.02065437134254044,0.297,0.376,0.07900000000000001,0.4858833333333334,0.015642987424259985,0.457,0.5170000000000001,0.06000000000000011
1878,..\data\music\DEAM\DEAM_audio\MEMD_audio\1878.mp3,0.5285666666666667,0.02446995890656316,0.4669999999999999,0.5700000000000001,0.10300000000000015,0.40776666666666667,0.015930439067674475,0.37699999999999995,0.43099999999999994,0.05399999999999999
1879,..\data\music\DEAM\DEAM_audio\MEMD_audio\1879.mp3,-0.04386666666666668,0.019955339023819053,-0.10400000000000001,0.0020000000000000018,0.10600000000000001,0.57305,0.04822289394053409,0.45600000000000007,0.615,0.15899999999999992
188,..\data\music\DEAM\DEAM_audio\MEMD_audio\188.mp3,-0.20180703833333333,0.021484726397987104,-0.24209620000000004,-0.16231460000000003,0.07978160000000001,-0.13686356411666664,0.0664327293463989,-0.227448,-0.03622429999999999,0.19122370000000002
1880,..\data\music\DEAM\DEAM_audio\MEMD_audio\1880.mp3,0.22057407407407406,0.016114931432964993,0.17555555555555558,0.23888888888888887,0.0633333333333333,-0.1703703703703704,0.013097712341745244,-0.1955555555555556,-0.13888888888888892,0.05666666666666667
1881,..\data\music\DEAM\DEAM_audio\MEMD_audio\1881.mp3,0.38833333333333336,0.05056371118587803,0.313,0.46699999999999997,0.15399999999999997,0.4941166666666667,0.03636806825896708,0.438,0.5429999999999999,0.10499999999999993
1882,..\data\music\DEAM\DEAM_audio\MEMD_audio\1882.mp3,0.3424833333333334,0.023303427263435355,0.298,0.38500000000000006,0.08700000000000008,0.4240833333333333,0.038461795618798415,0.31900000000000006,0.493,0.17399999999999993
1883,..\data\music\DEAM\DEAM_audio\MEMD_audio\1883.mp3,0.32449999999999996,0.0155043004786844,0.292,0.363,0.07100000000000001,0.23385,0.021252313599543306,0.205,0.286,0.08099999999999999
1884,..\data\music\DEAM\DEAM_audio\MEMD_audio\1884.mp3,0.4748666666666666,0.023200191570090314,0.45,0.527,0.07700000000000001,0.4294666666666667,0.010471336537848852,0.4130000000000001,0.45199999999999996,0.03899999999999987
1885,..\data\music\DEAM\DEAM_audio\MEMD_audio\1885.mp3,-0.28393333333333337,0.03164852111693196,-0.38499999999999995,-0.238,0.14699999999999996,0.20301666666666665,0.03641588099838983,0.08600000000000001,0.26,0.174
1886,..\data\music\DEAM\DEAM_audio\MEMD_audio\1886.mp3,-0.21393333333333334,0.03508032053572044,-0.28700000000000003,-0.142,0.14500000000000005,-0.10315,0.060833057076998306,-0.219,0.03699999999999998,0.256
1887,..\data\music\DEAM\DEAM_audio\MEMD_audio\1887.mp3,0.18230000000000002,0.09315440587182838,0.031000000000000007,0.312,0.28099999999999997,0.2646,0.08848544136372567,0.15,0.46299999999999997,0.31299999999999994
1888,..\data\music\DEAM\DEAM_audio\MEMD_audio\1888.mp3,-0.11563333333333332,0.04167251958891961,-0.186,-0.065,0.121,-0.18741666666666668,0.06936168290602208,-0.276,-0.031000000000000017,0.245
1889,..\data\music\DEAM\DEAM_audio\MEMD_audio\1889.mp3,0.3106666666666666,0.04002110554306176,0.233,0.363,0.12999999999999998,0.4615,0.04657341874216811,0.384,0.5170000000000001,0.13300000000000012
189,..\data\music\DEAM\DEAM_audio\MEMD_audio\189.mp3,0.35519277766666674,0.033960770977339585,0.282348,0.40506288999999995,0.12271488999999997,0.38248852333333333,0.034524332426016144,0.3209350000000001,0.43217300000000003,0.11123799999999995
1890,..\data\music\DEAM\DEAM_audio\MEMD_audio\1890.mp3,0.4556666666666667,0.01374732297172395,0.41100000000000003,0.471,0.05999999999999994,0.43285,0.01852550044308294,0.398,0.4680000000000001,0.07000000000000006
1891,..\data\music\DEAM\DEAM_audio\MEMD_audio\1891.mp3,0.24411666666666668,0.03797766521990993,0.19999999999999998,0.31700000000000006,0.11700000000000008,0.05033333333333333,0.03171837882924591,-0.025000000000000012,0.08799999999999998,0.11299999999999999
1892,..\data\music\DEAM\DEAM_audio\MEMD_audio\1892.mp3,0.16355,0.02960710781777466,0.10800000000000001,0.221,0.11299999999999999,0.4818833333333334,0.0189438571104784,0.426,0.5400000000000001,0.11400000000000016
1893,..\data\music\DEAM\DEAM_audio\MEMD_audio\1893.mp3,0.40048333333333336,0.04989638987163523,0.35,0.533,0.18300000000000005,0.4133666666666667,0.04700140659833728,0.33399999999999996,0.507,0.17300000000000004
1894,..\data\music\DEAM\DEAM_audio\MEMD_audio\1894.mp3,0.07876666666666668,0.04141632796642192,0.015999999999999997,0.149,0.133,0.24506666666666668,0.046549209326140956,0.15899999999999997,0.33299999999999996,0.174
1895,..\data\music\DEAM\DEAM_audio\MEMD_audio\1895.mp3,0.4555833333333333,0.08046765223091547,0.327,0.5389999999999999,0.2119999999999999,0.41530000000000006,0.022809574013266155,0.336,0.45100000000000007,0.11500000000000005
1896,..\data\music\DEAM\DEAM_audio\MEMD_audio\1896.mp3,0.045166666666666674,0.029803896091320378,-0.011000000000000005,0.11499999999999999,0.126,-0.3893148148148147,0.08213310778054113,-0.49666666666666665,-0.25,0.24666666666666665
1897,..\data\music\DEAM\DEAM_audio\MEMD_audio\1897.mp3,-0.04348333333333334,0.030120586352563296,-0.092,0.02599999999999999,0.118,0.10695,0.03405604449531195,0.051000000000000004,0.17800000000000002,0.127
1898,..\data\music\DEAM\DEAM_audio\MEMD_audio\1898.mp3,0.15535,0.05248962595916772,0.078,0.28,0.202,0.17305555555555555,0.03571297616646737,0.10777777777777778,0.23888888888888887,0.1311111111111111
1899,..\data\music\DEAM\DEAM_audio\MEMD_audio\1899.mp3,0.2793333333333333,0.03188503654624776,0.221,0.341,0.12000000000000002,0.03695,0.04103389858803734,-0.03200000000000001,0.10699999999999998,0.13899999999999998
19,..\data\music\DEAM\DEAM_audio\MEMD_audio\19.mp3,-0.007974412666666665,0.04819172344152029,-0.076975,0.08129380000000001,0.15826880000000002,0.28086402383333336,0.018079800927816664,0.21841939999999999,0.32924299999999995,0.11082359999999997
190,..\data\music\DEAM\DEAM_audio\MEMD_audio\190.mp3,-0.28845681500000003,0.03703207380825809,-0.342184,-0.23280340000000002,0.10938059999999997,-0.3165145883333333,0.02636143661846531,-0.394864,-0.27222799999999997,0.12263600000000002
1900,..\data\music\DEAM\DEAM_audio\MEMD_audio\1900.mp3,0.2982833333333333,0.035737045049764375,0.227,0.35800000000000004,0.13100000000000003,0.6319666666666668,0.020068189311002186,0.593,0.677,0.08400000000000007
1901,..\data\music\DEAM\DEAM_audio\MEMD_audio\1901.mp3,0.07520000000000002,0.031071315818076747,0.021000000000000008,0.194,0.173,0.54435,0.030287414878130497,0.44800000000000006,0.5850000000000001,0.137
1902,..\data\music\DEAM\DEAM_audio\MEMD_audio\1902.mp3,0.09083333333333332,0.02707222849260022,0.039999999999999994,0.13,0.09000000000000001,0.6127,0.05430141189079096,0.522,0.682,0.16000000000000003
1903,..\data\music\DEAM\DEAM_audio\MEMD_audio\1903.mp3,-0.3667666666666667,0.023613814224352284,-0.414,-0.328,0.08599999999999997,0.6537999999999999,0.06093925937631121,0.397,0.708,0.31099999999999994
1904,..\data\music\DEAM\DEAM_audio\MEMD_audio\1904.mp3,-0.05123333333333333,0.016539212664318563,-0.088,-0.01800000000000001,0.06999999999999998,-0.014816666666666662,0.014418150212685244,-0.043,0.017999999999999995,0.06099999999999999
1905,..\data\music\DEAM\DEAM_audio\MEMD_audio\1905.mp3,-0.0010000000000000128,0.026297655155292206,-0.04900000000000001,0.051000000000000004,0.1,0.5322333333333333,0.03746303363168672,0.42799999999999994,0.5780000000000001,0.15000000000000013
1906,..\data\music\DEAM\DEAM_audio\MEMD_audio\1906.mp3,0.0635,0.020354770120703074,0.014999999999999996,0.097,0.082,0.26343333333333335,0.09085416274936932,0.136,0.422,0.286
1907,..\data\music\DEAM\DEAM_audio\MEMD_audio\1907.mp3,0.18924999999999997,0.026139768552915704,0.12999999999999998,0.23800000000000004,0.10800000000000007,0.46615,0.030353377077353336,0.406,0.514,0.10799999999999998
1908,..\data\music\DEAM\DEAM_audio\MEMD_audio\1908.mp3,0.08546666666666666,0.0315760809615267,0.023000000000000017,0.17400000000000002,0.151,0.31533333333333324,0.034806927790631305,0.263,0.366,0.10299999999999998
1909,..\data\music\DEAM\DEAM_audio\MEMD_audio\1909.mp3,0.07181666666666667,0.011427294323485134,0.052000000000000005,0.10700000000000001,0.05500000000000001,0.34778333333333333,0.016866230231507635,0.31100000000000005,0.392,0.08099999999999996
191,..\data\music\DEAM\DEAM_audio\MEMD_audio\191.mp3,0.3166224483333334,0.035777741374614896,0.23970410000000003,0.348904,0.10919989999999996,0.09387624793333331,0.016319408535745428,0.0612453,0.1232562,0.062010899999999994
1910,..\data\music\DEAM\DEAM_audio\MEMD_audio\1910.mp3,0.055249999999999994,0.028469647580069084,-0.00500000000000001,0.098,0.10300000000000001,0.14071666666666668,0.0422741416891645,0.08999999999999998,0.246,0.15600000000000003
1911,..\data\music\DEAM\DEAM_audio\MEMD_audio\1911.mp3,0.07703333333333331,0.026524181838884726,0.039,0.11600000000000002,0.07700000000000001,0.36383333333333334,0.0549093697731898,0.292,0.44000000000000006,0.14800000000000008
1912,..\data\music\DEAM\DEAM_audio\MEMD_audio\1912.mp3,0.37909999999999994,0.029657882594682976,0.325,0.43199999999999994,0.10699999999999993,0.4055833333333334,0.05971328486098286,0.317,0.49499999999999994,0.17799999999999994
1913,..\data\music\DEAM\DEAM_audio\MEMD_audio\1913.mp3,0.43901666666666667,0.010129974772371795,0.40800000000000003,0.461,0.05299999999999999,0.4585333333333334,0.050448147196458626,0.33999999999999997,0.507,0.16700000000000004
1914,..\data\music\DEAM\DEAM_audio\MEMD_audio\1914.mp3,0.25648333333333334,0.031812205030284986,0.16799999999999998,0.30500000000000005,0.13700000000000007,0.47453333333333336,0.07461399928223182,0.33099999999999996,0.5429999999999999,0.21199999999999997
1915,..\data\music\DEAM\DEAM_audio\MEMD_audio\1915.mp3,0.4179833333333335,0.009749344707323786,0.40499999999999997,0.437,0.03200000000000003,0.4795333333333333,0.05163379599534484,0.389,0.5549999999999999,0.16599999999999993
1916,..\data\music\DEAM\DEAM_audio\MEMD_audio\1916.mp3,0.22143333333333332,0.026235069828168728,0.166,0.27,0.10400000000000001,0.44060000000000005,0.06904327145590174,0.349,0.529,0.18000000000000005
1917,..\data\music\DEAM\DEAM_audio\MEMD_audio\1917.mp3,-0.03698333333333333,0.019513663304350504,-0.07999999999999999,0.0040000000000000036,0.08399999999999999,0.3053333333333334,0.09293271161915424,0.20800000000000002,0.45499999999999996,0.24699999999999994
1918,..\data\music\DEAM\DEAM_audio\MEMD_audio\1918.mp3,-0.08593333333333329,0.027067733969104658,-0.124,-0.0069999999999999785,0.11700000000000002,0.14501666666666668,0.029522585516102,0.08700000000000001,0.20600000000000004,0.11900000000000004
1919,..\data\music\DEAM\DEAM_audio\MEMD_audio\1919.mp3,0.02311666666666667,0.024210253796457578,-0.05999999999999998,0.04899999999999999,0.10899999999999996,0.37343333333333334,0.006588795202631679,0.359,0.391,0.03200000000000003
192,..\data\music\DEAM\DEAM_audio\MEMD_audio\192.mp3,0.2505051083333333,0.011257592247224267,0.22553589999999998,0.27072029999999997,0.045184399999999986,0.12705863833333333,0.01621609014900624,0.09884499999999999,0.1612517,0.06240670000000001
1920,..\data\music\DEAM\DEAM_audio\MEMD_audio\1920.mp3,0.21851666666666666,0.0625935277981855,0.123,0.371,0.248,0.6062,0.0648718737204345,0.378,0.675,0.29700000000000004
1921,..\data\music\DEAM\DEAM_audio\MEMD_audio\1921.mp3,-0.03731666666666667,0.018772756560742194,-0.11699999999999999,-0.0030000000000000083,0.11399999999999999,0.5463333333333333,0.010060925515191048,0.5269999999999999,0.5700000000000001,0.04300000000000015
1922,..\data\music\DEAM\DEAM_audio\MEMD_audio\1922.mp3,0.29976666666666674,0.04049665281092857,0.227,0.382,0.155,0.3099833333333334,0.06864752767256484,0.242,0.4630000000000001,0.22100000000000009
1923,..\data\music\DEAM\DEAM_audio\MEMD_audio\1923.mp3,0.4141666666666666,0.008957616250369784,0.392,0.43099999999999994,0.038999999999999924,0.51425,0.03021733773845738,0.461,0.5569999999999999,0.09599999999999992
1924,..\data\music\DEAM\DEAM_audio\MEMD_audio\1924.mp3,0.051683333333333345,0.04013082425711632,0.015000000000000013,0.11700000000000003,0.10200000000000002,0.51245,0.036280125413234166,0.46900000000000003,0.562,0.09300000000000003
1925,..\data\music\DEAM\DEAM_audio\MEMD_audio\1925.mp3,0.21470000000000003,0.013110174166145414,0.183,0.253,0.07,0.2878833333333333,0.027918388006632634,0.175,0.329,0.15400000000000003
1926,..\data\music\DEAM\DEAM_audio\MEMD_audio\1926.mp3,0.08336666666666667,0.022083905652961137,0.014000000000000007,0.16799999999999998,0.15399999999999997,0.47826666666666673,0.025872035525296874,0.44899999999999995,0.527,0.07800000000000007
1927,..\data\music\DEAM\DEAM_audio\MEMD_audio\1927.mp3,0.2684166666666667,0.03387146865562356,0.185,0.297,0.11199999999999999,0.1178,0.07187159847023486,-0.047,0.19599999999999998,0.243
1928,..\data\music\DEAM\DEAM_audio\MEMD_audio\1928.mp3,-0.13874999999999998,0.03141423509599854,-0.213,-0.087,0.126,0.4421333333333333,0.012079551132205013,0.4,0.466,0.066
1929,..\data\music\DEAM\DEAM_audio\MEMD_audio\1929.mp3,0.039433333333333334,0.028977213269893446,-0.007000000000000006,0.12199999999999997,0.12899999999999998,0.6411166666666666,0.05012321207673038,0.5029999999999999,0.6900000000000001,0.18700000000000017
193,..\data\music\DEAM\DEAM_audio\MEMD_audio\193.mp3,-0.39461203666666667,0.023843883834175506,-0.418881,-0.3214127,0.09746830000000001,-0.08313046198333335,0.03774388529668952,-0.1322939,0.024545699999999997,0.1568396
1930,..\data\music\DEAM\DEAM_audio\MEMD_audio\1930.mp3,0.03836666666666667,0.015729978455872793,0.016999999999999994,0.075,0.058,0.12898333333333334,0.017778724801164894,0.07100000000000001,0.18100000000000002,0.11000000000000001
1931,..\data\music\DEAM\DEAM_audio\MEMD_audio\1931.mp3,0.0814,0.05708187102749874,-0.018,0.173,0.19099999999999998,0.31204999999999994,0.03581313771974375,0.185,0.372,0.187
1932,..\data\music\DEAM\DEAM_audio\MEMD_audio\1932.mp3,-0.10353333333333334,0.0485230071432328,-0.23299999999999996,-0.007000000000000006,0.22599999999999995,0.5193166666666668,0.04155538138703845,0.31999999999999995,0.556,0.2360000000000001
1933,..\data\music\DEAM\DEAM_audio\MEMD_audio\1933.mp3,0.16933333333333334,0.013475492157575871,0.11900000000000002,0.189,0.06999999999999998,0.5283666666666667,0.019560135196079024,0.487,0.5820000000000001,0.09500000000000008
1934,..\data\music\DEAM\DEAM_audio\MEMD_audio\1934.mp3,0.20761666666666667,0.046699426001706804,0.074,0.24900000000000003,0.17500000000000004,-0.07978333333333334,0.03786207058375029,-0.131,0.024000000000000004,0.155
1935,..\data\music\DEAM\DEAM_audio\MEMD_audio\1935.mp3,0.20736666666666667,0.03206346137826602,0.153,0.281,0.12800000000000003,0.21034999999999998,0.016243793686615618,0.18299999999999997,0.251,0.06800000000000003
1936,..\data\music\DEAM\DEAM_audio\MEMD_audio\1936.mp3,-0.29380000000000006,0.01237308907804891,-0.317,-0.255,0.062,-0.11051666666666664,0.06939368166883463,-0.24100000000000002,-0.02200000000000001,0.219
1937,..\data\music\DEAM\DEAM_audio\MEMD_audio\1937.mp3,0.14048333333333332,0.018490981285180317,0.10100000000000002,0.186,0.08499999999999998,-0.010966666666666668,0.029473132774707807,-0.08500000000000002,0.059999999999999984,0.14500000000000002
1938,..\data\music\DEAM\DEAM_audio\MEMD_audio\1938.mp3,0.19288333333333335,0.013125156083728011,0.16900000000000004,0.21600000000000003,0.046999999999999986,0.6061999999999999,0.013333916653906826,0.5800000000000001,0.635,0.05499999999999994
1939,..\data\music\DEAM\DEAM_audio\MEMD_audio\1939.mp3,0.20175,0.020904245980183086,0.15799999999999997,0.24300000000000002,0.08500000000000005,0.09863333333333334,0.026448671464219566,0.039,0.164,0.125
194,..\data\music\DEAM\DEAM_audio\MEMD_audio\194.mp3,-0.101627407,0.017563523516089374,-0.11956560000000001,-0.060121900000000006,0.0594437,-0.3687391683333333,0.022193025063568145,-0.402768,-0.320662,0.08210600000000001
1940,..\data\music\DEAM\DEAM_audio\MEMD_audio\1940.mp3,0.24715000000000004,0.0168263929586825,0.22200000000000003,0.28800000000000003,0.066,0.45693333333333336,0.026253169120867836,0.371,0.49399999999999994,0.12299999999999994
1941,..\data\music\DEAM\DEAM_audio\MEMD_audio\1941.mp3,0.18088333333333334,0.016161777611251673,0.14499999999999996,0.20800000000000002,0.06300000000000006,0.2511333333333334,0.014077720775119186,0.21399999999999997,0.271,0.05700000000000005
1942,..\data\music\DEAM\DEAM_audio\MEMD_audio\1942.mp3,0.4364666666666667,0.030849887448020873,0.35,0.516,0.16600000000000004,0.6679833333333334,0.039172052821140495,0.542,0.7150000000000001,0.17300000000000004
1943,..\data\music\DEAM\DEAM_audio\MEMD_audio\1943.mp3,-0.05820000000000001,0.041252393869931965,-0.129,0.030000000000000006,0.159,0.25279999999999997,0.05208800245737976,0.141,0.32799999999999996,0.18699999999999997
1944,..\data\music\DEAM\DEAM_audio\MEMD_audio\1944.mp3,0.24373333333333333,0.026834596243572498,0.205,0.381,0.17600000000000002,0.23166666666666663,0.08946892694611291,0.155,0.5900000000000001,0.43500000000000005
1945,..\data\music\DEAM\DEAM_audio\MEMD_audio\1945.mp3,0.24243333333333333,0.029316301873796344,0.178,0.298,0.12,0.4716000000000001,0.029851409793620592,0.402,0.508,0.10599999999999998
1946,..\data\music\DEAM\DEAM_audio\MEMD_audio\1946.mp3,-0.18168333333333334,0.008032209464953519,-0.195,-0.166,0.028999999999999998,0.5126333333333333,0.022262050419691544,0.481,0.5429999999999999,0.061999999999999944
1947,..\data\music\DEAM\DEAM_audio\MEMD_audio\1947.mp3,0.1788833333333333,0.03576734621908027,0.13099999999999998,0.24400000000000005,0.11300000000000007,0.6429833333333334,0.03727308755061157,0.5980000000000001,0.738,0.1399999999999999
1948,..\data\music\DEAM\DEAM_audio\MEMD_audio\1948.mp3,0.011283333333333338,0.05134137112396677,-0.074,0.119,0.193,0.5344833333333334,0.04752314932979738,0.45999999999999996,0.6350000000000001,0.17500000000000016
1949,..\data\music\DEAM\DEAM_audio\MEMD_audio\1949.mp3,-0.5151833333333333,0.03433292475485045,-0.5740000000000001,-0.43899999999999995,0.13500000000000012,0.3536,0.022915206014056843,0.298,0.399,0.10100000000000003
195,..\data\music\DEAM\DEAM_audio\MEMD_audio\195.mp3,-0.3548207716666667,0.014239344918804984,-0.386659,-0.2852289,0.10143009999999997,-0.24758966666666662,0.017600875867256012,-0.2743342999999999,-0.20659829999999996,0.06773599999999996
1950,..\data\music\DEAM\DEAM_audio\MEMD_audio\1950.mp3,-0.3726333333333333,0.035824557064796876,-0.426,-0.199,0.22699999999999998,0.010800000000000013,0.029385824246848453,-0.033,0.082,0.115
1951,..\data\music\DEAM\DEAM_audio\MEMD_audio\1951.mp3,0.06401666666666665,0.08591167783770079,-0.043000000000000003,0.221,0.264,0.022766666666666664,0.019776557390562752,-0.011000000000000001,0.06699999999999999,0.07799999999999999
1952,..\data\music\DEAM\DEAM_audio\MEMD_audio\1952.mp3,-0.10709999999999999,0.09624165764712632,-0.24400000000000005,0.008999999999999998,0.25300000000000006,0.16159999999999994,0.1347483085855502,-0.032,0.322,0.354
1953,..\data\music\DEAM\DEAM_audio\MEMD_audio\1953.mp3,0.06935000000000002,0.032516060134442276,-0.003,0.149,0.152,0.18141666666666667,0.040095008694627086,0.14700000000000002,0.261,0.11399999999999999
1954,..\data\music\DEAM\DEAM_audio\MEMD_audio\1954.mp3,0.39953333333333335,0.02683621102581773,0.31500000000000006,0.43099999999999994,0.11599999999999988,0.40581666666666666,0.030742203166909773,0.30999999999999994,0.45200000000000007,0.14200000000000013
1955,..\data\music\DEAM\DEAM_audio\MEMD_audio\1955.mp3,0.12483333333333334,0.03492619201815291,0.047,0.20800000000000002,0.16100000000000003,0.5833166666666667,0.038510817383633336,0.5100000000000001,0.6910000000000001,0.18099999999999994
1956,..\data\music\DEAM\DEAM_audio\MEMD_audio\1956.mp3,0.17051666666666668,0.014254229391852643,0.138,0.20600000000000002,0.068,0.45744999999999997,0.036297118802094075,0.37700000000000006,0.5079999999999999,0.13099999999999984
1957,..\data\music\DEAM\DEAM_audio\MEMD_audio\1957.mp3,0.0007333333333333321,0.045177378803506904,-0.044,0.087,0.131,0.42490000000000006,0.015336992317052694,0.369,0.449,0.08000000000000002
1958,..\data\music\DEAM\DEAM_audio\MEMD_audio\1958.mp3,-0.05041666666666667,0.040087941523050986,-0.131,0.027000000000000007,0.158,0.2704000000000001,0.16226441384357818,-0.049000000000000016,0.5029999999999999,0.5519999999999999
1959,..\data\music\DEAM\DEAM_audio\MEMD_audio\1959.mp3,0.2520833333333334,0.020609295367759572,0.20599999999999996,0.297,0.09100000000000003,0.3942333333333333,0.0475620179928854,0.324,0.471,0.14699999999999996
196,..\data\music\DEAM\DEAM_audio\MEMD_audio\196.mp3,-0.04639507333333332,0.0200017843660915,-0.0732766,-0.012152699999999978,0.06112390000000002,-0.05017365018333333,0.028243305563982413,-0.09794109,0.008257700000000007,0.10619879
1960,..\data\music\DEAM\DEAM_audio\MEMD_audio\1960.mp3,-0.035666666666666666,0.024262224868209337,-0.093,-0.0009999999999999675,0.09200000000000003,0.5194333333333334,0.029419589089962193,0.40700000000000003,0.5700000000000001,0.16300000000000003
1961,..\data\music\DEAM\DEAM_audio\MEMD_audio\1961.mp3,0.2517166666666667,0.02070434066137393,0.198,0.28700000000000003,0.08900000000000002,0.40851666666666664,0.01549999103942394,0.367,0.442,0.07500000000000001
1962,..\data\music\DEAM\DEAM_audio\MEMD_audio\1962.mp3,0.01979999999999999,0.016637107120329946,-0.01800000000000001,0.05599999999999998,0.07399999999999998,0.3926,0.027807193313961046,0.314,0.434,0.12
1963,..\data\music\DEAM\DEAM_audio\MEMD_audio\1963.mp3,-0.23491666666666663,0.10654800039835984,-0.362,0.06399999999999999,0.426,0.3812,0.09137337321853305,0.26599999999999996,0.5309999999999999,0.26499999999999996
1964,..\data\music\DEAM\DEAM_audio\MEMD_audio\1964.mp3,-0.1878666666666667,0.021093021489477403,-0.23399999999999999,-0.14500000000000002,0.08899999999999997,0.6479500000000001,0.04536166700346598,0.5050000000000001,0.6900000000000001,0.18499999999999994
1965,..\data\music\DEAM\DEAM_audio\MEMD_audio\1965.mp3,-0.17338333333333333,0.024551369049855897,-0.20999999999999996,-0.137,0.07299999999999995,0.08066666666666665,0.021907887975693947,0.026000000000000006,0.122,0.09599999999999999
1966,..\data\music\DEAM\DEAM_audio\MEMD_audio\1966.mp3,-0.07126666666666666,0.025520492854871662,-0.132,-0.009000000000000005,0.123,0.4404166666666666,0.015355011849194007,0.41000000000000003,0.475,0.06499999999999995
1967,..\data\music\DEAM\DEAM_audio\MEMD_audio\1967.mp3,-0.07988333333333333,0.02601031312554482,-0.12100000000000004,-0.02200000000000001,0.09900000000000003,0.5596999999999999,0.09516779917598178,0.44400000000000006,0.704,0.2599999999999999
1968,..\data\music\DEAM\DEAM_audio\MEMD_audio\1968.mp3,-0.1482833333333333,0.04710028013599165,-0.251,-0.07099999999999998,0.18000000000000002,0.6515,0.049709657009478554,0.591,0.749,0.15800000000000003
1969,..\data\music\DEAM\DEAM_audio\MEMD_audio\1969.mp3,-0.23668333333333333,0.04897090689605639,-0.27199999999999996,-0.06399999999999999,0.20799999999999996,0.5773333333333331,0.035794630261472955,0.48199999999999993,0.617,0.13500000000000006
197,..\data\music\DEAM\DEAM_audio\MEMD_audio\197.mp3,-0.36153111666666665,0.030567018324484798,-0.4313287,-0.32347929999999997,0.10784940000000004,-0.5837356365166667,0.014532441281944952,-0.6060886,-0.5620779,0.04401069999999996
1970,..\data\music\DEAM\DEAM_audio\MEMD_audio\1970.mp3,0.30419999999999997,0.03950856447236051,0.211,0.378,0.167,0.5983666666666668,0.035593054878101646,0.503,0.6679999999999999,0.16499999999999992
1971,..\data\music\DEAM\DEAM_audio\MEMD_audio\1971.mp3,0.25096666666666667,0.008575093131985352,0.229,0.264,0.035,0.4039999999999999,0.010405126941400892,0.384,0.42800000000000005,0.04400000000000004
1972,..\data\music\DEAM\DEAM_audio\MEMD_audio\1972.mp3,0.4742999999999999,0.019195746056526863,0.399,0.51,0.11099999999999999,0.43205,0.031131133933732655,0.37,0.499,0.129
1973,..\data\music\DEAM\DEAM_audio\MEMD_audio\1973.mp3,-0.01746666666666667,0.03161037101262108,-0.06799999999999999,0.035,0.103,0.29823333333333335,0.02145411123511969,0.257,0.33599999999999997,0.07899999999999996
1974,..\data\music\DEAM\DEAM_audio\MEMD_audio\1974.mp3,-0.22355000000000003,0.027699232841362238,-0.26,-0.162,0.098,0.13801666666666668,0.031800676966938224,0.06200000000000001,0.20400000000000001,0.14200000000000002
1975,..\data\music\DEAM\DEAM_audio\MEMD_audio\1975.mp3,0.08193333333333336,0.011494733093416696,0.05700000000000001,0.11199999999999999,0.05499999999999998,0.3759333333333334,0.012390677499188204,0.342,0.40099999999999997,0.05899999999999994
1976,..\data\music\DEAM\DEAM_audio\MEMD_audio\1976.mp3,-0.03905,0.02286221409516876,-0.07399999999999998,0.032999999999999995,0.10699999999999998,0.4119666666666666,0.010644195079426573,0.389,0.434,0.044999999999999984
1977,..\data\music\DEAM\DEAM_audio\MEMD_audio\1977.mp3,0.09806666666666665,0.02566636363457477,0.045,0.15,0.105,0.38111666666666666,0.05585191481846337,0.29400000000000004,0.45600000000000007,0.16200000000000003
1978,..\data\music\DEAM\DEAM_audio\MEMD_audio\1978.mp3,0.3690999999999999,0.08249943434149515,0.258,0.525,0.267,0.5230333333333334,0.035128320325470856,0.45199999999999996,0.5769999999999998,0.12499999999999989
1979,..\data\music\DEAM\DEAM_audio\MEMD_audio\1979.mp3,0.1495166666666667,0.02552351312461163,0.10800000000000001,0.197,0.089,0.5081833333333334,0.04621272972773724,0.45200000000000007,0.5780000000000001,0.126
198,..\data\music\DEAM\DEAM_audio\MEMD_audio\198.mp3,-0.3416985639999999,0.02483946805518053,-0.3581371,-0.20900689999999997,0.14913020000000002,-0.5637824583333334,0.06875660588215815,-0.686217,-0.473342,0.21287499999999998
1980,..\data\music\DEAM\DEAM_audio\MEMD_audio\1980.mp3,0.2113,0.05147144839617397,0.133,0.269,0.136,0.43729999999999997,0.028592714689817996,0.352,0.485,0.133
1981,..\data\music\DEAM\DEAM_audio\MEMD_audio\1981.mp3,-0.0014500000000000073,0.04440661549814397,-0.065,0.11000000000000001,0.17500000000000002,0.4022,0.018220684216936896,0.34400000000000003,0.44800000000000006,0.10400000000000004
1982,..\data\music\DEAM\DEAM_audio\MEMD_audio\1982.mp3,0.06345,0.0668865768795703,-0.07499999999999998,0.133,0.208,0.18029999999999996,0.057462828564791915,0.07999999999999999,0.278,0.19800000000000004
1983,..\data\music\DEAM\DEAM_audio\MEMD_audio\1983.mp3,-0.2475166666666667,0.04578081536577909,-0.29799999999999993,-0.144,0.15399999999999994,0.020333333333333325,0.019337930487918188,-0.03300000000000001,0.05,0.08300000000000002
1984,..\data\music\DEAM\DEAM_audio\MEMD_audio\1984.mp3,0.02193333333333334,0.0212327315456323,-0.053000000000000005,0.09800000000000002,0.15100000000000002,-0.09476666666666665,0.02972897950186353,-0.15899999999999997,-0.044,0.11499999999999998
1985,..\data\music\DEAM\DEAM_audio\MEMD_audio\1985.mp3,0.061999999999999986,0.01806746615697213,0.022999999999999986,0.09,0.067,0.27576666666666666,0.015484795409978424,0.24299999999999997,0.303,0.060000000000000026
1986,..\data\music\DEAM\DEAM_audio\MEMD_audio\1986.mp3,0.09263333333333333,0.02621066364838725,0.037000000000000005,0.148,0.11099999999999999,0.40958333333333335,0.016213463198493067,0.38400000000000006,0.446,0.061999999999999944
1987,..\data\music\DEAM\DEAM_audio\MEMD_audio\1987.mp3,0.5117666666666667,0.04250504545214474,0.417,0.5630000000000001,0.14600000000000007,0.49026666666666663,0.06018052471984234,0.33999999999999997,0.5890000000000001,0.2490000000000001
1988,..\data\music\DEAM\DEAM_audio\MEMD_audio\1988.mp3,0.2256166666666667,0.015252422394127723,0.171,0.25599999999999995,0.08499999999999994,0.43523333333333336,0.01905987641326378,0.37699999999999995,0.46799999999999997,0.09100000000000003
1989,..\data\music\DEAM\DEAM_audio\MEMD_audio\1989.mp3,0.18383333333333335,0.07993417430750269,-0.039,0.257,0.296,0.471,0.12151803706994832,0.098,0.573,0.475
199,..\data\music\DEAM\DEAM_audio\MEMD_audio\199.mp3,0.07349585666666666,0.0401558798904775,0.0005769999999999831,0.1391635,0.1385865,0.112272645,0.06674925151430644,-0.018180300000000003,0.1706203,0.1888006
1990,..\data\music\DEAM\DEAM_audio\MEMD_audio\1990.mp3,-0.04184999999999999,0.051937085337293735,-0.141,0.022000000000000002,0.16299999999999998,0.11466666666666667,0.09783841554090886,-0.032999999999999995,0.30500000000000005,0.338
1991,..\data\music\DEAM\DEAM_audio\MEMD_audio\1991.mp3,0.11088333333333332,0.05343721913506437,0.06900000000000002,0.23100000000000004,0.16200000000000003,0.4575166666666667,0.019375664863144414,0.4109999999999999,0.483,0.07200000000000006
1992,..\data\music\DEAM\DEAM_audio\MEMD_audio\1992.mp3,0.09695000000000002,0.012152400311598255,0.07200000000000001,0.12,0.04799999999999999,0.6627666666666667,0.016778325966026016,0.63,0.692,0.061999999999999944
1993,..\data\music\DEAM\DEAM_audio\MEMD_audio\1993.mp3,-0.2646333333333334,0.04216513831222291,-0.328,-0.191,0.137,0.5691999999999999,0.04386904755443562,0.4749999999999999,0.6220000000000001,0.14700000000000019
1994,..\data\music\DEAM\DEAM_audio\MEMD_audio\1994.mp3,-0.055,0.03001888294612798,-0.10900000000000001,0.013000000000000001,0.12200000000000001,0.07721666666666666,0.04711903071536548,0.012,0.16999999999999998,0.15799999999999997
1995,..\data\music\DEAM\DEAM_audio\MEMD_audio\1995.mp3,0.004050000000000002,0.03469170169747611,-0.049,0.06500000000000002,0.11400000000000002,0.19998333333333332,0.01732771543574692,0.169,0.23499999999999996,0.06599999999999995
1996,..\data\music\DEAM\DEAM_audio\MEMD_audio\1996.mp3,0.01688333333333333,0.03767496589985923,-0.055999999999999994,0.07999999999999999,0.13599999999999998,0.5115999999999999,0.016164982730169145,0.4750000000000001,0.548,0.07299999999999995
1997,..\data\music\DEAM\DEAM_audio\MEMD_audio\1997.mp3,0.18330000000000002,0.02713380425471764,0.143,0.23499999999999996,0.09199999999999997,0.16968333333333335,0.06624864568846336,0.05900000000000001,0.24900000000000003,0.19
1998,..\data\music\DEAM\DEAM_audio\MEMD_audio\1998.mp3,0.4825166666666666,0.041276907049287936,0.41100000000000003,0.531,0.12,0.5137833333333333,0.0114223343595879,0.491,0.532,0.041000000000000036
1999,..\data\music\DEAM\DEAM_audio\MEMD_audio\1999.mp3,0.11965,0.025679320473875472,0.07,0.18400000000000002,0.11400000000000002,0.4365833333333333,0.010936622980711292,0.4,0.45600000000000007,0.05600000000000005
2,..\data\music\DEAM\DEAM_audio\MEMD_audio\2.mp3,-0.21551070000000008,0.10101627852148713,-0.3342874,-0.0733407,0.26094670000000003,-0.19751742449999996,0.05954414505591705,-0.27203279999999996,-0.10938599999999998,0.16264679999999998
20,..\data\music\DEAM\DEAM_audio\MEMD_audio\20.mp3,0.33770381163333335,0.011211864514200635,0.318925,0.353564,0.034638999999999975,0.04236654100000001,0.008572252274948653,0.02737560000000001,0.06638950000000002,0.039013900000000004
2000,..\data\music\DEAM\DEAM_audio\MEMD_audio\2000.mp3,0.4227166666666666,0.012337060247707128,0.39099999999999996,0.45999999999999996,0.069,0.4671666666666666,0.04648805103345255,0.32799999999999996,0.526,0.19800000000000006
2001,..\data\music\DEAM\DEAM_audio\MEMD_audio\2001.mp3,-0.38588111888111887,0.194188142836602,-0.748,-0.096,0.652,0.3858776223776224,0.35199114795758824,-0.236,0.898,1.134
2002,..\data\music\DEAM\DEAM_audio\MEMD_audio\2002.mp3,0.37800873362445414,0.16151839543365268,0.154,0.668,0.514,0.13464347826086961,0.3435109311925477,-0.31199999999999994,0.6759999999999999,0.9879999999999999
2003,..\data\music\DEAM\DEAM_audio\MEMD_audio\2003.mp3,0.13303030303030303,0.1252408033429445,-0.148,0.40199999999999997,0.5499999999999999,0.05649783549783554,0.28062873710750474,-0.666,0.668,1.334
2004,..\data\music\DEAM\DEAM_audio\MEMD_audio\2004.mp3,0.0615754189944134,0.12389362286589094,-0.284,0.236,0.52,0.12764804469273744,0.20586788390778293,-0.308,0.47400000000000003,0.782
2005,..\data\music\DEAM\DEAM_audio\MEMD_audio\2005.mp3,-0.16904938271604938,0.21683369067836114,-0.8319999999999999,0.02999999999999999,0.8619999999999999,-0.044465020576131685,0.34120918756942886,-0.562,0.792,1.354
2006,..\data\music\DEAM\DEAM_audio\MEMD_audio\2006.mp3,0.007197324414715716,0.09513151182093255,-0.254,0.24800000000000005,0.502,-0.19987959866220736,0.13222575791182792,-0.45199999999999996,0.024,0.476
2007,..\data\music\DEAM\DEAM_audio\MEMD_audio\2007.mp3,-0.3412839059674503,0.11700249936870069,-0.564,-0.06000000000000001,0.5039999999999999,-0.02287884267631102,0.18545681288070426,-0.6399999999999999,0.24399999999999994,0.8839999999999999
2008,..\data\music\DEAM\DEAM_audio\MEMD_audio\2008.mp3,0.209571072319202,0.06024335984226432,0.10200000000000001,0.38,0.278,-0.061037406483790524,0.08738313091401577,-0.28,0.10800000000000001,0.388
2009,..\data\music\DEAM\DEAM_audio\MEMD_audio\2009.mp3,0.15535000000000004,0.17239548942106134,-0.21800000000000003,0.4720000000000001,0.6900000000000002,0.02958181818181817,0.11152581289615764,-0.248,0.22800000000000004,0.47600000000000003
201,..\data\music\DEAM\DEAM_audio\MEMD_audio\201.mp3,0.19412959933333335,0.016364763550336312,0.15708900000000003,0.21666580000000005,0.05957680000000001,-0.19107747416666668,0.015190950109682877,-0.2103989,-0.14745300000000003,0.06294589999999997
2010,..\data\music\DEAM\DEAM_audio\MEMD_audio\2010.mp3,0.2540427807486631,0.14031148804652074,0.033999999999999996,0.4699999999999999,0.43599999999999994,0.2134652406417112,0.09405353248871194,-0.034,0.358,0.392
2011,..\data\music\DEAM\DEAM_audio\MEMD_audio\2011.mp3,-0.09591823385118561,0.101819489093534,-0.388,0.118,0.506,0.059401960784313736,0.2540292335528006,-0.47800000000000004,0.6359999999999999,1.1139999999999999
2012,..\data\music\DEAM\DEAM_audio\MEMD_audio\2012.mp3,-0.42255298651252404,0.12729240754663682,-0.6783333333333332,-0.13,0.5483333333333332,0.08332610789980731,0.2716673684267138,-0.5533333333333333,0.6183333333333333,1.1716666666666666
2013,..\data\music\DEAM\DEAM_audio\MEMD_audio\2013.mp3,0.03720240480961923,0.23631960355475592,-0.49800000000000005,0.406,0.9040000000000001,0.18798396793587174,0.2952257920305187,-0.47800000000000004,0.682,1.1600000000000001
2014,..\data\music\DEAM\DEAM_audio\MEMD_audio\2014.mp3,-0.4841426718547341,0.174347076605107,-0.756,-0.176,0.5800000000000001,0.3447730220492866,0.36466392907145995,-0.27199999999999996,0.788,1.06
2015,..\data\music\DEAM\DEAM_audio\MEMD_audio\2015.mp3,0.2911936507936508,0.18737978738805405,-0.13,0.58,0.71,0.1402984126984127,0.14208926267986982,-0.11000000000000001,0.418,0.528
2016,..\data\music\DEAM\DEAM_audio\MEMD_audio\2016.mp3,0.5192289156626506,0.06864529491000854,0.348,0.632,0.28400000000000003,0.48159036144578315,0.07382673237467828,0.118,0.5640000000000001,0.44600000000000006
2017,..\data\music\DEAM\DEAM_audio\MEMD_audio\2017.mp3,0.4884803921568628,0.06042384020571425,0.36000000000000004,0.5933333333333333,0.23333333333333323,0.43325980392156865,0.12707153877235697,0.18333333333333335,0.6516666666666667,0.4683333333333334
2018,..\data\music\DEAM\DEAM_audio\MEMD_audio\2018.mp3,0.40085687382297547,0.06374435645653287,0.25,0.5033333333333333,0.2533333333333333,0.45676082862523537,0.054967523800510676,0.2916666666666667,0.5733333333333334,0.2816666666666667
2019,..\data\music\DEAM\DEAM_audio\MEMD_audio\2019.mp3,0.454169696969697,0.0504661451767329,0.27,0.542,0.272,0.5432424242424243,0.07660727487530161,0.31999999999999995,0.68,0.3600000000000001
202,..\data\music\DEAM\DEAM_audio\MEMD_audio\202.mp3,-0.0028420572833333297,0.01344069976565606,-0.023492999999999993,0.028022800000000004,0.0515158,-0.0726509525,0.020070001343908496,-0.11245420000000002,-0.0306738,0.08178040000000002
2020,..\data\music\DEAM\DEAM_audio\MEMD_audio\2020.mp3,0.43233237822349574,0.10063946607651694,0.174,0.546,0.37200000000000005,0.4033333333333334,0.1307165633092136,0.072,0.5800000000000001,0.5080000000000001
2021,..\data\music\DEAM\DEAM_audio\MEMD_audio\2021.mp3,-0.05375838926174496,0.047212734462135315,-0.17600000000000002,0.041999999999999996,0.21800000000000003,-0.05416778523489934,0.11727624147523616,-0.286,0.16199999999999998,0.44799999999999995
2022,..\data\music\DEAM\DEAM_audio\MEMD_audio\2022.mp3,-0.26331677018633537,0.0684759033973999,-0.40800000000000003,-0.11000000000000001,0.29800000000000004,0.025519668737060047,0.16355780765661698,-0.358,0.26400000000000007,0.6220000000000001
2023,..\data\music\DEAM\DEAM_audio\MEMD_audio\2023.mp3,0.1321748878923767,0.07104180476374858,-0.01799999999999998,0.29,0.30799999999999994,-0.1963273542600897,0.12613278829525093,-0.606,0.196,0.802
2024,..\data\music\DEAM\DEAM_audio\MEMD_audio\2024.mp3,0.3312123552123552,0.04980174286631415,0.158,0.442,0.28400000000000003,-0.048324324324324326,0.08968159227302909,-0.43200000000000005,0.09200000000000001,0.524
2025,..\data\music\DEAM\DEAM_audio\MEMD_audio\2025.mp3,0.238239907727797,0.07101224043806116,0.024000000000000004,0.44600000000000006,0.42200000000000004,-0.07467589388696655,0.06470916146933806,-0.42800000000000005,0.10599999999999998,0.534
2026,..\data\music\DEAM\DEAM_audio\MEMD_audio\2026.mp3,0.229552353506244,0.10634724355638119,-0.06999999999999999,0.39,0.46,-0.0774774255523535,0.07868615976290196,-0.302,0.164,0.46599999999999997
2027,..\data\music\DEAM\DEAM_audio\MEMD_audio\2027.mp3,0.19910638297872343,0.055584285514316135,0.05600000000000001,0.3,0.244,0.24343867924528304,0.18879732572795938,-0.20199999999999996,0.6060000000000001,0.808
2028,..\data\music\DEAM\DEAM_audio\MEMD_audio\2028.mp3,-0.29634375,0.15858742735070544,-0.542,0.09200000000000001,0.634,0.2813611111111112,0.24715721523599077,-0.36,0.6679999999999999,1.028
2029,..\data\music\DEAM\DEAM_audio\MEMD_audio\2029.mp3,-0.08841907824222937,0.06209895818607835,-0.19333333333333333,0.024999999999999998,0.21833333333333332,0.08295284030010718,0.09120804061044731,-0.08000000000000002,0.2833333333333334,0.3633333333333334
203,..\data\music\DEAM\DEAM_audio\MEMD_audio\203.mp3,0.08004471666666664,0.018508923265938212,0.0457007,0.1024176,0.0567169,-0.27612593633333327,0.012520506327884534,-0.3099828,-0.2552046,0.0547782
2030,..\data\music\DEAM\DEAM_audio\MEMD_audio\2030.mp3,-0.14192292870905585,0.175756602351193,-0.43800000000000006,0.146,0.5840000000000001,0.33252408477842,0.3177533411879542,-0.33799999999999997,0.6980000000000001,1.036
2031,..\data\music\DEAM\DEAM_audio\MEMD_audio\2031.mp3,-0.052265957446808516,0.03061347065893417,-0.10600000000000001,0.02599999999999999,0.132,-0.10940425531914895,0.10914340743328284,-0.42200000000000004,0.06599999999999999,0.48800000000000004
2032,..\data\music\DEAM\DEAM_audio\MEMD_audio\2032.mp3,0.11289808917197452,0.096565590046673,-0.094,0.32,0.41400000000000003,0.14719108280254772,0.11857485118901194,-0.12200000000000003,0.396,0.518
2033,..\data\music\DEAM\DEAM_audio\MEMD_audio\2033.mp3,-0.37585669781931474,0.2171178640729124,-0.7683333333333334,-0.08166666666666667,0.6866666666666668,0.3988629283489097,0.2306826068775617,-0.06999999999999999,0.785,0.855
2034,..\data\music\DEAM\DEAM_audio\MEMD_audio\2034.mp3,0.30579274611398966,0.02501975487309248,0.23200000000000004,0.356,0.12399999999999994,0.034466321243523314,0.03537116526300209,-0.04800000000000001,0.10200000000000001,0.15000000000000002
2035,..\data\music\DEAM\DEAM_audio\MEMD_audio\2035.mp3,-0.35534065934065934,0.061440263095429534,-0.442,-0.13999999999999999,0.30200000000000005,0.055362637362637405,0.2462023431425227,-0.376,0.40800000000000003,0.784
2036,..\data\music\DEAM\DEAM_audio\MEMD_audio\2036.mp3,-0.27368468468468465,0.03893735729950281,-0.3333333333333333,-0.13833333333333334,0.19499999999999998,0.05979542719614921,0.07989274214746901,-0.22333333333333336,0.17666666666666667,0.4
2037,..\data\music\DEAM\DEAM_audio\MEMD_audio\2037.mp3,0.3837657657657657,0.10251963453238529,0.13,0.518,0.388,0.01795195195195194,0.15983804896078183,-0.5039999999999999,0.22400000000000003,0.728
2038,..\data\music\DEAM\DEAM_audio\MEMD_audio\2038.mp3,-0.15542920353982298,0.04383498659527717,-0.25200000000000006,-0.05,0.20200000000000007,-0.14053982300884957,0.08150753647745429,-0.458,0.03399999999999999,0.492
2039,..\data\music\DEAM\DEAM_audio\MEMD_audio\2039.mp3,0.14270182555780933,0.04054860025288858,0.074,0.21600000000000003,0.14200000000000002,0.013249492900608537,0.1330078183458482,-0.25,0.32999999999999996,0.58
204,..\data\music\DEAM\DEAM_audio\MEMD_audio\204.mp3,-0.4431190183333333,0.033633632727507,-0.48707329999999993,-0.3912213,0.09585199999999994,0.010380704666666669,0.04408525256290307,-0.08729899999999999,0.0746691,0.1619681
2040,..\data\music\DEAM\DEAM_audio\MEMD_audio\2040.mp3,-0.31447901234567904,0.10542367283530901,-0.48200000000000004,-0.026000000000000002,0.456,0.444479012345679,0.129109228056692,0.22800000000000004,0.716,0.48799999999999993
2041,..\data\music\DEAM\DEAM_audio\MEMD_audio\2041.mp3,-0.06822222222222223,0.026083815520333013,-0.152,0.003999999999999992,0.156,-0.299362962962963,0.11019475065856056,-0.534,0.02599999999999999,0.56
2042,..\data\music\DEAM\DEAM_audio\MEMD_audio\2042.mp3,-0.02046092184368737,0.1318780786606111,-0.356,0.194,0.55,-0.006289156626506023,0.114518218692668,-0.42800000000000005,0.13199999999999998,0.56
2043,..\data\music\DEAM\DEAM_audio\MEMD_audio\2043.mp3,0.15540740740740738,0.13392287684776263,-0.11200000000000002,0.346,0.45799999999999996,-0.06139961013645225,0.19013600897825586,-0.30800000000000005,0.41600000000000004,0.7240000000000001
2044,..\data\music\DEAM\DEAM_audio\MEMD_audio\2044.mp3,0.2579851851851852,0.049142571901701015,0.17,0.368,0.19799999999999998,0.1168,0.12333722516382112,-0.25999999999999995,0.256,0.516
2045,..\data\music\DEAM\DEAM_audio\MEMD_audio\2045.mp3,-0.001767123287671239,0.04854683391844774,-0.096,0.088,0.184,-0.41908843537414964,0.0952616822103827,-0.5519999999999999,-0.17400000000000002,0.3779999999999999
2046,..\data\music\DEAM\DEAM_audio\MEMD_audio\2046.mp3,0.2096268656716418,0.1230250351686017,-0.018000000000000006,0.43599999999999994,0.45399999999999996,0.18036940298507462,0.15788543727218368,-0.182,0.44799999999999995,0.6299999999999999
2047,..\data\music\DEAM\DEAM_audio\MEMD_audio\2047.mp3,0.2412932604735883,0.04571691195135001,0.13399999999999995,0.39599999999999996,0.262,0.1582440801457195,0.13586591545439025,-0.11000000000000001,0.558,0.668
2048,..\data\music\DEAM\DEAM_audio\MEMD_audio\2048.mp3,0.2655604395604395,0.1192475071386448,-0.05,0.42400000000000004,0.47400000000000003,-0.2852820512820513,0.07223068666035191,-0.41400000000000003,-0.14200000000000004,0.272
2049,..\data\music\DEAM\DEAM_audio\MEMD_audio\2049.mp3,-0.05333333333333333,0.03671109548007236,-0.124,0.005999999999999994,0.13,-0.18337802607076348,0.07834855346460198,-0.392,-0.036,0.35600000000000004
205,..\data\music\DEAM\DEAM_audio\MEMD_audio\205.mp3,-0.09637684666666665,0.018212222542178153,-0.15841,-0.0641512,0.09425879999999999,-0.44097936776666663,0.03443969018649503,-0.533231,-0.4011329999999999,0.1320980000000001
2050,..\data\music\DEAM\DEAM_audio\MEMD_audio\2050.mp3,-0.12324489795918367,0.043537003080534674,-0.202,0.03200000000000001,0.234,-0.2128979591836735,0.07319633784135712,-0.33599999999999997,-0.04800000000000001,0.288
2051,..\data\music\DEAM\DEAM_audio\MEMD_audio\2051.mp3,-0.4112530612244898,0.05608191203922922,-0.5120000000000001,-0.22600000000000003,0.2860000000000001,0.10531428571428571,0.0732408049532778,-0.16799999999999998,0.252,0.42
2052,..\data\music\DEAM\DEAM_audio\MEMD_audio\2052.mp3,-0.4607114845938376,0.06740752110645777,-0.54,-0.20800000000000002,0.332,0.10285154061624649,0.0849815457253691,-0.28200000000000003,0.198,0.48000000000000004
2053,..\data\music\DEAM\DEAM_audio\MEMD_audio\2053.mp3,-0.25359803921568624,0.0628859471511442,-0.32599999999999996,-0.11400000000000002,0.21199999999999994,-0.18377941176470586,0.12347302780661212,-0.43599999999999994,-0.046,0.38999999999999996
2054,..\data\music\DEAM\DEAM_audio\MEMD_audio\2054.mp3,0.0952375,0.0175340695148046,0.05800000000000001,0.13199999999999998,0.07399999999999997,-0.1691375,0.06625730973824699,-0.462,-0.08600000000000001,0.376
2055,..\data\music\DEAM\DEAM_audio\MEMD_audio\2055.mp3,0.08247672253258845,0.04314191986448219,-0.07799999999999999,0.186,0.264,0.13355307262569832,0.11118033346842097,-0.11000000000000001,0.45,0.56
2056,..\data\music\DEAM\DEAM_audio\MEMD_audio\2056.mp3,0.15421639344262295,0.03359223749290346,0.1,0.27799999999999997,0.17799999999999996,0.002819672131147539,0.034122973462541166,-0.06000000000000001,0.09599999999999997,0.15599999999999997
2057,..\data\music\DEAM\DEAM_audio\MEMD_audio\2057.mp3,-0.36762686567164177,0.11736478437576162,-0.5733333333333333,-0.04666666666666666,0.5266666666666666,0.48845273631840797,0.13381010159376033,-0.10833333333333334,0.6749999999999999,0.7833333333333332
2058,..\data\music\DEAM\DEAM_audio\MEMD_audio\2058.mp3,-0.33976833976833976,0.07911084302493697,-0.4640000000000001,-0.12,0.3440000000000001,0.27992664092664094,0.2528790560965236,-0.144,0.5780000000000001,0.7220000000000001
206,..\data\music\DEAM\DEAM_audio\MEMD_audio\206.mp3,-0.29764265116666666,0.10301769530047575,-0.39594279999999993,-0.0340781,0.36186469999999993,-0.44158338016666676,0.02490179215975714,-0.4699040000000001,-0.34979980000000005,0.12010420000000005
207,..\data\music\DEAM\DEAM_audio\MEMD_audio\207.mp3,0.08053336966666667,0.023502838016990345,0.05803199999999999,0.1254121,0.0673801,0.08273340469833336,0.0312493668571683,0.017099100000000023,0.11865700000000001,0.10155789999999999
208,..\data\music\DEAM\DEAM_audio\MEMD_audio\208.mp3,0.25498995366666666,0.026142143840909893,0.18558960000000002,0.2903709,0.10478129999999997,0.008467241666666672,0.008613968978647257,-0.004909800000000003,0.023156000000000003,0.028065800000000005
209,..\data\music\DEAM\DEAM_audio\MEMD_audio\209.mp3,-0.096031582,0.02977291306979454,-0.1552064,-0.059348099999999994,0.09585830000000001,-0.25538978125,0.026799970688843332,-0.2929187999999999,-0.2066983,0.08622049999999992
21,..\data\music\DEAM\DEAM_audio\MEMD_audio\21.mp3,0.33112627,0.006233024779947007,0.3220557,0.3449887,0.02293299999999998,0.39239140499999997,0.011141332552548417,0.37733570000000005,0.41516100000000006,0.037825300000000006
210,..\data\music\DEAM\DEAM_audio\MEMD_audio\210.mp3,0.29606314966666664,0.044242986143760765,0.11880030000000001,0.3571267,0.2383264,-0.33259047416666665,0.015584728909099798,-0.3666929,-0.2937216,0.07297129999999996
211,..\data\music\DEAM\DEAM_audio\MEMD_audio\211.mp3,0.06990112516666667,0.033802623089914996,0.01215300000000002,0.1141463,0.10199329999999998,-0.24825905833333337,0.05345582519499098,-0.32883200000000007,-0.1710244,0.15780760000000008
212,..\data\music\DEAM\DEAM_audio\MEMD_audio\212.mp3,0.18397298586666666,0.016368359650765232,0.146119,0.2240237,0.0779047,-0.002838946166666662,0.029327104389811145,-0.06112379999999999,0.0485753,0.1096991
213,..\data\music\DEAM\DEAM_audio\MEMD_audio\213.mp3,-0.522007217,0.06225586978894909,-0.582642,-0.3634786,0.2191634,-0.40338952833333336,0.020813302158660382,-0.43413,-0.34746330000000003,0.08666669999999999
214,..\data\music\DEAM\DEAM_audio\MEMD_audio\214.mp3,-0.07902165383333333,0.03356616908440566,-0.1567734,-0.009028399999999992,0.14774500000000002,-0.26561244166666664,0.06943194055944112,-0.327643,-0.07376799999999999,0.253875
215,..\data\music\DEAM\DEAM_audio\MEMD_audio\215.mp3,-0.42159821166666667,0.03959939960011219,-0.46277300000000005,-0.302002,0.16077100000000005,-0.23937601666666664,0.016858526883728266,-0.26426999999999995,-0.19448680000000002,0.06978319999999993
216,..\data\music\DEAM\DEAM_audio\MEMD_audio\216.mp3,0.025445060666666675,0.0785168479701087,-0.08218829999999999,0.11950399999999999,0.2016923,-0.01945318333333334,0.02508135004093126,-0.07395300000000002,0.014435000000000003,0.08838800000000002
217,..\data\music\DEAM\DEAM_audio\MEMD_audio\217.mp3,0.08721802633333331,0.02026092927544695,0.03533849999999999,0.12300139999999997,0.08766289999999999,-0.26346694433333334,0.08928672633796635,-0.389115,-0.1047498,0.2843652
218,..\data\music\DEAM\DEAM_audio\MEMD_audio\218.mp3,-0.11942364073333336,0.032987689066669525,-0.20301540000000004,-0.05438839999999999,0.14862700000000006,-0.38229350616666663,0.042981152584615205,-0.42081789999999997,-0.27111019999999997,0.1497077
219,..\data\music\DEAM\DEAM_audio\MEMD_audio\219.mp3,-0.14005275083333332,0.04079481712082036,-0.20038929999999996,-0.0884436,0.11194569999999997,-0.2505092765,0.02343624989710164,-0.29718940000000005,-0.2112314,0.08595800000000003
22,..\data\music\DEAM\DEAM_audio\MEMD_audio\22.mp3,0.015111311666666667,0.005681303571274281,-0.002064199999999994,0.0256569,0.027721099999999995,-0.1621970315333333,0.011071778142911135,-0.1901323,-0.1340731,0.056059200000000003
220,..\data\music\DEAM\DEAM_audio\MEMD_audio\220.mp3,-0.314723935,0.02970154328735476,-0.392848,-0.275656,0.11719199999999996,-0.09541503916666666,0.05643156233592467,-0.2511474,0.010202900000000004,0.26135030000000004
221,..\data\music\DEAM\DEAM_audio\MEMD_audio\221.mp3,-0.22458283333333331,0.0740276532221815,-0.33691,-0.1228157,0.2140943,-0.14931642766666664,0.017870887160683465,-0.1803382,-0.12600700000000004,0.05433119999999997
222,..\data\music\DEAM\DEAM_audio\MEMD_audio\222.mp3,-0.09596372466666665,0.026621762211563087,-0.2354388,-0.0557025,0.17973630000000002,-0.4105414365,0.03833341561644059,-0.4594634999999999,-0.3441356,0.11532789999999993
223,..\data\music\DEAM\DEAM_audio\MEMD_audio\223.mp3,-0.3054689853666667,0.014386832032653141,-0.3430684,-0.28193710000000005,0.061131299999999944,-0.5562095166666666,0.008551976702282874,-0.5738719999999999,-0.5371919999999999,0.036680000000000046
224,..\data\music\DEAM\DEAM_audio\MEMD_audio\224.mp3,0.14919645500000003,0.03263097711196845,0.07280909999999999,0.1879803,0.1151712,0.26011950183333327,0.01356863838500747,0.23501460000000002,0.2785415,0.04352689999999998
225,..\data\music\DEAM\DEAM_audio\MEMD_audio\225.mp3,-0.07078634333333335,0.03574470007028719,-0.13281,-0.006141200000000006,0.1266688,-0.29507195298333333,0.10549167167427977,-0.403843,-0.06658540000000002,0.3372576
226,..\data\music\DEAM\DEAM_audio\MEMD_audio\226.mp3,0.011316160783333333,0.04998127034618363,-0.029935499999999993,0.1374926,0.1674281,0.08403138766666665,0.1589658261329466,-0.13879450000000004,0.29562879999999997,0.4344233
227,..\data\music\DEAM\DEAM_audio\MEMD_audio\227.mp3,-0.3039513503333334,0.02548244348391856,-0.34899050000000004,-0.24882359999999998,0.10016690000000006,-0.18851536916666672,0.09411516879038972,-0.36792159999999996,-0.08256810000000002,0.2853534999999999
228,..\data\music\DEAM\DEAM_audio\MEMD_audio\228.mp3,-0.17462644300000002,0.014013301414854299,-0.21280799999999997,-0.16008269999999997,0.0527253,-0.25644511666666664,0.01609460449974013,-0.291499,-0.22178400000000004,0.06971499999999997
229,..\data\music\DEAM\DEAM_audio\MEMD_audio\229.mp3,0.07181649749999999,0.01674757850132656,0.05347019999999999,0.15809230000000002,0.10462210000000002,0.00033479583333334415,0.019372798969315826,-0.0438439,0.031068300000000028,0.07491220000000003
231,..\data\music\DEAM\DEAM_audio\MEMD_audio\231.mp3,0.19822115333333332,0.013928333644547082,0.1683157,0.2238067,0.055490999999999985,-0.0036894582993333255,0.02530924498964073,-0.0574846,0.02852910000000001,0.0860137
232,..\data\music\DEAM\DEAM_audio\MEMD_audio\232.mp3,-0.34348044566666663,0.04102160680481172,-0.3980477,-0.2680229,0.1300248,-0.49865324383333326,0.03729730850358312,-0.5314076,-0.3986697,0.13273789999999996
233,..\data\music\DEAM\DEAM_audio\MEMD_audio\233.mp3,-0.005965147666666661,0.0427289090707571,-0.05404109999999999,0.09215140000000001,0.1461925,0.09973866790000002,0.06720139703820126,-0.02948090000000001,0.1688516,0.1983325
234,..\data\music\DEAM\DEAM_audio\MEMD_audio\234.mp3,-0.07946702425116667,0.05705770689515996,-0.19209700000000002,0.019918899999999996,0.2120159,-0.026311306333333336,0.07619519496094072,-0.09479360000000002,0.12925229999999996,0.22404589999999996
235,..\data\music\DEAM\DEAM_audio\MEMD_audio\235.mp3,-0.16716164333333333,0.04812209503906831,-0.2114992,-0.0822263,0.1292729,-0.346574915,0.009890545075387652,-0.36405319999999997,-0.33155759999999995,0.03249560000000001
236,..\data\music\DEAM\DEAM_audio\MEMD_audio\236.mp3,-0.37131566716666675,0.055630067695884015,-0.48016700000000007,-0.290017,0.19015000000000004,-0.41680120649999997,0.031601853585020344,-0.47735839999999996,-0.38489579999999995,0.0924626
237,..\data\music\DEAM\DEAM_audio\MEMD_audio\237.mp3,-0.22508105281666665,0.040440498547365,-0.28977381,-0.13347879999999995,0.15629501000000007,-0.22134373166666668,0.009436265541259627,-0.25542129999999996,-0.1989583,0.05646299999999996
238,..\data\music\DEAM\DEAM_audio\MEMD_audio\238.mp3,-0.026680306666666664,0.03471336641911328,-0.07174,0.023118599999999993,0.09485859999999999,-0.41863710000000004,0.009806746644869878,-0.435652,-0.40304199999999996,0.03261000000000003
239,..\data\music\DEAM\DEAM_audio\MEMD_audio\239.mp3,-0.38734855361666665,0.007720985242366426,-0.39869640000000006,-0.362767417,0.03592898300000008,-0.6066683500000001,0.03933462583052622,-0.6659830000000001,-0.544116,0.12186700000000006
24,..\data\music\DEAM\DEAM_audio\MEMD_audio\24.mp3,-0.0642875775,0.06435404394959471,-0.20764729999999995,0.008423800000000007,0.21607109999999996,0.11721192666666667,0.0475466693545891,0.06756359999999999,0.21928190000000006,0.15171830000000008
240,..\data\music\DEAM\DEAM_audio\MEMD_audio\240.mp3,0.37084427200000003,0.0249302908180632,0.3187196,0.41434129999999997,0.09562169999999998,0.40397309549999993,0.1031630445198395,0.189356,0.5183802,0.3290242
241,..\data\music\DEAM\DEAM_audio\MEMD_audio\241.mp3,-0.08879869,0.007597167929733204,-0.10195400000000002,-0.072245,0.029709000000000013,-0.18714269666666666,0.04053609556659746,-0.2320813,-0.1175193,0.114562
242,..\data\music\DEAM\DEAM_audio\MEMD_audio\242.mp3,-0.07570833348333335,0.02454053343718042,-0.0975483,-0.02622810000000001,0.0713202,-0.33269278466666663,0.019721381765863875,-0.36805699999999997,-0.29493180999999996,0.07312519
243,..\data\music\DEAM\DEAM_audio\MEMD_audio\243.mp3,-0.19454062500000002,0.024314033209017552,-0.22864510000000005,-0.13756779999999996,0.09107730000000008,0.4989259527999999,0.11148647333894236,0.299543,0.6397839999999999,0.3402409999999999
244,..\data\music\DEAM\DEAM_audio\MEMD_audio\244.mp3,-0.07214806483333333,0.11948494406731278,-0.20934780000000003,0.1571741,0.36652190000000007,-0.11523425366666665,0.09917025363626464,-0.2121654,0.10324160000000002,0.315407
245,..\data\music\DEAM\DEAM_audio\MEMD_audio\245.mp3,0.3926554,0.004585344680610171,0.38428399999999996,0.40309100000000003,0.018807000000000074,-0.15079098333333332,0.00807078873694442,-0.1725332,-0.1278822,0.044650999999999996
246,..\data\music\DEAM\DEAM_audio\MEMD_audio\246.mp3,-0.2655816633333333,0.08052858457067685,-0.43391459999999993,-0.1926056,0.24130899999999994,-0.15752871733333332,0.0215193347010526,-0.20675299999999996,-0.1334773,0.07327569999999997
247,..\data\music\DEAM\DEAM_audio\MEMD_audio\247.mp3,-0.030782854000000002,0.02297952024937772,-0.06575680000000002,0.028721099999999992,0.0944779,-0.053318788116666675,0.018343167756891845,-0.11130880000000001,0.00789209999999999,0.1192009
248,..\data\music\DEAM\DEAM_audio\MEMD_audio\248.mp3,-0.3161672864999999,0.08904908736920734,-0.39482150000000005,-0.15243860000000004,0.2423829,-0.3704810494999999,0.027855064185417784,-0.4226259999999999,-0.301152,0.12147399999999992
25,..\data\music\DEAM\DEAM_audio\MEMD_audio\25.mp3,-0.22426453833333335,0.061307843550332364,-0.3588921,-0.1554335,0.2034586,0.5398111516666667,0.029268529310298996,0.490706,0.594315,0.10360900000000006
250,..\data\music\DEAM\DEAM_audio\MEMD_audio\250.mp3,-0.19875376149999996,0.06230022952203032,-0.3261012,-0.10636399999999999,0.2197372,-0.23594563350000003,0.10651120399556223,-0.41838300000000006,-0.08968400000000001,0.3286990000000001
253,..\data\music\DEAM\DEAM_audio\MEMD_audio\253.mp3,-0.4621970143333333,0.04415814546689161,-0.5406479999999999,-0.3829799,0.15766809999999992,0.3699935616666667,0.020495213104951206,0.33465739999999994,0.40035299999999996,0.06569560000000002
254,..\data\music\DEAM\DEAM_audio\MEMD_audio\254.mp3,0.5451466166666668,0.06306994558057259,0.39542,0.604878,0.20945800000000003,0.3127702466666667,0.05849327813234176,0.233369,0.37825400000000003,0.14488500000000004
257,..\data\music\DEAM\DEAM_audio\MEMD_audio\257.mp3,0.29314230166666666,0.041128639819260945,0.17755019999999996,0.36531299999999994,0.18776279999999998,0.6687576833333334,0.015332185088338043,0.645274,0.688262,0.042988000000000026
258,..\data\music\DEAM\DEAM_audio\MEMD_audio\258.mp3,-0.15064068816666668,0.018667340379420905,-0.19989649999999998,-0.1294049,0.07049159999999999,-0.07999483500000001,0.01361992622230171,-0.10430160000000002,-0.0506227,0.05367890000000002
260,..\data\music\DEAM\DEAM_audio\MEMD_audio\260.mp3,-0.21264060333333334,0.01858016190743025,-0.24038750000000003,-0.14983210000000002,0.09055540000000001,0.08580438466666668,0.08280797686215156,-0.0497402,0.2409418,0.290682
262,..\data\music\DEAM\DEAM_audio\MEMD_audio\262.mp3,0.4162512451666665,0.02648584420371686,0.35401199999999994,0.4693873,0.11537530000000007,0.2657857418333333,0.07104716745060484,0.0018505000000000106,0.356464,0.35461349999999997
264,..\data\music\DEAM\DEAM_audio\MEMD_audio\264.mp3,0.145406661,0.019636349239452306,0.0991079,0.1831063,0.0839984,0.11024689999999998,0.02864505119400691,0.05143939999999999,0.17765219999999998,0.12621279999999999
265,..\data\music\DEAM\DEAM_audio\MEMD_audio\265.mp3,0.21900787283333337,0.08110338690450507,0.06502280000000002,0.3043959,0.23937309999999998,-0.10441195233333331,0.043915986882643254,-0.17644459999999998,-0.0426387,0.13380589999999998
266,..\data\music\DEAM\DEAM_audio\MEMD_audio\266.mp3,0.06042065049999999,0.03505339155036117,0.00037049999999999307,0.10717250000000003,0.10680200000000004,-0.17320334286666664,0.012536039057921743,-0.19429250000000003,-0.1512558,0.04303670000000004
269,..\data\music\DEAM\DEAM_audio\MEMD_audio\269.mp3,0.06060185816666667,0.03282386166486588,0.012707999999999994,0.130824,0.118116,-0.004156295166666666,0.020448887351100915,-0.0331988,0.044724,0.0779228
270,..\data\music\DEAM\DEAM_audio\MEMD_audio\270.mp3,0.3651158299999999,0.01531287539868874,0.336893,0.398979,0.062085999999999975,0.2436414071666667,0.01695732143807006,0.21550700000000003,0.27263709999999997,0.057130099999999934
272,..\data\music\DEAM\DEAM_audio\MEMD_audio\272.mp3,0.30569060333333326,0.005782216027757484,0.2926078,0.31838299999999997,0.025775199999999998,0.18699269799999996,0.032555507624808584,0.084512,0.2268342,0.1423222
273,..\data\music\DEAM\DEAM_audio\MEMD_audio\273.mp3,0.47233848333333345,0.02144048799467314,0.4193472,0.49630300000000005,0.07695580000000007,0.153155745,0.007925048988606213,0.14074460000000003,0.16499930000000002,0.02425469999999999
274,..\data\music\DEAM\DEAM_audio\MEMD_audio\274.mp3,0.12541015566666666,0.06259569397219769,0.063043,0.24016739999999998,0.17712439999999996,0.5748645688333334,0.04453041097137583,0.5180581,0.6811909999999999,0.16313289999999991
275,..\data\music\DEAM\DEAM_audio\MEMD_audio\275.mp3,0.16915433718333334,0.011910978958684851,0.14505323000000003,0.19556739999999997,0.05051416999999994,0.22187447833333335,0.012194431818062049,0.19589649999999997,0.2434777,0.04758120000000002
276,..\data\music\DEAM\DEAM_audio\MEMD_audio\276.mp3,0.07721525333333333,0.05246446948114472,-0.06786541,0.16428499999999996,0.23215040999999997,0.31638424999999987,0.06563158579793854,0.1320131,0.4104852,0.2784721
278,..\data\music\DEAM\DEAM_audio\MEMD_audio\278.mp3,-0.004153793033333331,0.017983533054849992,-0.0369688,0.017377200000000002,0.054346000000000005,0.013298444999999997,0.021727523449459402,-0.0213935,0.032758999999999996,0.05415249999999999
279,..\data\music\DEAM\DEAM_audio\MEMD_audio\279.mp3,-0.023978012166666667,0.02592578433171226,-0.058490500000000015,0.01982919999999999,0.0783197,-0.34308380666666666,0.029042525573561188,-0.38085399999999997,-0.292138,0.08871599999999996
280,..\data\music\DEAM\DEAM_audio\MEMD_audio\280.mp3,-0.3271456583333333,0.01056473265606363,-0.34307370000000004,-0.2863099,0.05676380000000003,-0.11578038333333333,0.010304899703687349,-0.134113,-0.090219,0.043894000000000016
281,..\data\music\DEAM\DEAM_audio\MEMD_audio\281.mp3,0.36603916750666665,0.06015403224058756,0.24845899999999999,0.4977269999999999,0.24926799999999993,0.15951756666666664,0.07211968692166439,0.04561299999999998,0.226336,0.18072300000000002
282,..\data\music\DEAM\DEAM_audio\MEMD_audio\282.mp3,-0.07927535499999999,0.015969264380776643,-0.10738049999999999,-0.04060849999999999,0.066772,-0.2945038313666667,0.03771847919614699,-0.3357706999999999,-0.2331353,0.10263539999999993
284,..\data\music\DEAM\DEAM_audio\MEMD_audio\284.mp3,0.10116922816666668,0.006779799099006672,0.08393149999999999,0.11347800000000001,0.029546500000000017,-0.11881972501666666,0.07122130191580182,-0.2339479,-0.0511186,0.18282929999999997
285,..\data\music\DEAM\DEAM_audio\MEMD_audio\285.mp3,0.13142985383333333,0.06123279374782806,0.0295172,0.23214509999999997,0.20262789999999997,-0.18871082599999997,0.014153320898240245,-0.2062261,-0.14474320000000002,0.06148289999999998
286,..\data\music\DEAM\DEAM_audio\MEMD_audio\286.mp3,0.46913991666666666,0.01570308418569599,0.43804300000000007,0.48908300000000005,0.051039999999999974,0.13913108666666665,0.011755565772113598,0.11404499999999998,0.164622,0.05057700000000001
288,..\data\music\DEAM\DEAM_audio\MEMD_audio\288.mp3,0.21959124883333334,0.0387447075973863,0.1584349,0.29391550000000005,0.13548060000000006,-0.2049416398,0.05235935786522181,-0.2775341,-0.09858889999999998,0.17894520000000003
289,..\data\music\DEAM\DEAM_audio\MEMD_audio\289.mp3,0.32020569084833334,0.03815331821108162,0.23126569999999996,0.3660878,0.13482210000000006,0.2190408566666667,0.03943142504694856,0.13495919999999997,0.286285,0.15132580000000004
290,..\data\music\DEAM\DEAM_audio\MEMD_audio\290.mp3,-0.08418964591666667,0.04353078071350629,-0.1871822,0.012484899999999988,0.1996671,-0.3420281816666667,0.11476682085733589,-0.4937875,-0.22467870000000004,0.2691087999999999
292,..\data\music\DEAM\DEAM_audio\MEMD_audio\292.mp3,0.5656522166666667,0.021191587990750535,0.5109379999999999,0.61025,0.09931200000000007,0.6135171666666664,0.02288576203098529,0.574951,0.642906,0.06795499999999999
293,..\data\music\DEAM\DEAM_audio\MEMD_audio\293.mp3,-0.16598738866666668,0.0068616712359462085,-0.1766636,-0.13680300000000004,0.03986059999999997,0.32705338993499994,0.015134345988506657,0.3109833,0.35819229999999996,0.047208999999999945
294,..\data\music\DEAM\DEAM_audio\MEMD_audio\294.mp3,0.42259710000000006,0.028283942932754855,0.36843499999999996,0.48772200000000004,0.11928700000000009,0.1969821666666667,0.04145671237333654,0.103567,0.248797,0.14522999999999997
296,..\data\music\DEAM\DEAM_audio\MEMD_audio\296.mp3,0.19965432349999995,0.03313107766004011,0.1428758,0.246215,0.10333919999999999,0.22575641000000005,0.061058293314918057,0.163408,0.34566810000000003,0.18226010000000004
297,..\data\music\DEAM\DEAM_audio\MEMD_audio\297.mp3,-0.06943381500000001,0.0492406321117084,-0.1328646,-0.019728299999999997,0.1131363,-0.3699462683333333,0.0067919093479789526,-0.38397499999999996,-0.360076,0.023898999999999948
298,..\data\music\DEAM\DEAM_audio\MEMD_audio\298.mp3,0.17188373316666666,0.014023567089143974,0.150968384,0.21964869999999997,0.06868031599999996,-0.051172355333333336,0.011920917260519774,-0.06998610000000001,-0.02904730000000001,0.0409388
299,..\data\music\DEAM\DEAM_audio\MEMD_audio\299.mp3,-0.14165090984999998,0.017126511788680604,-0.17551540000000002,-0.09831659999999999,0.07719880000000003,-0.46253685000000005,0.015872205005212726,-0.487392,-0.434868,0.052524000000000015
3,..\data\music\DEAM\DEAM_audio\MEMD_audio\3.mp3,-0.26585485166666667,0.04548852444669422,-0.32162199999999996,-0.18374,0.13788199999999998,-0.19318692666666668,0.04254968252792597,-0.26593089999999997,-0.11084630000000002,0.15508459999999996
300,..\data\music\DEAM\DEAM_audio\MEMD_audio\300.mp3,-0.0017068146666666735,0.030023054335748475,-0.047721,0.0709944,0.1187154,0.4062561166666667,0.02794910564271044,0.33464530000000003,0.44784100000000004,0.11319570000000001
301,..\data\music\DEAM\DEAM_audio\MEMD_audio\301.mp3,-0.23980882900000003,0.031698507613045004,-0.3068669,-0.21185769999999998,0.09500920000000002,-0.19741460133333336,0.06930365094648946,-0.32165180000000004,-0.12090590000000001,0.20074590000000003
302,..\data\music\DEAM\DEAM_audio\MEMD_audio\302.mp3,0.35565891135,0.09110250803149643,0.1647828,0.48528900000000014,0.32050620000000013,0.32782501783333345,0.10575248415255703,0.13566459999999997,0.452589,0.31692440000000005
303,..\data\music\DEAM\DEAM_audio\MEMD_audio\303.mp3,0.2617758868333333,0.0170629446594014,0.223649,0.2853744,0.061725399999999986,0.47019596666666674,0.019485193394786257,0.4306939999999999,0.502413,0.07171900000000009
304,..\data\music\DEAM\DEAM_audio\MEMD_audio\304.mp3,-0.11644968483333333,0.023475909167359307,-0.1608604,-0.05199820000000001,0.10886219999999998,-0.12290238591666666,0.037389131814417435,-0.17889780000000002,-0.0589996,0.11989820000000002
305,..\data\music\DEAM\DEAM_audio\MEMD_audio\305.mp3,0.5101531616666666,0.024506721713229956,0.4667381,0.56703,0.10029190000000004,0.38729485,0.008200704227534366,0.367193,0.40344300000000005,0.03625000000000006
306,..\data\music\DEAM\DEAM_audio\MEMD_audio\306.mp3,0.3636579000000001,0.011774710543788328,0.343043,0.384039,0.04099600000000003,0.16832322833333338,0.010567988747298635,0.13871869999999997,0.1905967,0.051878000000000035
307,..\data\music\DEAM\DEAM_audio\MEMD_audio\307.mp3,0.4537628333333333,0.025813480165194472,0.392559,0.490137,0.097578,0.26934335688333333,0.039082451843903986,0.19089679999999998,0.3624813,0.17158450000000003
308,..\data\music\DEAM\DEAM_audio\MEMD_audio\308.mp3,0.31536912785,0.02635040197032542,0.2497735,0.35132259999999993,0.10154909999999992,-0.06756520671183333,0.014807222286045705,-0.10379500000000001,-0.030533399999999995,0.07326160000000001
309,..\data\music\DEAM\DEAM_audio\MEMD_audio\309.mp3,0.20215948855000002,0.03732481111558401,0.1584822,0.28119,0.1227078,0.12646755419999997,0.026114705117197986,0.011141899999999996,0.16320679999999999,0.1520649
31,..\data\music\DEAM\DEAM_audio\MEMD_audio\31.mp3,-0.180511351,0.00888896902869219,-0.1955778,-0.16253840000000003,0.03303939999999997,0.07520286166666666,0.016812716830767634,0.0418844,0.10598290000000002,0.06409850000000002
310,..\data\music\DEAM\DEAM_audio\MEMD_audio\310.mp3,-0.30211363033333344,0.04189485707587862,-0.3793481,-0.25139249999999996,0.12795560000000006,-0.4869366683333334,0.0159245237574157,-0.522441,-0.4621462,0.06029480000000004
311,..\data\music\DEAM\DEAM_audio\MEMD_audio\311.mp3,0.31121495633333335,0.031920120698332305,0.25968919,0.3683808,0.10869161,0.23614307183333333,0.02582031379776929,0.1866427,0.284037,0.09739429999999999
312,..\data\music\DEAM\DEAM_audio\MEMD_audio\312.mp3,0.18356902833333336,0.013120397404856451,0.1693483,0.2090856,0.0397373,-0.03172731833333333,0.06009199661983419,-0.09191569999999998,0.0621024,0.1540181
313,..\data\music\DEAM\DEAM_audio\MEMD_audio\313.mp3,0.17952634483333335,0.014177932601684855,0.118852,0.20921320000000004,0.09036120000000004,-0.2173400105,0.020463642295938538,-0.2416433,-0.1309071,0.1107362
314,..\data\music\DEAM\DEAM_audio\MEMD_audio\314.mp3,0.21406651333333332,0.03613386895567863,0.121502,0.2378276,0.1163256,0.31575912883333335,0.030140189545285166,0.22276210000000002,0.357773,0.1350109
315,..\data\music\DEAM\DEAM_audio\MEMD_audio\315.mp3,0.45589678666666666,0.010960419295377737,0.4336243000000001,0.47232399999999997,0.03869969999999989,0.29677366833333335,0.019343147710524377,0.24885000000000002,0.31594930000000004,0.06709930000000003
316,..\data\music\DEAM\DEAM_audio\MEMD_audio\316.mp3,-0.22124074183333337,0.03334911378155274,-0.269111,-0.140262,0.128849,-0.3906611126666667,0.03331356604912463,-0.43325710000000006,-0.33398150000000004,0.09927560000000002
317,..\data\music\DEAM\DEAM_audio\MEMD_audio\317.mp3,-0.04781349133333334,0.025051934003630833,-0.09503999999999999,-0.003478299999999998,0.09156169999999998,0.2991788233333333,0.0278302844492013,0.242089,0.349101,0.107012
318,..\data\music\DEAM\DEAM_audio\MEMD_audio\318.mp3,0.25225736,0.013487483168666672,0.23021599999999998,0.28483850000000005,0.054622500000000074,0.3773671083333333,0.025332434722257335,0.30891300000000005,0.40653799999999995,0.0976249999999999
319,..\data\music\DEAM\DEAM_audio\MEMD_audio\319.mp3,0.1371398255,0.028532173123775515,0.07715249999999998,0.1793766,0.10222410000000001,-0.1140255065,0.021718179924471098,-0.2187681,-0.092503,0.1262651
32,..\data\music\DEAM\DEAM_audio\MEMD_audio\32.mp3,-0.17084383016666665,0.039009303556939316,-0.23230240000000002,-0.10442,0.1278824,-0.02616892408333333,0.01757398568848561,-0.059655899999999984,0.002628900000000001,0.06228479999999999
320,..\data\music\DEAM\DEAM_audio\MEMD_audio\320.mp3,0.38081190583333335,0.019248222725545185,0.32897770000000004,0.40897459999999997,0.07999689999999993,0.6281176166666668,0.02086684576156634,0.5630467,0.6486077,0.085561
321,..\data\music\DEAM\DEAM_audio\MEMD_audio\321.mp3,0.1621347016666667,0.04354362597982733,0.11797210000000002,0.2522489,0.13427679999999997,0.46710455999999995,0.038897107737269274,0.385331,0.49711599999999995,0.11178499999999997
322,..\data\music\DEAM\DEAM_audio\MEMD_audio\322.mp3,0.44313063333333336,0.012872247173624698,0.41221399999999997,0.50496,0.092746,0.273292835,0.008535882082925488,0.255414,0.2994944,0.04408040000000002
323,..\data\music\DEAM\DEAM_audio\MEMD_audio\323.mp3,0.24341060751666665,0.02369897916232231,0.21650342,0.29707429999999996,0.08057087999999996,0.0036961935000000092,0.030989366035817825,-0.030822499999999985,0.06715040000000001,0.0979729
324,..\data\music\DEAM\DEAM_audio\MEMD_audio\324.mp3,-0.04541023349999999,0.01234144107356509,-0.0694285,-0.03138320000000001,0.0380453,-0.27516253333333335,0.009498375851457738,-0.293241,-0.25467300000000004,0.038567999999999936
325,..\data\music\DEAM\DEAM_audio\MEMD_audio\325.mp3,0.16080249383333334,0.04347087476052999,0.025001300000000004,0.19584919999999997,0.17084789999999997,0.319716475,0.024062037060431352,0.28151699999999996,0.398702,0.11718500000000004
326,..\data\music\DEAM\DEAM_audio\MEMD_audio\326.mp3,0.4209805428333333,0.045030395973130716,0.33913099999999996,0.48282569999999997,0.1436947,0.16773247499999996,0.02339203576504636,0.118482,0.20239080000000004,0.08390880000000003
327,..\data\music\DEAM\DEAM_audio\MEMD_audio\327.mp3,0.44521714500000004,0.0156157843499286,0.423144,0.47264470000000003,0.04950070000000001,0.3332706792833333,0.011522727387716779,0.3098027,0.3808614,0.07105870000000003
328,..\data\music\DEAM\DEAM_audio\MEMD_audio\328.mp3,-0.18567551533333332,0.007333031550588624,-0.203864,-0.16957792,0.03428608,0.15373288616666667,0.011078969989363498,0.13512939999999998,0.17397743999999998,0.03884804
329,..\data\music\DEAM\DEAM_audio\MEMD_audio\329.mp3,-0.1967994281,0.012687727713021226,-0.2098421,-0.17245110000000002,0.03739099999999998,-0.37325661716666675,0.04172108801120762,-0.47786800000000007,-0.32915,0.14871800000000007
330,..\data\music\DEAM\DEAM_audio\MEMD_audio\330.mp3,-0.3785861916666666,0.024819376493318633,-0.41091500000000003,-0.3175343,0.09338070000000004,0.3337684773333333,0.019798852141648175,0.30478200000000005,0.3746655,0.06988349999999993
332,..\data\music\DEAM\DEAM_audio\MEMD_audio\332.mp3,0.3563874,0.008740594577792367,0.324425,0.374123,0.049697999999999964,0.18158315666666663,0.016027148204129208,0.1482393,0.20606200000000002,0.05782270000000003
333,..\data\music\DEAM\DEAM_audio\MEMD_audio\333.mp3,0.09726372966666667,0.012349460472393515,0.0745114,0.12236669999999998,0.047855299999999976,0.47803439999999997,0.02064182447217299,0.439458,0.5235679999999999,0.08410999999999991
334,..\data\music\DEAM\DEAM_audio\MEMD_audio\334.mp3,0.17551941666666662,0.008750626721901437,0.155314,0.18883299999999997,0.033518999999999965,0.3409571396666666,0.013410454553500418,0.3101864,0.35957900000000004,0.049392600000000064
335,..\data\music\DEAM\DEAM_audio\MEMD_audio\335.mp3,0.39755322,0.03341400636968376,0.3345539,0.479425,0.14487109999999997,0.481599135,0.01767138984560283,0.4516590000000001,0.5120476,0.06038859999999996
336,..\data\music\DEAM\DEAM_audio\MEMD_audio\336.mp3,0.3020398616666667,0.03788049676794156,0.22636399999999995,0.34630400000000006,0.1199400000000001,0.22802992,0.02780611889613986,0.1605785,0.2562818,0.09570329999999999
338,..\data\music\DEAM\DEAM_audio\MEMD_audio\338.mp3,-0.18861687333333335,0.04242626518772644,-0.2369183,-0.06095090000000003,0.17596739999999997,-0.20606563100000003,0.07206670193980082,-0.2888724,-0.0324313,0.2564411
339,..\data\music\DEAM\DEAM_audio\MEMD_audio\339.mp3,0.4168446166666666,0.008676237661705036,0.38812199999999997,0.42969599999999997,0.041574,0.3042559333333334,0.03036210947429195,0.249767,0.343044,0.09327700000000003
340,..\data\music\DEAM\DEAM_audio\MEMD_audio\340.mp3,-0.06250285938333332,0.022604322767762388,-0.11098599999999999,-0.012561000000000003,0.09842499999999998,-0.31388093666666655,0.011507568916716901,-0.3296461,-0.28760009999999997,0.04204600000000003
341,..\data\music\DEAM\DEAM_audio\MEMD_audio\341.mp3,-0.020963832166666675,0.019693895340035714,-0.0574242,0.0026477000000000002,0.060071900000000004,-0.14609265433333332,0.030062367770786864,-0.19425000000000003,-0.09990039999999999,0.09434960000000005
342,..\data\music\DEAM\DEAM_audio\MEMD_audio\342.mp3,0.11019739499999999,0.027994493200374396,0.0602164,0.1655003,0.10528389999999999,-0.20473385291666668,0.01138676357967561,-0.2268094,-0.1775003,0.049309099999999995
343,..\data\music\DEAM\DEAM_audio\MEMD_audio\343.mp3,0.6151950783333332,0.03676124247222016,0.5392627999999999,0.6746169999999999,0.13535419999999998,0.3626637999999999,0.04603487360534403,0.302152,0.42130799999999996,0.11915599999999998
344,..\data\music\DEAM\DEAM_audio\MEMD_audio\344.mp3,0.026241428083333327,0.02067156700276175,-0.003072900000000003,0.05697189999999998,0.06004479999999998,-0.08499346666666668,0.014049815594835717,-0.12875400000000004,-0.05600200000000002,0.07275200000000001
345,..\data\music\DEAM\DEAM_audio\MEMD_audio\345.mp3,0.24376179000000003,0.02946199815584306,0.16501630000000003,0.27710500000000005,0.11208870000000001,0.5040550798333333,0.03287657677789201,0.3997117,0.56694,0.1672283
346,..\data\music\DEAM\DEAM_audio\MEMD_audio\346.mp3,0.43239967516666666,0.024794301150563174,0.38338599999999995,0.47454340000000006,0.09115740000000011,0.40351964516666666,0.017437098415022136,0.3724413000000001,0.43633,0.06388869999999991
347,..\data\music\DEAM\DEAM_audio\MEMD_audio\347.mp3,0.21734887133333333,0.01025424872459224,0.20158899999999996,0.241722,0.04013300000000003,-0.11730932833333332,0.00945193709123676,-0.1340319,-0.1027636,0.03126830000000001
348,..\data\music\DEAM\DEAM_audio\MEMD_audio\348.mp3,0.23204773633333334,0.03495048048637886,0.10807420000000001,0.2701131,0.16203889999999999,0.10975433516666667,0.021650205163770656,0.06263690000000001,0.14666010000000002,0.0840232
349,..\data\music\DEAM\DEAM_audio\MEMD_audio\349.mp3,0.2599215866666667,0.0590607231018677,0.215198,0.39019039999999994,0.17499239999999994,-0.22918521666666664,0.04369829220774791,-0.3007844,-0.1590319,0.1417525
35,..\data\music\DEAM\DEAM_audio\MEMD_audio\35.mp3,0.3826025733333333,0.03109940032038598,0.3309431,0.42831400000000003,0.09737090000000004,0.003022480000000006,0.033219895129243456,-0.08786199999999998,0.03509070000000001,0.1229527
350,..\data\music\DEAM\DEAM_audio\MEMD_audio\350.mp3,0.38880607999999994,0.021131056651421856,0.36789630000000006,0.435871,0.06797469999999994,0.24122096166666668,0.018510543280313627,0.19874589999999998,0.270027,0.07128110000000004
352,..\data\music\DEAM\DEAM_audio\MEMD_audio\352.mp3,0.011774649333333338,0.026857710865568624,-0.0586209,0.0672141,0.125835,0.15017304200000003,0.00938308605964065,0.1253997,0.17193289999999997,0.04653319999999997
353,..\data\music\DEAM\DEAM_audio\MEMD_audio\353.mp3,-0.05112457566666668,0.02118135348331746,-0.10167190000000001,-0.0237878,0.07788410000000001,-0.17225837666666668,0.008841943647701125,-0.19003889999999998,-0.144814,0.045224899999999985
354,..\data\music\DEAM\DEAM_audio\MEMD_audio\354.mp3,0.257136269,0.017317451513290453,0.22326300000000004,0.285872,0.06260899999999997,0.4741387633333334,0.0361516347301657,0.409877,0.519893,0.11001600000000006
355,..\data\music\DEAM\DEAM_audio\MEMD_audio\355.mp3,0.4122101155,0.012630627896891013,0.3823912,0.45369600000000004,0.07130480000000006,0.11100292433333335,0.00602908258686189,0.09760939999999999,0.123915,0.026305600000000012
356,..\data\music\DEAM\DEAM_audio\MEMD_audio\356.mp3,0.2978037966666666,0.006992056953619263,0.2864026,0.3195236,0.03312100000000001,0.03769278866666667,0.00814601601003633,0.015465000000000012,0.05096500000000002,0.035500000000000004
357,..\data\music\DEAM\DEAM_audio\MEMD_audio\357.mp3,0.3139124083333333,0.022258865104277676,0.26345549999999995,0.36205299999999996,0.0985975,0.09821429566666666,0.016633464157650418,0.0557916,0.13106669999999998,0.07527509999999998
358,..\data\music\DEAM\DEAM_audio\MEMD_audio\358.mp3,-0.07939506983333335,0.023271795530444676,-0.1187743,-0.03780710000000002,0.08096719999999999,0.16417252866666665,0.015172587302900201,0.12426959999999998,0.18455890000000003,0.060289300000000046
359,..\data\music\DEAM\DEAM_audio\MEMD_audio\359.mp3,-0.21255164718333336,0.017024988760061806,-0.2648708,-0.18518110000000002,0.0796897,-0.47223376533333333,0.024328164661091306,-0.5569940000000001,-0.4025378,0.1544562000000001
360,..\data\music\DEAM\DEAM_audio\MEMD_audio\360.mp3,-0.07290103066666669,0.008272333919520508,-0.09322480000000001,-0.0570029,0.03622190000000001,-0.5115256349999999,0.012351829849052389,-0.529531,-0.473102,0.05642899999999995
361,..\data\music\DEAM\DEAM_audio\MEMD_audio\361.mp3,-0.29582914666666665,0.03094582310165334,-0.33403859999999996,-0.2417186,0.09231999999999996,-0.4610229833333334,0.012033699451251713,-0.48308399999999996,-0.44581299999999996,0.037271
362,..\data\music\DEAM\DEAM_audio\MEMD_audio\362.mp3,0.2712895533333333,0.013513990603278112,0.2536353,0.2955319,0.041896600000000006,-0.09774669401666668,0.017995777338732935,-0.1672358,-0.06962900000000001,0.09760679999999998
364,..\data\music\DEAM\DEAM_audio\MEMD_audio\364.mp3,0.43544580083333345,0.013228293055074329,0.3888798,0.4537921,0.06491229999999998,0.08915003483333334,0.06899936840019302,-0.02048000000000001,0.15706319,0.17754319
365,..\data\music\DEAM\DEAM_audio\MEMD_audio\365.mp3,0.3083813825,0.08270087797135774,0.18354730000000002,0.42351700000000003,0.2399697,0.28782910921666666,0.05791039055432347,0.2131255,0.37089479999999997,0.15776929999999997
366,..\data\music\DEAM\DEAM_audio\MEMD_audio\366.mp3,0.19423613116666666,0.011821324955084507,0.16978279999999998,0.221102,0.05131920000000001,0.5049149198333333,0.0196320700625876,0.47611600000000004,0.533686,0.057569999999999955
367,..\data\music\DEAM\DEAM_audio\MEMD_audio\367.mp3,-0.34412201666666664,0.015387551319266349,-0.37182899999999997,-0.3117376,0.06009139999999996,-0.39251619700000007,0.02401328066895479,-0.4227786,-0.34635399999999994,0.07642460000000006
368,..\data\music\DEAM\DEAM_audio\MEMD_audio\368.mp3,0.22364134133333333,0.05132728417891728,0.1332662,0.2980888,0.16482259999999999,-0.03752766531666666,0.02463231970529047,-0.07655790000000001,0.02163106,0.09818896000000002
369,..\data\music\DEAM\DEAM_audio\MEMD_audio\369.mp3,-0.3160907221666667,0.051037278890013554,-0.388131,-0.2250442,0.1630868,-0.454893731,0.03395219815514799,-0.5004489999999999,-0.4034938,0.09695519999999991
37,..\data\music\DEAM\DEAM_audio\MEMD_audio\37.mp3,0.26439629316666663,0.033634332731258224,0.1499005,0.3051965,0.155296,0.36763579499999993,0.03260036552042233,0.3240149,0.43466449999999995,0.11064959999999996
370,..\data\music\DEAM\DEAM_audio\MEMD_audio\370.mp3,-0.18598997499999997,0.04554780990484841,-0.24513839999999995,-0.031935899999999996,0.21320249999999996,-0.14245628466666668,0.022742303731504536,-0.18420400000000003,-0.096778,0.08742600000000003
371,..\data\music\DEAM\DEAM_audio\MEMD_audio\371.mp3,0.24534177999999998,0.010007058470579649,0.2253661,0.2610168,0.03565069999999998,0.088027715,0.017757928266690957,0.040144,0.1027534,0.0626094
372,..\data\music\DEAM\DEAM_audio\MEMD_audio\372.mp3,-0.10076344166666669,0.03551493841752271,-0.15770269999999997,-0.0303488,0.12735389999999996,-0.2701466828333333,0.01961922509039845,-0.30420099999999994,-0.2147396,0.08946139999999994
374,..\data\music\DEAM\DEAM_audio\MEMD_audio\374.mp3,-0.006197634999999996,0.03718975089733203,-0.08656799999999999,0.0685472,0.1551152,0.4801409566666667,0.025816638551635435,0.4178249000000001,0.5175820000000001,0.09975709999999999
375,..\data\music\DEAM\DEAM_audio\MEMD_audio\375.mp3,-0.35733542999999995,0.03008211900730538,-0.40632820000000003,-0.29429739999999993,0.1120308000000001,-0.5815822666666667,0.01737614227311562,-0.603097,-0.554816,0.04828100000000002
376,..\data\music\DEAM\DEAM_audio\MEMD_audio\376.mp3,0.2326379675,0.023643889049054487,0.20535317000000003,0.2774785,0.07212532999999999,0.13387317286666664,0.044073582850438706,0.05706100000000003,0.19872830000000002,0.1416673
378,..\data\music\DEAM\DEAM_audio\MEMD_audio\378.mp3,0.26121645,0.01723082772090477,0.22951099999999997,0.28796800000000006,0.05845700000000009,0.31516809785000005,0.046001092698951765,0.2547236,0.387043,0.13231940000000003
379,..\data\music\DEAM\DEAM_audio\MEMD_audio\379.mp3,-0.4043349268333333,0.009196446233987637,-0.43667390000000006,-0.3940634899999999,0.042610410000000154,-0.6023330816666667,0.006172956598273128,-0.6135940000000001,-0.5891539,0.024440100000000076
380,..\data\music\DEAM\DEAM_audio\MEMD_audio\380.mp3,0.109279,0.006160969242578639,0.10141539999999998,0.12618659999999998,0.024771200000000007,0.16242999333333336,0.040311639994580005,0.0979072,0.20959320000000004,0.11168600000000004
381,..\data\music\DEAM\DEAM_audio\MEMD_audio\381.mp3,0.29332941833333326,0.013033176559770989,0.27547549999999993,0.3173924,0.04191690000000009,0.26372190683333335,0.013308230845686754,0.22938430000000004,0.29093,0.06154569999999998
383,..\data\music\DEAM\DEAM_audio\MEMD_audio\383.mp3,-0.07550617506666667,0.04736215383485413,-0.1325889,0.007740200000000003,0.1403291,-0.06404304383333334,0.029250043635880105,-0.16272199999999998,-0.020589299999999987,0.1421327
384,..\data\music\DEAM\DEAM_audio\MEMD_audio\384.mp3,-0.13455388683333333,0.040563514278705005,-0.1725336,-0.04717449999999999,0.12535910000000003,-0.13298795349999998,0.012738521213432876,-0.1640694,-0.101756,0.062313400000000005
386,..\data\music\DEAM\DEAM_audio\MEMD_audio\386.mp3,0.1705640300666667,0.016572320516904025,0.13727570000000003,0.1888085,0.05153279999999996,0.2094809575,0.06930573519194708,0.105756,0.29687009999999997,0.19111409999999995
387,..\data\music\DEAM\DEAM_audio\MEMD_audio\387.mp3,0.25204515816666667,0.1206915252058318,-0.05831980000000001,0.4338268,0.49214660000000005,0.1501258216666667,0.12755879621947888,-0.15089300000000003,0.31127108000000003,0.4621640800000001
39,..\data\music\DEAM\DEAM_audio\MEMD_audio\39.mp3,0.16083728116666665,0.02873651831765684,0.12422439999999998,0.2401283,0.1159039,0.5890228000000001,0.027879609964871006,0.54853,0.6381490000000001,0.08961900000000012
390,..\data\music\DEAM\DEAM_audio\MEMD_audio\390.mp3,0.24148328216666665,0.01882018217204164,0.20985269999999998,0.2701379,0.06028520000000001,0.32255099023333333,0.02779360351820279,0.20894569999999998,0.348572,0.1396263
391,..\data\music\DEAM\DEAM_audio\MEMD_audio\391.mp3,0.24132429066666666,0.03077668491076202,0.1853132,0.2878977,0.10258449999999997,0.27516884933333324,0.030015748317122785,0.2314279,0.3188445,0.08741659999999998
392,..\data\music\DEAM\DEAM_audio\MEMD_audio\392.mp3,0.026098792733333334,0.007523520378626184,0.0049702999999999995,0.03697190000000001,0.03200160000000001,-0.11803530466666666,0.010857807759185774,-0.1462277,-0.09861627999999999,0.04761142
393,..\data\music\DEAM\DEAM_audio\MEMD_audio\393.mp3,0.23651015733333333,0.03377503087366174,0.18511099999999997,0.321222,0.13611100000000004,0.26152192766666665,0.015676838363376338,0.22839749999999998,0.2828428,0.05444530000000003
395,..\data\music\DEAM\DEAM_audio\MEMD_audio\395.mp3,0.3692625826666667,0.01044611739937506,0.3436081,0.3832595,0.03965139999999995,0.3943595454,0.04618533680738879,0.30136077000000006,0.4597918,0.15843102999999992
397,..\data\music\DEAM\DEAM_audio\MEMD_audio\397.mp3,0.42161558999999993,0.027229387429611798,0.3829239,0.47859760000000007,0.09567370000000008,0.5063488616666667,0.03024578971706691,0.42938300000000007,0.561741,0.13235799999999998
399,..\data\music\DEAM\DEAM_audio\MEMD_audio\399.mp3,0.31079497896666664,0.06860592675886172,0.2130449,0.406087,0.19304209999999997,0.37038272816666673,0.10985789561913434,0.241068,0.523095,0.28202699999999997
4,..\data\music\DEAM\DEAM_audio\MEMD_audio\4.mp3,0.1552096233333333,0.0462075582601316,0.0768319,0.2222745,0.14544260000000003,0.24307226666666668,0.055911233442435856,0.16422609999999996,0.3151977,0.15097160000000007
40,..\data\music\DEAM\DEAM_audio\MEMD_audio\40.mp3,0.07284366154999998,0.052888553911423004,-0.018559399999999997,0.13506899999999997,0.15362839999999997,-0.2262802836833333,0.08229778407520469,-0.32230600000000004,-0.097419,0.22488700000000003
400,..\data\music\DEAM\DEAM_audio\MEMD_audio\400.mp3,0.07328975186166667,0.07603945178782649,-0.07670629999999999,0.1826973,0.2594036,-0.0031753689999999913,0.12665203609907155,-0.19588049999999996,0.1500923,0.34597279999999997
401,..\data\music\DEAM\DEAM_audio\MEMD_audio\401.mp3,0.3210880195,0.08065973667347436,0.20284010000000002,0.3978258,0.19498569999999998,0.14701125599999998,0.042803993468854565,0.0704342,0.203043,0.1326088
402,..\data\music\DEAM\DEAM_audio\MEMD_audio\402.mp3,0.47403689016666667,0.03255112359282607,0.322766,0.5172429999999999,0.1944769999999999,0.4874548000000001,0.016564372198285483,0.4180191,0.5143129999999999,0.09629389999999993
403,..\data\music\DEAM\DEAM_audio\MEMD_audio\403.mp3,0.1053804725,0.06299560693665526,0.03204999999999999,0.24378209999999995,0.21173209999999995,-0.07713716316666666,0.08683713115355753,-0.1756824,0.0683168,0.24399919999999997
404,..\data\music\DEAM\DEAM_audio\MEMD_audio\404.mp3,0.3230910473666667,0.045725881378906916,0.26373030000000003,0.4356878999999999,0.17195759999999988,0.4127528645,0.04958937051234559,0.3410536,0.5131471,0.17209349999999995
405,..\data\music\DEAM\DEAM_audio\MEMD_audio\405.mp3,0.437130595,0.007291524103972238,0.41291200000000006,0.450014,0.03710199999999997,0.2644948428333333,0.016941662568149773,0.230813,0.30194200000000004,0.07112900000000005
406,..\data\music\DEAM\DEAM_audio\MEMD_audio\406.mp3,-0.027338421400000004,0.08914416952294427,-0.1373433,0.0805351,0.2178784,0.23139374000000001,0.0474133304013481,0.10630410000000001,0.27915199999999996,0.17284789999999994
407,..\data\music\DEAM\DEAM_audio\MEMD_audio\407.mp3,-0.014344806833333333,0.05028645930645368,-0.1536461,0.0280296,0.1816757,-0.022532150200000003,0.01187521093740187,-0.059497900000000006,-0.00409210000000001,0.0554058
408,..\data\music\DEAM\DEAM_audio\MEMD_audio\408.mp3,0.24175587025000003,0.03298933188191998,0.18756990000000004,0.28982159999999996,0.10225169999999992,0.32575614733333325,0.01975070381269892,0.29002069999999996,0.3525767,0.06255600000000006
41,..\data\music\DEAM\DEAM_audio\MEMD_audio\41.mp3,-0.08446668199999999,0.033769728481039284,-0.1367772,-0.0281285,0.10864869999999999,-0.17326141700000003,0.024580018242915537,-0.20420489999999997,-0.13010519000000004,0.07409970999999993
410,..\data\music\DEAM\DEAM_audio\MEMD_audio\410.mp3,-0.029730600666666666,0.02447197469565727,-0.08079288999999999,0.012798300000000002,0.09359118999999999,-0.43797345833333334,0.010551849376930609,-0.4547295000000001,-0.4061304,0.04859910000000012
415,..\data\music\DEAM\DEAM_audio\MEMD_audio\415.mp3,0.0574069085,0.010111230921908045,0.03406340000000001,0.07815790000000002,0.04409450000000001,0.22399957500000003,0.01720374327005246,0.19912139999999998,0.2565857,0.05746430000000005
416,..\data\music\DEAM\DEAM_audio\MEMD_audio\416.mp3,0.14696365525,0.026613325884771298,0.05858224999999999,0.17884499999999998,0.12026274999999999,0.13537832775,0.04319147308002322,0.02769445000000001,0.19754860000000002,0.16985415
419,..\data\music\DEAM\DEAM_audio\MEMD_audio\419.mp3,-0.08000241166666666,0.01878604022752517,-0.13370938000000002,-0.05771893,0.07599045000000001,-0.3708951873333334,0.023607399775504707,-0.42620579999999997,-0.31364960000000003,0.11255619999999994
42,..\data\music\DEAM\DEAM_audio\MEMD_audio\42.mp3,0.003224863333333344,0.026064245978510914,-0.061592999999999974,0.05081700000000002,0.11241,0.30572099766666666,0.0037303643150753893,0.28994846,0.3108436,0.02089513999999998
420,..\data\music\DEAM\DEAM_audio\MEMD_audio\420.mp3,0.09663020666666666,0.016062522219368467,0.0656058,0.12515160000000003,0.059545800000000024,-0.0498204195,0.021434281421307853,-0.09233349999999999,-0.011241299999999987,0.0810922
422,..\data\music\DEAM\DEAM_audio\MEMD_audio\422.mp3,-0.3444487116666667,0.01487506101074425,-0.35973979999999994,-0.27290879999999995,0.08683099999999999,-0.4230966561666667,0.03573352329332117,-0.4651739999999999,-0.34888900000000006,0.11628499999999986
423,..\data\music\DEAM\DEAM_audio\MEMD_audio\423.mp3,-0.016687219833333333,0.016566176292283973,-0.059590999999999984,0.0102749,0.06986589999999998,0.21077674331666665,0.018572955315541543,0.1819706,0.24944929999999998,0.06747869999999997
425,..\data\music\DEAM\DEAM_audio\MEMD_audio\425.mp3,0.3480146833333333,0.03105116244495616,0.280385,0.39178900000000005,0.11140400000000006,0.45259214333333336,0.03646807252830145,0.3734794,0.5000009999999999,0.1265215999999999
426,..\data\music\DEAM\DEAM_audio\MEMD_audio\426.mp3,0.05260886383333333,0.007403708047491269,0.0344183,0.0658714,0.0314531,0.15625921516666666,0.036813915334605096,0.11811930000000001,0.30046080000000003,0.18234150000000002
427,..\data\music\DEAM\DEAM_audio\MEMD_audio\427.mp3,0.1405499218333333,0.016988007343637996,0.10466209999999998,0.169194,0.06453190000000003,0.1559513918333333,0.011293492988307835,0.1303446,0.1883868,0.05804219999999999
428,..\data\music\DEAM\DEAM_audio\MEMD_audio\428.mp3,0.13306296333333337,0.10576046893515706,0.0629068,0.38107599999999997,0.3181692,0.3863370257833333,0.024843349936652236,0.3543895,0.443438,0.08904849999999997
429,..\data\music\DEAM\DEAM_audio\MEMD_audio\429.mp3,-0.10090849,0.006543590060680248,-0.113479,-0.0870439,0.026435100000000003,-0.2250591898333333,0.011850012821774988,-0.25456500000000004,-0.20314700000000002,0.05141800000000002
43,..\data\music\DEAM\DEAM_audio\MEMD_audio\43.mp3,-0.16293851833333334,0.05954133842323469,-0.26480249999999994,-0.0815215,0.18328099999999994,0.41415390333333335,0.013336270967590191,0.37532909999999997,0.43841399999999997,0.0630849
430,..\data\music\DEAM\DEAM_audio\MEMD_audio\430.mp3,-0.17129792000000002,0.058164635246745366,-0.258175,-0.1039129,0.15426209999999999,-0.006288725333333333,0.033812980044315696,-0.0801741,0.0281694,0.1083435
431,..\data\music\DEAM\DEAM_audio\MEMD_audio\431.mp3,0.14450336666666666,0.009209322685294983,0.13347859999999998,0.16347749999999997,0.029998899999999995,0.25770222966666667,0.018561092437788432,0.20742919999999998,0.279131,0.07170180000000004
432,..\data\music\DEAM\DEAM_audio\MEMD_audio\432.mp3,0.23430310016666667,0.010445853028823523,0.19301260000000003,0.2511,0.058087399999999956,0.04126198083333334,0.007962063955994133,0.027173700000000023,0.055715,0.028541299999999978
435,..\data\music\DEAM\DEAM_audio\MEMD_audio\435.mp3,0.32787324546666674,0.018922054682616415,0.29089770000000004,0.36148379999999997,0.07058609999999993,0.12257288450000002,0.09003132490705078,-0.08732469999999996,0.20444730000000005,0.29177200000000003
436,..\data\music\DEAM\DEAM_audio\MEMD_audio\436.mp3,0.14853507833333335,0.03951044893403132,0.11054460000000002,0.21913050000000003,0.10858590000000001,-0.024789835833333333,0.011123853417924068,-0.0498356,-0.005224499999999997,0.0446111
437,..\data\music\DEAM\DEAM_audio\MEMD_audio\437.mp3,-0.04786021583333333,0.035162176723385945,-0.1029353,0.006319399999999994,0.10925469999999998,0.07065576666666669,0.010430840118109162,0.0419547,0.0902434,0.048288700000000004
44,..\data\music\DEAM\DEAM_audio\MEMD_audio\44.mp3,-0.13433173988333333,0.01471774535014648,-0.1557378,-0.10695670000000002,0.048781099999999994,-0.2719601585,0.022530463988860935,-0.3339137,-0.2447837,0.08912999999999999
440,..\data\music\DEAM\DEAM_audio\MEMD_audio\440.mp3,0.3195952349666667,0.011406168034121096,0.2968952,0.3432603,0.04636509999999999,0.3020166800000001,0.007803873625616968,0.2890197,0.328827,0.03980729999999999
441,..\data\music\DEAM\DEAM_audio\MEMD_audio\441.mp3,-0.025102542999999998,0.013508001971503444,-0.05955619999999999,-0.010176600000000003,0.04937959999999999,0.012288497333333334,0.006645539715695497,-0.005159099999999993,0.025127,0.030286099999999993
442,..\data\music\DEAM\DEAM_audio\MEMD_audio\442.mp3,-0.17501051316666671,0.057702329617932195,-0.257895,-0.08127599999999999,0.176619,-0.12736311666666666,0.04555061430981353,-0.2397507,-0.07853799999999997,0.16121270000000004
444,..\data\music\DEAM\DEAM_audio\MEMD_audio\444.mp3,-0.49258764566666674,0.06418319340010924,-0.5568354,-0.3334819,0.22335349999999998,-0.5018522655,0.01974195454396783,-0.53731,-0.46500199999999997,0.07230799999999998
445,..\data\music\DEAM\DEAM_audio\MEMD_audio\445.mp3,-0.11288410983333332,0.015503161932812442,-0.13367030000000002,-0.08673829999999999,0.04693200000000003,-0.5538176766666666,0.014207516692985289,-0.591505,-0.5186679999999999,0.07283700000000004
448,..\data\music\DEAM\DEAM_audio\MEMD_audio\448.mp3,0.45860300800000003,0.01515725748893829,0.4101235,0.4787584000000001,0.06863490000000011,0.47466949333333325,0.03163538116795215,0.40946499999999997,0.503748,0.094283
449,..\data\music\DEAM\DEAM_audio\MEMD_audio\449.mp3,-0.024523179733333338,0.06060744827635409,-0.10403365,0.1402652,0.24429885,-0.35782565916666675,0.03883468592497341,-0.4179106,-0.20434149999999995,0.21356910000000007
45,..\data\music\DEAM\DEAM_audio\MEMD_audio\45.mp3,-0.5195346500000001,0.048723186012693175,-0.583168,-0.458141,0.125027,0.03722842333333334,0.02959268445534226,-0.06206999999999998,0.06796200000000001,0.13003199999999998
450,..\data\music\DEAM\DEAM_audio\MEMD_audio\450.mp3,-0.0199332825,0.01593887676903265,-0.04543459999999998,0.011521499999999999,0.056956099999999975,-0.19381170999999997,0.04596750894247914,-0.2612311,-0.1160501,0.145181
451,..\data\music\DEAM\DEAM_audio\MEMD_audio\451.mp3,-0.07268638998333336,0.10449007909489294,-0.22635900000000003,0.09102999999999999,0.31738900000000003,0.039306829031999994,0.12262280594901193,-0.20183169999999998,0.2135048,0.4153365
452,..\data\music\DEAM\DEAM_audio\MEMD_audio\452.mp3,0.37078091999999996,0.03668379240239391,0.22458430000000001,0.403042,0.1784577,0.15866841166666665,0.022719438144598644,0.1279463,0.2078274,0.07988109999999998
453,..\data\music\DEAM\DEAM_audio\MEMD_audio\453.mp3,0.17416640749999998,0.07342851394881159,-0.0380186,0.2318206,0.2698392,-0.09367483799999997,0.05553169851996914,-0.264787,-0.043121,0.221666
454,..\data\music\DEAM\DEAM_audio\MEMD_audio\454.mp3,0.1052304335,0.07030458000627023,0.043913499999999994,0.21881649999999997,0.17490299999999998,0.10291167166666666,0.03445664234276216,0.06652109999999999,0.16687210000000002,0.10035100000000004
455,..\data\music\DEAM\DEAM_audio\MEMD_audio\455.mp3,0.22599255143333333,0.023490329773533422,0.16797900000000002,0.2593973,0.09141829999999998,0.15489689566666665,0.052909627066930906,0.014450900000000006,0.3078282,0.2933773
456,..\data\music\DEAM\DEAM_audio\MEMD_audio\456.mp3,-0.45192015918166667,0.04167411867931464,-0.50674,-0.3727058,0.1340342,0.25171393000000003,0.03991061127848625,0.17235,0.30133600000000005,0.12898600000000005
458,..\data\music\DEAM\DEAM_audio\MEMD_audio\458.mp3,0.021795659499999998,0.01446146408922121,-0.004196999999999995,0.0514502,0.055647199999999994,-0.2688533776666666,0.013920170429504254,-0.3008246,-0.2505477,0.05027690000000001
459,..\data\music\DEAM\DEAM_audio\MEMD_audio\459.mp3,0.1828695041666667,0.026596528739292736,0.1464489,0.223542,0.0770931,0.21750387833333332,0.087342477258056,0.06893300000000001,0.334496,0.265563
46,..\data\music\DEAM\DEAM_audio\MEMD_audio\46.mp3,-0.21460538083333336,0.010039855445565985,-0.23692609999999997,-0.1995311,0.037394999999999984,0.1825337665,0.026679044374433893,0.1358304,0.2491627,0.1133323
460,..\data\music\DEAM\DEAM_audio\MEMD_audio\460.mp3,0.02312951533333334,0.03233841924683252,-0.04260989999999999,0.07130319999999998,0.11391309999999998,-0.18451178000000004,0.06801717121499981,-0.277297,-0.024284,0.25301300000000004
461,..\data\music\DEAM\DEAM_audio\MEMD_audio\461.mp3,-0.05605423577683333,0.035674192153562254,-0.11802059999999999,0.0336495,0.15167009999999997,0.10248136871666667,0.08567495444370868,-0.009950599999999997,0.2580055,0.2679561
462,..\data\music\DEAM\DEAM_audio\MEMD_audio\462.mp3,0.011892244666666678,0.02716734239850078,-0.09960699999999999,0.072781,0.17238799999999999,0.2833506621333334,0.026416395205087102,0.2229657,0.3310648,0.1080991
463,..\data\music\DEAM\DEAM_audio\MEMD_audio\463.mp3,0.22475616333333337,0.020435296633243557,0.1809642,0.2638121,0.0828479,0.22645194108333336,0.039021384839259,0.1591415,0.28553629999999997,0.12639479999999997
464,..\data\music\DEAM\DEAM_audio\MEMD_audio\464.mp3,0.1806050253333333,0.03239122263875955,0.1319102,0.23668940000000002,0.10477920000000002,0.10130545944666669,0.020196080048786837,0.0750006,0.1335154,0.058514800000000006
466,..\data\music\DEAM\DEAM_audio\MEMD_audio\466.mp3,0.25378787750000004,0.012037298375737613,0.2360484,0.27559330000000004,0.03954490000000005,0.39154967,0.009085380872594185,0.37811389999999995,0.40822200000000003,0.030108100000000082
467,..\data\music\DEAM\DEAM_audio\MEMD_audio\467.mp3,0.42223958333333333,0.011408760437037948,0.39408699999999997,0.445285,0.05119800000000002,0.4155206145000001,0.027605060464502507,0.32902489999999995,0.4571110000000001,0.12808610000000015
468,..\data\music\DEAM\DEAM_audio\MEMD_audio\468.mp3,-0.43187190000000003,0.039409760512395066,-0.46406200000000003,-0.3038244,0.16023760000000004,-0.4172722366666667,0.03490304207916537,-0.4652214,-0.338793,0.1264284
469,..\data\music\DEAM\DEAM_audio\MEMD_audio\469.mp3,-0.0012173089333333332,0.02562058292314782,-0.0909399,0.0959574,0.1868973,0.19003194725000003,0.017924694381004466,0.11515570000000001,0.23032440000000004,0.11516870000000003
47,..\data\music\DEAM\DEAM_audio\MEMD_audio\47.mp3,0.005324618833333335,0.009893858200969613,-0.010168400000000005,0.026501800000000002,0.03667020000000001,0.018036252333333336,0.006684116086373817,0.005848300000000001,0.0336029,0.027754599999999997
472,..\data\music\DEAM\DEAM_audio\MEMD_audio\472.mp3,0.009334426133333327,0.013462651196120154,-0.02086800000000002,0.055907200000000004,0.07677520000000002,0.35624089666666675,0.01170263660383087,0.3360863,0.38020599999999993,0.04411969999999993
473,..\data\music\DEAM\DEAM_audio\MEMD_audio\473.mp3,0.1833345566666667,0.014428276989524974,0.09311249999999999,0.20339800000000005,0.11028550000000006,0.5440256341666666,0.02306694803316267,0.43916650000000007,0.5574755,0.11830899999999994
475,..\data\music\DEAM\DEAM_audio\MEMD_audio\475.mp3,-0.023597523999999995,0.02979781146177972,-0.05793581999999999,0.030082000000000005,0.08801782,0.27332514849999995,0.02857676164625498,0.20055069999999997,0.3125576,0.11200690000000002
477,..\data\music\DEAM\DEAM_audio\MEMD_audio\477.mp3,0.42049412533333336,0.006753533759039888,0.40283189999999997,0.43178920000000004,0.028957300000000075,0.4296339033333334,0.010545238224730738,0.402318,0.44215479999999996,0.03983679999999995
478,..\data\music\DEAM\DEAM_audio\MEMD_audio\478.mp3,-0.22353744833333336,0.0657761548585136,-0.28887999999999997,-0.1018769,0.18700309999999998,-0.35111458000000006,0.013871763006395409,-0.3796659,-0.3260453,0.05362060000000002
479,..\data\music\DEAM\DEAM_audio\MEMD_audio\479.mp3,0.11825076333333336,0.03079472986426934,0.0697978,0.1652421,0.09544430000000001,-0.020802745499999994,0.017934863258692868,-0.056649399999999996,0.012957,0.0696064
48,..\data\music\DEAM\DEAM_audio\MEMD_audio\48.mp3,0.06020623385,0.03678382712132788,0.042085899999999996,0.23967719999999998,0.19759129999999997,0.007898920500000009,0.02515192563166648,-0.022928309999999986,0.04681310000000001,0.06974141
480,..\data\music\DEAM\DEAM_audio\MEMD_audio\480.mp3,-0.133955622595,0.06582353132908503,-0.1998084,-0.017220900000000004,0.18258749999999999,-0.330665317,0.046764577568935234,-0.399891,-0.2557359,0.14415509999999998
481,..\data\music\DEAM\DEAM_audio\MEMD_audio\481.mp3,0.08891232721666666,0.03990312714165293,0.010387699999999996,0.15263279999999996,0.14224509999999996,-0.23423168116666665,0.01035059266318554,-0.25194,-0.2116839,0.04025609999999999
482,..\data\music\DEAM\DEAM_audio\MEMD_audio\482.mp3,-0.3827407566666666,0.058781859280440066,-0.45096189999999997,-0.2629768,0.18798509999999996,-0.57148185,0.024186333239955303,-0.596443,-0.524322,0.07212099999999999
484,..\data\music\DEAM\DEAM_audio\MEMD_audio\484.mp3,0.31343672566666664,0.04300981755932245,0.2293085,0.356738,0.1274295,0.3942253674999999,0.019477730103303916,0.3575574,0.439712,0.08215459999999997
485,..\data\music\DEAM\DEAM_audio\MEMD_audio\485.mp3,-0.03525596193333334,0.05348483234267591,-0.11896100000000001,0.06501479999999998,0.1839758,-0.22716643000000003,0.04172292589248067,-0.294142,-0.1353779,0.15876410000000002
486,..\data\music\DEAM\DEAM_audio\MEMD_audio\486.mp3,0.17307068683333332,0.010940636539187061,0.15066859999999999,0.1850147,0.03434610000000002,0.30863629393333336,0.009885069341220262,0.2978589,0.3287248,0.0308659
487,..\data\music\DEAM\DEAM_audio\MEMD_audio\487.mp3,0.07101627209999999,0.014226688606990601,0.0358781,0.0955391,0.059661,0.09541251401666666,0.022201977892152506,0.0572647,0.12319870000000002,0.06593400000000002
488,..\data\music\DEAM\DEAM_audio\MEMD_audio\488.mp3,-0.2598329228333333,0.01062789800321872,-0.285822,-0.23847559999999998,0.04734640000000004,-0.6485962333333333,0.07439451242315448,-0.7723509999999999,-0.534874,0.23747699999999994
489,..\data\music\DEAM\DEAM_audio\MEMD_audio\489.mp3,0.04859922833333332,0.10013512963160345,-0.09290460000000002,0.1602788,0.2531834,-0.049373517666666665,0.017428349344915446,-0.09037070000000001,-0.0218993,0.06847140000000002
49,..\data\music\DEAM\DEAM_audio\MEMD_audio\49.mp3,0.1674245365,0.020701492781041244,0.13681390000000002,0.199068,0.06225409999999998,-0.034540386666666666,0.008484382438348448,-0.051871600000000004,-0.014383799999999999,0.0374878
490,..\data\music\DEAM\DEAM_audio\MEMD_audio\490.mp3,-0.22716550976666666,0.02770926224492859,-0.2739133000000001,-0.18608800000000003,0.08782530000000005,-0.023321649499999993,0.05448592518571332,-0.15989140000000002,0.026774100000000002,0.1866655
492,..\data\music\DEAM\DEAM_audio\MEMD_audio\492.mp3,-0.030412505666666666,0.021910561843026324,-0.057046999999999994,0.01591829999999999,0.07296529999999998,-0.03635041733333333,0.04019635028762097,-0.11017170000000001,0.007559000000000015,0.11773070000000002
493,..\data\music\DEAM\DEAM_audio\MEMD_audio\493.mp3,-0.020887828499999993,0.008846828129575183,-0.03473439999999999,-0.0008164000000000012,0.03391799999999999,-0.20866673691666668,0.007482292321932883,-0.22126469999999995,-0.1974431,0.023821599999999943
494,..\data\music\DEAM\DEAM_audio\MEMD_audio\494.mp3,-0.12185605985,0.050588420985289026,-0.2126267,-0.0287141,0.1839126,-0.30372235316666657,0.09977832533578063,-0.48687040000000004,-0.16675109999999999,0.32011930000000005
496,..\data\music\DEAM\DEAM_audio\MEMD_audio\496.mp3,0.15293311203333332,0.009532751285685433,0.1172415,0.16671560000000002,0.04947410000000002,-0.34337974133333327,0.011186489473141619,-0.36217499999999997,-0.32642679999999996,0.03574820000000001
497,..\data\music\DEAM\DEAM_audio\MEMD_audio\497.mp3,0.23662199499999997,0.023691787046164505,0.20672079999999998,0.28012299999999996,0.07340219999999997,0.43965141263333335,0.02236498761170285,0.382127,0.46627340000000006,0.08414640000000007
498,..\data\music\DEAM\DEAM_audio\MEMD_audio\498.mp3,-0.4548033785666667,0.025462582454763783,-0.49500109999999997,-0.40124760000000004,0.09375349999999993,-0.3463614196666666,0.030869775421280225,-0.3889741,-0.29287877,0.09609532999999998
499,..\data\music\DEAM\DEAM_audio\MEMD_audio\499.mp3,-0.20472506233333332,0.019702278603181272,-0.2247404,-0.1142024,0.11053800000000001,-0.26510004333333337,0.023851326161063984,-0.3016608,-0.22926510000000003,0.07239569999999998
5,..\data\music\DEAM\DEAM_audio\MEMD_audio\5.mp3,0.14015957833333334,0.02190642152294688,0.12046250000000003,0.23912949999999994,0.11866699999999991,-0.23620671333333335,0.009379397971377948,-0.2556127,-0.22023169999999997,0.03538100000000005
50,..\data\music\DEAM\DEAM_audio\MEMD_audio\50.mp3,0.008474507166666666,0.015881264073751507,-0.016379300000000006,0.037572879999999996,0.05395218,-0.2529026466666666,0.052842967934240356,-0.34304799999999996,-0.1769559,0.16609209999999996
500,..\data\music\DEAM\DEAM_audio\MEMD_audio\500.mp3,0.12699791316666667,0.04607708274148929,0.07500050000000001,0.19363709999999998,0.11863659999999997,0.36588249,0.009484165480415245,0.34875350000000005,0.38017490000000004,0.03142139999999999
501,..\data\music\DEAM\DEAM_audio\MEMD_audio\501.mp3,-0.11719990086666668,0.021289852825280477,-0.1471552,-0.08717670000000002,0.05997849999999999,-0.2803869066666667,0.022008188864820807,-0.31005810000000006,-0.22710940000000002,0.08294870000000004
502,..\data\music\DEAM\DEAM_audio\MEMD_audio\502.mp3,-0.014609648823833334,0.047853296716229385,-0.0813032,0.09320500000000001,0.1745082,0.11207438766666668,0.03723936749557348,0.04101719999999999,0.21832230000000002,0.17730510000000005
503,..\data\music\DEAM\DEAM_audio\MEMD_audio\503.mp3,0.24568029571666666,0.022699830496529263,0.2134145,0.2799666,0.0665521,0.3064821299999999,0.0152454164838846,0.2850979,0.3324729,0.047375
504,..\data\music\DEAM\DEAM_audio\MEMD_audio\504.mp3,-0.19198818950000002,0.017382404178610752,-0.21859220000000001,-0.11356870000000001,0.1050235,-0.015388074333333333,0.011658510145005716,-0.048381600000000004,0.008851999999999995,0.057233599999999996
506,..\data\music\DEAM\DEAM_audio\MEMD_audio\506.mp3,-0.1565492333333333,0.02975441757866987,-0.18753899999999998,-0.08925590000000001,0.09828309999999997,-0.22786351500000002,0.04012119066396968,-0.29766929999999997,-0.15258339999999998,0.1450859
507,..\data\music\DEAM\DEAM_audio\MEMD_audio\507.mp3,0.03731411833333334,0.023993042197542544,-0.003053199999999996,0.0634264,0.06647959999999999,0.07642471166666667,0.03990184429950773,-0.010072700000000007,0.12608460000000005,0.13615730000000006
51,..\data\music\DEAM\DEAM_audio\MEMD_audio\51.mp3,-0.12525166466666665,0.05813973854757996,-0.27953242,-0.0670563,0.21247612,-0.25918846749999996,0.05735648519839529,-0.341611,-0.1507561,0.1908549
512,..\data\music\DEAM\DEAM_audio\MEMD_audio\512.mp3,0.13609643116666664,0.056287831082071756,0.049640800000000006,0.21966010000000002,0.1700193,-0.07098978299999999,0.02764083936900291,-0.11730499999999999,-0.025352899999999994,0.0919521
513,..\data\music\DEAM\DEAM_audio\MEMD_audio\513.mp3,-0.06905715745000002,0.03501423139834777,-0.19879029999999998,-0.0261878,0.17260249999999996,-0.278900682,0.0140349329467125,-0.30910119999999996,-0.2346835,0.07441769999999998
514,..\data\music\DEAM\DEAM_audio\MEMD_audio\514.mp3,0.18146411166666668,0.014093281045731942,0.15574380000000004,0.20809770000000002,0.05235389999999998,-0.15594911116666668,0.05798485356660615,-0.21149390000000007,-0.012738600000000003,0.19875530000000008
515,..\data\music\DEAM\DEAM_audio\MEMD_audio\515.mp3,-0.2805559233333333,0.030078683294105853,-0.35666699999999996,-0.23543999999999995,0.121227,-0.1886481633333333,0.04265938355755521,-0.26861720000000006,-0.13207770000000002,0.13653950000000004
518,..\data\music\DEAM\DEAM_audio\MEMD_audio\518.mp3,-0.17905144666666664,0.04697713994906269,-0.294925,-0.12332070000000002,0.1716043,0.022440705,0.00950695156481868,-0.005252200000000007,0.039140799999999996,0.044393
519,..\data\music\DEAM\DEAM_audio\MEMD_audio\519.mp3,0.17996279650000002,0.04288294367721262,0.1321527,0.270709,0.13855629999999997,0.5380715716666666,0.05914445747910814,0.44982730000000004,0.6233639999999999,0.17353669999999988
52,..\data\music\DEAM\DEAM_audio\MEMD_audio\52.mp3,0.07529706116666665,0.03754514285589474,0.0054937999999999905,0.15891080000000002,0.15341700000000003,0.013501482666666675,0.017181942596673005,-0.028238699999999995,0.04285190000000001,0.0710906
520,..\data\music\DEAM\DEAM_audio\MEMD_audio\520.mp3,-0.05281809316666668,0.019976522385730326,-0.1343314,-0.020509,0.11382239999999999,-0.21898443666666667,0.012631183761719336,-0.2467238,-0.196494,0.05022979999999999
521,..\data\music\DEAM\DEAM_audio\MEMD_audio\521.mp3,-0.10915092266666666,0.021026120833402585,-0.1481639,-0.0724147,0.07574919999999999,-0.3322973764999999,0.007670821396385751,-0.34599460000000004,-0.308648,0.03734660000000006
522,..\data\music\DEAM\DEAM_audio\MEMD_audio\522.mp3,-0.45486152500000016,0.03362352315823764,-0.5031883,-0.3751668,0.1280215,-0.22749565,0.016566778838813735,-0.257181,-0.19183900000000004,0.06534199999999996
523,..\data\music\DEAM\DEAM_audio\MEMD_audio\523.mp3,0.20922266466666667,0.018461565775720144,0.18468270000000003,0.24460600000000002,0.059923299999999985,0.004829034166666674,0.013208174621181547,-0.015029499999999993,0.0352743,0.050303799999999996
524,..\data\music\DEAM\DEAM_audio\MEMD_audio\524.mp3,-0.06351431178333335,0.06498453110705689,-0.1410423,0.019622100000000007,0.1606644,-0.23274259333333333,0.01599815248475968,-0.2556267,-0.2084766,0.04715009999999997
525,..\data\music\DEAM\DEAM_audio\MEMD_audio\525.mp3,0.05736008866666666,0.030071851236705097,-0.0760546,0.07956540000000001,0.15562,-0.06373406827166667,0.034628352091223724,-0.10970560000000003,0.021281299999999993,0.13098690000000002
527,..\data\music\DEAM\DEAM_audio\MEMD_audio\527.mp3,0.19947513483333332,0.08419111632754454,0.04106620000000003,0.2981568,0.25709059999999995,-0.1820461601666667,0.042831676973841035,-0.28968059999999995,-0.1291428,0.16053779999999995
529,..\data\music\DEAM\DEAM_audio\MEMD_audio\529.mp3,0.338191765,0.005546962281189753,0.32211439999999997,0.3458223,0.02370790000000006,0.09832409600000004,0.03218669353574384,-0.03545839999999998,0.12005585,0.15551425
53,..\data\music\DEAM\DEAM_audio\MEMD_audio\53.mp3,-0.039433558316666666,0.012937869224553636,-0.0665251,-0.02031969999999999,0.046205400000000015,-0.07246181083333332,0.029685219864158396,-0.1397938,-0.04565289999999999,0.0941409
530,..\data\music\DEAM\DEAM_audio\MEMD_audio\530.mp3,-0.1827660645,0.026327707971706325,-0.22643270000000001,-0.1300332,0.09639950000000003,-0.19829234700000004,0.040916401254227276,-0.24920170000000003,-0.12788919999999998,0.12131250000000005
535,..\data\music\DEAM\DEAM_audio\MEMD_audio\535.mp3,0.4092861488333333,0.031216031863218908,0.36629999999999996,0.461285,0.09498500000000004,0.3775079709666667,0.014614015311199264,0.35228400000000004,0.41180700000000003,0.05952299999999999
536,..\data\music\DEAM\DEAM_audio\MEMD_audio\536.mp3,-0.1365699073,0.11489582706563489,-0.25660170000000004,0.0888103,0.34541200000000005,-0.07866542466666668,0.14702526131921442,-0.2145457,0.202297,0.4168427
537,..\data\music\DEAM\DEAM_audio\MEMD_audio\537.mp3,-0.43775706,0.026624039475176057,-0.47309599999999996,-0.352986,0.12010999999999994,0.06599123499999998,0.004687577517646149,0.0542255,0.08537099999999997,0.031145499999999972
54,..\data\music\DEAM\DEAM_audio\MEMD_audio\54.mp3,-0.22879970866666663,0.03958563087361256,-0.3008282,-0.16822700000000002,0.13260119999999997,-0.22708165400000002,0.02687402968286627,-0.26714592000000004,-0.1458525,0.12129342000000004
540,..\data\music\DEAM\DEAM_audio\MEMD_audio\540.mp3,-0.13160749766666666,0.038388526041343324,-0.1991573,-0.08108382,0.11807348000000001,-0.21763921283333335,0.027176375768929346,-0.27164789999999994,-0.16596709999999998,0.10568079999999996
544,..\data\music\DEAM\DEAM_audio\MEMD_audio\544.mp3,-0.10249300499999998,0.01773844554466771,-0.1202985,0.00342360000000001,0.12372210000000002,0.0737363879,0.004216954934714117,0.06282000000000001,0.0795655,0.016745499999999983
547,..\data\music\DEAM\DEAM_audio\MEMD_audio\547.mp3,-0.007442176566666673,0.03505129094899907,-0.1640563,0.013359699999999985,0.17741599999999996,-0.2164314828333333,0.02352565666169967,-0.26834330000000006,-0.19060610000000003,0.07773720000000003
55,..\data\music\DEAM\DEAM_audio\MEMD_audio\55.mp3,0.13125252799999998,0.020613353187270773,0.09990799999999998,0.19097099999999995,0.09106299999999996,0.22288929833333335,0.0045123286128668965,0.21176089999999995,0.22979570000000002,0.018034800000000073
550,..\data\music\DEAM\DEAM_audio\MEMD_audio\550.mp3,0.19588319333333332,0.017259584155765624,0.1566051,0.24013420000000002,0.08352910000000002,-0.04340288258333333,0.013229717838059868,-0.06728489999999998,-0.024598299999999997,0.042686599999999984
551,..\data\music\DEAM\DEAM_audio\MEMD_audio\551.mp3,-0.15622571049999998,0.030475462734574427,-0.1865179,-0.10198800000000001,0.08452989999999998,-0.27520364666666663,0.011695631524194216,-0.298962,-0.24680300000000002,0.05215899999999998
554,..\data\music\DEAM\DEAM_audio\MEMD_audio\554.mp3,0.056158206,0.02643831514344143,0.0006970999999999894,0.11353080000000002,0.11283370000000002,-0.5554718166666667,0.02449574688200769,-0.6052703,-0.49828399999999995,0.10698630000000009
555,..\data\music\DEAM\DEAM_audio\MEMD_audio\555.mp3,0.07618835006,0.018653690310922566,0.023569600000000003,0.11052839999999997,0.08695879999999998,0.191142437,0.01657071340143048,0.1460833,0.2243521,0.0782688
556,..\data\music\DEAM\DEAM_audio\MEMD_audio\556.mp3,0.40696202566666667,0.03355448343743452,0.3246626,0.4712581,0.1465955,0.14945706133333334,0.029315988362892047,0.09276359999999997,0.24500664,0.15224304000000002
558,..\data\music\DEAM\DEAM_audio\MEMD_audio\558.mp3,-0.32879861403333327,0.029810153156319352,-0.362349,-0.2463635,0.11598549999999996,-0.6194182666666668,0.011451770024566306,-0.636691,-0.591473,0.04521799999999998
56,..\data\music\DEAM\DEAM_audio\MEMD_audio\56.mp3,0.1446977203333333,0.018128220162955688,0.1129261,0.16669870000000003,0.05377260000000003,0.2774594565,0.05716729534160034,0.1304569,0.3369409,0.206484
560,..\data\music\DEAM\DEAM_audio\MEMD_audio\560.mp3,-0.004899653333333337,0.019083139537966205,-0.03161770000000001,0.025010299999999996,0.05662800000000001,-0.241186645,0.042098726473245494,-0.293124,-0.152972,0.140152
561,..\data\music\DEAM\DEAM_audio\MEMD_audio\561.mp3,0.37204955166666676,0.01531934553638516,0.3197047,0.4127744,0.09306969999999998,0.41570570216666664,0.017611598343708335,0.390097,0.4499619999999999,0.05986499999999989
564,..\data\music\DEAM\DEAM_audio\MEMD_audio\564.mp3,-0.03411849683333333,0.014625819340501632,-0.0583353,-0.0033351999999999965,0.0550001,0.07622590766666668,0.02289357476305753,0.016278400000000005,0.11265499999999999,0.09637659999999998
565,..\data\music\DEAM\DEAM_audio\MEMD_audio\565.mp3,-0.37776217316666666,0.01957296210757435,-0.41702700000000004,-0.33967758000000003,0.07734942,-0.2544905536666667,0.01986986404558362,-0.30099023,-0.22970959999999999,0.07128063000000004
568,..\data\music\DEAM\DEAM_audio\MEMD_audio\568.mp3,-0.36605253333333326,0.022632201866328038,-0.415358,-0.3290838,0.08627420000000002,0.1484978413166667,0.02783984687350911,0.08911222899999999,0.199794,0.11068177100000001
574,..\data\music\DEAM\DEAM_audio\MEMD_audio\574.mp3,0.17026023566666662,0.016142590883061015,0.11763919999999999,0.21325080000000002,0.09561160000000003,-0.11525025166666665,0.017111888269236406,-0.15845859999999995,-0.09350299999999998,0.06495559999999997
577,..\data\music\DEAM\DEAM_audio\MEMD_audio\577.mp3,0.118799971,0.0430966491802863,0.0353228,0.1648903,0.1295675,0.12228487666666668,0.0775259453356517,-0.018905400000000006,0.261434,0.2803394
579,..\data\music\DEAM\DEAM_audio\MEMD_audio\579.mp3,-0.2578894845,0.048236136465431956,-0.322723,-0.1961952,0.1265278,-0.1630176676666667,0.03827668296568832,-0.2162622,-0.11030120000000002,0.10596099999999997
58,..\data\music\DEAM\DEAM_audio\MEMD_audio\58.mp3,-0.12438164633333335,0.05242394642296584,-0.198233,-0.03945200000000001,0.15878099999999998,-0.28042219449999994,0.011240069662269963,-0.30261053000000004,-0.25511249999999996,0.04749803000000008
580,..\data\music\DEAM\DEAM_audio\MEMD_audio\580.mp3,-0.009339762666666666,0.00946588261638675,-0.029153399999999996,0.02004803,0.04920143,-0.4923924646666666,0.04320992957665468,-0.5674379999999999,-0.40393840000000003,0.16349959999999986
581,..\data\music\DEAM\DEAM_audio\MEMD_audio\581.mp3,0.18617291978333333,0.024057126228035942,0.10448260000000001,0.2241845,0.1197019,0.17431202738333332,0.03379650116068875,0.10949800000000001,0.2167955,0.10729749999999999
582,..\data\music\DEAM\DEAM_audio\MEMD_audio\582.mp3,0.09148864500000001,0.060093309244835864,0.0384557,0.20449669999999998,0.16604099999999997,-0.22571629233333332,0.03764297470834154,-0.26377760000000006,-0.15066090000000001,0.11311670000000004
584,..\data\music\DEAM\DEAM_audio\MEMD_audio\584.mp3,-0.5256670833333333,0.03459958768506337,-0.565541,-0.401428,0.16411299999999995,-0.4591268494833333,0.03135916911011472,-0.5051674,-0.4124205999999999,0.09274680000000013
585,..\data\music\DEAM\DEAM_audio\MEMD_audio\585.mp3,-0.19262820998333335,0.022748486305370404,-0.24213349999999995,-0.152693,0.08944049999999995,-0.13230443133333333,0.026059721657220772,-0.19501200000000002,-0.09978020000000001,0.0952318
586,..\data\music\DEAM\DEAM_audio\MEMD_audio\586.mp3,0.2975293418333333,0.019809485900962993,0.2639931,0.3291299,0.0651368,0.1432922826666667,0.006049096605905949,0.13433829999999997,0.15677789999999997,0.022439600000000004
59,..\data\music\DEAM\DEAM_audio\MEMD_audio\59.mp3,-0.12385456166666667,0.0067142977063897455,-0.144731,-0.1115227,0.033208299999999996,0.315367865,0.01629111486526552,0.280166,0.3394532,0.059287199999999984
591,..\data\music\DEAM\DEAM_audio\MEMD_audio\591.mp3,0.2930045621666667,0.02427725906065243,0.24968379999999996,0.3306245,0.08094070000000003,0.397794537,0.04034198665667571,0.3030278,0.43740700000000005,0.13437920000000003
592,..\data\music\DEAM\DEAM_audio\MEMD_audio\592.mp3,0.03180473883333333,0.029159948221477414,-0.03786900000000001,0.084205,0.12207400000000002,0.12055670016666667,0.03600261519742395,0.025408430000000003,0.1914531,0.16604466999999998
594,..\data\music\DEAM\DEAM_audio\MEMD_audio\594.mp3,-0.32971658499999995,0.01866421453541353,-0.363507,-0.29993020000000004,0.06357679999999999,-0.16096560999999998,0.031079451964289313,-0.198036,-0.011000400000000004,0.1870356
597,..\data\music\DEAM\DEAM_audio\MEMD_audio\597.mp3,0.24941862500000003,0.011699999929117732,0.22611750000000003,0.2754477,0.04933019999999999,0.044514906666666666,0.022838876647045394,0.013692199999999988,0.08312,0.06942780000000001
598,..\data\music\DEAM\DEAM_audio\MEMD_audio\598.mp3,0.17425534412666668,0.02354991574493009,0.12278750000000001,0.21084260000000002,0.08805510000000001,-0.09055601516666668,0.03762083679056823,-0.13681749999999998,0.004954300000000011,0.1417718
60,..\data\music\DEAM\DEAM_audio\MEMD_audio\60.mp3,0.22316677166666665,0.014908614678680373,0.17680590000000002,0.25204550000000003,0.07523960000000002,0.07901733138333332,0.009799919366484392,0.054718100000000006,0.09768568999999998,0.04296758999999997
600,..\data\music\DEAM\DEAM_audio\MEMD_audio\600.mp3,-0.11257871499999998,0.013270538043749712,-0.132273,-0.036887399999999994,0.09538560000000001,-0.23395995135000003,0.011059253762327461,-0.255253,-0.21469613099999996,0.04055686900000005
605,..\data\music\DEAM\DEAM_audio\MEMD_audio\605.mp3,0.28971661593333337,0.04227692550798881,0.1935236,0.35071320000000006,0.15718960000000007,0.03949030949999999,0.011456075091692244,0.009338599999999985,0.07112729999999998,0.06178869999999999
606,..\data\music\DEAM\DEAM_audio\MEMD_audio\606.mp3,0.10383583288333334,0.09221870390916412,-0.03454717,0.2038998,0.23844696999999998,-0.13925218649999999,0.005807375738491482,-0.1534469,-0.13234289999999999,0.02110400000000001
607,..\data\music\DEAM\DEAM_audio\MEMD_audio\607.mp3,0.25702295968,0.03737972758828406,0.2270972,0.3292502,0.102153,0.05723697783333334,0.037719061165614354,-0.03596040000000001,0.09845079999999999,0.1344112
608,..\data\music\DEAM\DEAM_audio\MEMD_audio\608.mp3,-0.035062982,0.08698717137922225,-0.18006250000000001,0.0851626,0.2652251,-0.44725468166666665,0.01543181330779042,-0.4814607000000001,-0.41231910000000005,0.06914160000000003
609,..\data\music\DEAM\DEAM_audio\MEMD_audio\609.mp3,0.3016167652000001,0.01186355973194263,0.2832764,0.3261949,0.042918500000000026,0.20437412516666667,0.009666168696226109,0.1847046,0.2280895,0.043384900000000004
610,..\data\music\DEAM\DEAM_audio\MEMD_audio\610.mp3,0.3420173433333334,0.016323461219977898,0.3157893,0.3833949,0.06760559999999999,0.45816825333333333,0.018190774481885656,0.4355969,0.4820923,0.046495399999999965
611,..\data\music\DEAM\DEAM_audio\MEMD_audio\611.mp3,0.07096149366666667,0.023923640852625952,0.02557679999999999,0.1034574,0.07788060000000002,0.09134375966666668,0.011169722211961218,0.06736270000000001,0.11483970000000002,0.047477000000000005
612,..\data\music\DEAM\DEAM_audio\MEMD_audio\612.mp3,0.3249552633333333,0.009849526461036366,0.3089288,0.34501800000000005,0.03608920000000004,0.16923006151666667,0.017047524873953213,0.14065910000000004,0.21004989999999996,0.06939079999999992
613,..\data\music\DEAM\DEAM_audio\MEMD_audio\613.mp3,0.35543555500000007,0.0569195836324149,0.26426120000000003,0.4351832,0.17092199999999996,0.057360954166666665,0.06397930044732895,-0.062071,0.1486877,0.21075870000000002
614,..\data\music\DEAM\DEAM_audio\MEMD_audio\614.mp3,-0.070749001,0.047720184123721365,-0.1581927,0.007983600000000002,0.1661763,0.09249367416666665,0.12228709734235228,-0.1264587,0.2368191,0.3632778
615,..\data\music\DEAM\DEAM_audio\MEMD_audio\615.mp3,-0.04150908851666668,0.024589246312683014,-0.09636180000000001,0.0030435999999999957,0.0994054,-0.2389336536666667,0.013383662765985125,-0.26273230000000003,-0.2118974,0.050834900000000016
616,..\data\music\DEAM\DEAM_audio\MEMD_audio\616.mp3,-0.06304029483333333,0.039446626778233206,-0.12103165,-0.001224499999999997,0.11980715,-0.12549549259999998,0.03150308417346312,-0.20178899999999994,-0.082485,0.11930399999999994
617,..\data\music\DEAM\DEAM_audio\MEMD_audio\617.mp3,-0.1647520533333333,0.08116890707553491,-0.3310442,-0.058894,0.2721502,0.4155133775,0.027650262616939127,0.353395,0.504906,0.15151099999999995
62,..\data\music\DEAM\DEAM_audio\MEMD_audio\62.mp3,-0.19666789933333337,0.05126529178411501,-0.26075020000000004,-0.0679326,0.19281760000000003,0.2322287383333333,0.013229678691614698,0.20715530000000001,0.2542808,0.04712549999999996
620,..\data\music\DEAM\DEAM_audio\MEMD_audio\620.mp3,-0.017938815666666674,0.004630523162856211,-0.025959799999999998,-0.010307600000000004,0.015652199999999995,0.2610008716666667,0.009753587485964528,0.2478923,0.28238710000000006,0.03449480000000005
621,..\data\music\DEAM\DEAM_audio\MEMD_audio\621.mp3,-0.010141633333333335,0.039818959334609924,-0.05913,0.062105499999999994,0.1212355,-0.32455527054283334,0.04760695019073731,-0.403913,-0.2294848,0.17442820000000003
622,..\data\music\DEAM\DEAM_audio\MEMD_audio\622.mp3,0.02522461766666666,0.028794571858456724,-0.014701400000000003,0.127088,0.1417894,-0.13561820926666668,0.04037220522074924,-0.17911194000000003,-0.0112493,0.16786264000000004
623,..\data\music\DEAM\DEAM_audio\MEMD_audio\623.mp3,0.1037431165,0.045969936481595905,0.018033900000000002,0.15679780000000004,0.13876390000000005,-0.25117433166666664,0.02003788523803923,-0.28918199999999994,-0.21223099999999998,0.07695099999999996
625,..\data\music\DEAM\DEAM_audio\MEMD_audio\625.mp3,-0.12492941333333332,0.016497182942634744,-0.15594049999999998,-0.1028972,0.05304329999999999,-0.34113095333333326,0.017978795705278914,-0.3841677,-0.31527760000000005,0.06889009999999995
628,..\data\music\DEAM\DEAM_audio\MEMD_audio\628.mp3,0.39757303499999996,0.03230446859302816,0.3478417,0.44889900000000005,0.10105730000000007,0.11782659833333335,0.014735173547021103,0.0846738,0.142834,0.058160199999999995
629,..\data\music\DEAM\DEAM_audio\MEMD_audio\629.mp3,0.5192224733333334,0.10188715677426649,0.356005,0.6350689999999999,0.27906399999999987,0.5876651666666667,0.07166845695147592,0.47118099999999996,0.663342,0.19216100000000003
631,..\data\music\DEAM\DEAM_audio\MEMD_audio\631.mp3,-0.4268973016666667,0.009609347085702399,-0.44223899999999994,-0.40852000000000005,0.03371899999999989,0.62566582,0.03308000938679227,0.56246,0.674469,0.11200900000000003
632,..\data\music\DEAM\DEAM_audio\MEMD_audio\632.mp3,0.18206635499999996,0.028515821290892914,0.1542815,0.2398075,0.08552600000000002,-0.12405619500000002,0.014133905586419077,-0.18078439999999998,-0.0862994,0.09448499999999999
634,..\data\music\DEAM\DEAM_audio\MEMD_audio\634.mp3,0.16524716666666664,0.04104866218858891,0.07141990000000001,0.2510561,0.1796362,-0.10144018499999999,0.05142674946207738,-0.17368160000000005,-0.007186199999999995,0.16649540000000004
635,..\data\music\DEAM\DEAM_audio\MEMD_audio\635.mp3,0.4064311785,0.018948898594790663,0.3765229,0.4386966,0.0621737,0.32590931333333323,0.019987609712114707,0.2506789,0.3465216,0.0958427
637,..\data\music\DEAM\DEAM_audio\MEMD_audio\637.mp3,-0.21100787743333332,0.01745867304728459,-0.24276780000000003,-0.1810775,0.06169030000000003,-0.5647589833333334,0.019042451408621777,-0.583563,-0.5194190000000001,0.06414399999999998
638,..\data\music\DEAM\DEAM_audio\MEMD_audio\638.mp3,-0.07114608266666665,0.0225553621154287,-0.12202470000000001,-0.04331229999999999,0.07871240000000002,-0.2643782805,0.028042901277120644,-0.34091899999999997,-0.209347,0.13157199999999997
639,..\data\music\DEAM\DEAM_audio\MEMD_audio\639.mp3,0.3404207655,0.003981781316331267,0.33514790000000005,0.36007730000000004,0.02492939999999999,0.16266919333333338,0.014594885778079672,0.1324476,0.19260159999999998,0.060153999999999985
64,..\data\music\DEAM\DEAM_audio\MEMD_audio\64.mp3,0.009464444666666672,0.025000291693669865,-0.02026909999999999,0.0537443,0.0740134,-0.160779292345,0.020650027976300837,-0.19977729,-0.13480314,0.06497415000000001
640,..\data\music\DEAM\DEAM_audio\MEMD_audio\640.mp3,0.55699922,0.053580581732053524,0.45380200000000004,0.6048676000000001,0.15106560000000002,0.5700259835,0.027807969720194645,0.47549460000000005,0.6059526,0.1304579999999999
643,..\data\music\DEAM\DEAM_audio\MEMD_audio\643.mp3,-0.10567566883333332,0.013208258597473915,-0.12369529999999998,-0.0725823,0.05111299999999998,-0.20874551194166666,0.06243838279522352,-0.3323127,-0.0973277,0.234985
644,..\data\music\DEAM\DEAM_audio\MEMD_audio\644.mp3,0.15611709,0.015480041271162677,0.1250622,0.17776300000000003,0.05270080000000002,-0.07652885733333332,0.013697194299190609,-0.10794800000000002,-0.05001918000000001,0.057928820000000006
645,..\data\music\DEAM\DEAM_audio\MEMD_audio\645.mp3,0.14105266333333333,0.00839510906223452,0.13304839999999998,0.15956529999999997,0.026516899999999982,0.017518501300000006,0.017647814848638036,-0.015539799999999998,0.0463659,0.0619057
646,..\data\music\DEAM\DEAM_audio\MEMD_audio\646.mp3,-0.07819536833333333,0.05509734827991722,-0.16913040000000001,0.002975399999999996,0.1721058,-0.21341250666666664,0.022156500422628927,-0.23385640000000002,-0.15928929999999997,0.07456710000000005
647,..\data\music\DEAM\DEAM_audio\MEMD_audio\647.mp3,0.14313207883333331,0.01872104535309341,0.1054732,0.1860321,0.0805589,-0.3451141768333333,0.029765063024612674,-0.403315,-0.2962013,0.10711369999999998
648,..\data\music\DEAM\DEAM_audio\MEMD_audio\648.mp3,0.44703118333333336,0.02608513824989986,0.36341100000000004,0.4860709999999999,0.12265999999999988,0.11487792666666666,0.0385307990183129,0.076185,0.23327599999999998,0.15709099999999998
649,..\data\music\DEAM\DEAM_audio\MEMD_audio\649.mp3,0.2550731191666667,0.07392405238424554,0.1214607,0.348507,0.2270463,0.22756037433333332,0.07906439990549387,0.12835940000000004,0.3443674,0.21600799999999995
65,..\data\music\DEAM\DEAM_audio\MEMD_audio\65.mp3,0.1327310225,0.016860059417280294,0.08574270000000002,0.1613023,0.07555959999999999,0.33603716138333334,0.026030069636053105,0.274026,0.37771669999999996,0.10369069999999997
650,..\data\music\DEAM\DEAM_audio\MEMD_audio\650.mp3,-0.11580049366666666,0.02656807014175412,-0.1577729,-0.04953032,0.10824257999999999,0.35888551420000003,0.01745281249635341,0.316623,0.385431,0.06880800000000004
651,..\data\music\DEAM\DEAM_audio\MEMD_audio\651.mp3,0.4852539166666666,0.02573224907536045,0.415123,0.54575,0.13062699999999994,0.5200636333333333,0.01929758126550809,0.469665,0.5669409999999999,0.09727599999999992
652,..\data\music\DEAM\DEAM_audio\MEMD_audio\652.mp3,-0.19550230333333335,0.015612228585545434,-0.22369489999999997,-0.15635890000000002,0.06733599999999995,-0.29935028461666663,0.009050399749869242,-0.3149123,-0.2727314,0.042180899999999966
653,..\data\music\DEAM\DEAM_audio\MEMD_audio\653.mp3,0.17454358801666664,0.02396517454267735,0.12757200000000002,0.22782730000000004,0.10025530000000002,0.20808868616666668,0.016429404349987554,0.1707446,0.2522048,0.08146020000000001
654,..\data\music\DEAM\DEAM_audio\MEMD_audio\654.mp3,0.01926708883333333,0.051281354887781815,-0.0960895,0.06550919999999998,0.16159869999999998,0.20963338831666667,0.024820347693933015,0.166425,0.27494620000000003,0.10852120000000004
656,..\data\music\DEAM\DEAM_audio\MEMD_audio\656.mp3,-0.1844524455833333,0.021291441668838982,-0.22575130000000004,-0.15939540000000002,0.06635590000000002,-0.32526296666666676,0.017735856623778346,-0.3509358,-0.2829578,0.06797800000000004
657,..\data\music\DEAM\DEAM_audio\MEMD_audio\657.mp3,0.017828571600000002,0.012372840309479403,0.0036955999999999955,0.04080769999999999,0.037112099999999995,0.16933880933333337,0.01765394680777614,0.136801,0.20601609999999998,0.06921509999999997
658,..\data\music\DEAM\DEAM_audio\MEMD_audio\658.mp3,0.10081625008333332,0.018209176848925125,0.0708175,0.16439299999999996,0.09357549999999995,-0.12367761516666666,0.009281034977973002,-0.1384208,-0.0908447,0.04757610000000001
660,..\data\music\DEAM\DEAM_audio\MEMD_audio\660.mp3,-0.492153195,0.03655962875741688,-0.5553260000000001,-0.384178,0.17114800000000008,-0.6730344666666663,0.011692775862994307,-0.712577,-0.654305,0.05827199999999999
661,..\data\music\DEAM\DEAM_audio\MEMD_audio\661.mp3,-0.47812862349999996,0.035218218887539114,-0.5929575,-0.43762409999999996,0.15533340000000007,-0.5967120733333332,0.024476701719654857,-0.6486509999999999,-0.53405,0.11460099999999984
662,..\data\music\DEAM\DEAM_audio\MEMD_audio\662.mp3,-0.007567406333333336,0.02831111506557651,-0.05405160000000001,0.041086599999999994,0.0951382,0.1551472605416667,0.019397572002190624,0.12124290000000001,0.18946200000000002,0.0682191
663,..\data\music\DEAM\DEAM_audio\MEMD_audio\663.mp3,-0.21280355766666667,0.03753886991008929,-0.26648900000000003,-0.13088480000000002,0.1356042,-0.13441735154999998,0.03602068588230551,-0.2756636,-0.09796409999999998,0.1776995
664,..\data\music\DEAM\DEAM_audio\MEMD_audio\664.mp3,0.4158180633333333,0.02233182725871282,0.3668077,0.444062,0.0772543,0.4352153083333334,0.026710821927459126,0.3894323999999999,0.470402,0.08096960000000009
665,..\data\music\DEAM\DEAM_audio\MEMD_audio\665.mp3,0.34878388833333335,0.007539635439724338,0.33347099999999996,0.3683195,0.03484850000000006,0.16029956733333334,0.013617449836209897,0.1351696,0.19664700000000002,0.061477400000000015
666,..\data\music\DEAM\DEAM_audio\MEMD_audio\666.mp3,0.07353060683333336,0.03746472985883819,-0.0011578000000000087,0.15409591,0.15525371000000002,0.24043761866666669,0.015046694394185883,0.20468039999999998,0.27008859999999996,0.06540819999999997
667,..\data\music\DEAM\DEAM_audio\MEMD_audio\667.mp3,-0.16164464478833335,0.11925717709110593,-0.255069,0.0803187,0.3353877,-0.09294977916666668,0.056252994796345795,-0.19386769999999998,0.012846400000000003,0.20671409999999998
668,..\data\music\DEAM\DEAM_audio\MEMD_audio\668.mp3,0.18116216949999997,0.01665000563294154,0.1353866,0.21590250000000002,0.08051590000000003,-0.002702152666666668,0.08566583909080579,-0.08606449999999999,0.205248,0.2913125
67,..\data\music\DEAM\DEAM_audio\MEMD_audio\67.mp3,0.3034145666666667,0.016231321453141833,0.2492205,0.3213002,0.07207969999999997,0.48903127499999993,0.020383282463018782,0.4497015999999999,0.5207275000000001,0.0710259000000002
671,..\data\music\DEAM\DEAM_audio\MEMD_audio\671.mp3,-0.10581209729999999,0.05713149816173276,-0.2348233,-0.035938899999999996,0.19888440000000002,-0.2941428818833334,0.029726376562451303,-0.35089810000000005,-0.2432445,0.10765360000000004
672,..\data\music\DEAM\DEAM_audio\MEMD_audio\672.mp3,0.21620786600000003,0.023288403011009522,0.1423741,0.24345080000000002,0.10107670000000002,-0.21023907566666664,0.04566068788068938,-0.2544095,-0.11251599999999999,0.1418935
673,..\data\music\DEAM\DEAM_audio\MEMD_audio\673.mp3,0.3999926558166667,0.017120934088261264,0.37288489999999996,0.4295653,0.05668040000000002,0.39327407333333336,0.017100466976848583,0.365942,0.42652199999999996,0.06057999999999997
674,..\data\music\DEAM\DEAM_audio\MEMD_audio\674.mp3,0.5183871483333333,0.021135128440280745,0.4578650000000001,0.537408,0.07954299999999992,0.45834648666666666,0.03406641873580915,0.4122579999999999,0.5221709999999999,0.10991300000000004
675,..\data\music\DEAM\DEAM_audio\MEMD_audio\675.mp3,0.12799039383333333,0.03338832512936112,0.053010970000000004,0.1745597,0.12154873000000001,0.052770171166666664,0.02329381651930501,0.004883899999999999,0.0884804,0.0835965
676,..\data\music\DEAM\DEAM_audio\MEMD_audio\676.mp3,0.45219869166666676,0.025759181480695982,0.3906706,0.4896233,0.0989527,0.4148962946666667,0.025404820628992398,0.35372440000000005,0.4601393,0.10641489999999992
677,..\data\music\DEAM\DEAM_audio\MEMD_audio\677.mp3,0.188876894,0.010266012616421434,0.16999100000000003,0.2020343,0.03204329999999997,0.5131759410000001,0.02687895886412852,0.44549186,0.543608,0.09811613999999996
68,..\data\music\DEAM\DEAM_audio\MEMD_audio\68.mp3,0.04002661166666666,0.008363095448040193,0.026587000000000006,0.066832,0.040244999999999996,-0.08484709333333335,0.024576575578899622,-0.12456389999999998,-0.044411099999999995,0.08015279999999998
681,..\data\music\DEAM\DEAM_audio\MEMD_audio\681.mp3,0.35985595333333337,0.010320081416579141,0.33566510000000005,0.375332,0.03966689999999995,-0.04358738166666667,0.017189905644762297,-0.0710868,-0.006243499999999993,0.0648433
682,..\data\music\DEAM\DEAM_audio\MEMD_audio\682.mp3,0.304146511,0.021332186909169104,0.2341397,0.3287173,0.09457759999999998,-0.0062737756999999995,0.022514698088130742,-0.059693127999999984,0.04549050000000001,0.105183628
684,..\data\music\DEAM\DEAM_audio\MEMD_audio\684.mp3,0.061194264166666665,0.04525715089197971,-0.04084669999999999,0.1024977,0.14334439999999998,-0.09777953933333333,0.02870940804030268,-0.1275966,-0.014702599999999991,0.11289400000000001
685,..\data\music\DEAM\DEAM_audio\MEMD_audio\685.mp3,-0.169892471,0.06596041669510044,-0.23906200000000002,-0.018014800000000008,0.22104720000000003,-0.07668812571666667,0.04543139443277943,-0.20173860000000002,0.026498299999999995,0.22823690000000002
686,..\data\music\DEAM\DEAM_audio\MEMD_audio\686.mp3,0.08917003333333333,0.044673915804468334,0.0112846,0.12689620000000001,0.11561160000000001,-0.2593166738333333,0.05189424930744346,-0.3508935999999999,-0.20654159999999994,0.14435199999999998
687,..\data\music\DEAM\DEAM_audio\MEMD_audio\687.mp3,0.5198384500000001,0.027212847233996557,0.484822,0.573492,0.08867000000000003,0.5637935,0.03233233782891881,0.510452,0.639167,0.12871500000000002
688,..\data\music\DEAM\DEAM_audio\MEMD_audio\688.mp3,0.01791049108333333,0.06307624299657424,-0.1128517,0.08962909999999999,0.2024808,-0.02161938716666667,0.046469563195452104,-0.1461488,0.040721999999999994,0.1868708
689,..\data\music\DEAM\DEAM_audio\MEMD_audio\689.mp3,-0.11133415966666667,0.018631595114193968,-0.1446916,-0.06008840000000001,0.08460319999999999,-0.20919976433333332,0.011947476756621372,-0.23033549999999997,-0.18461409999999998,0.045721399999999995
69,..\data\music\DEAM\DEAM_audio\MEMD_audio\69.mp3,-0.19779846304999998,0.02708668149691642,-0.23763739999999997,-0.14704029999999998,0.09059709999999999,-0.35437063333333335,0.017707994986264124,-0.38260700000000003,-0.33608669999999996,0.04652030000000007
690,..\data\music\DEAM\DEAM_audio\MEMD_audio\690.mp3,-0.0009221216666666658,0.028476559707398482,-0.05989629999999999,0.0334609,0.0933572,-0.5753301666666666,0.018745313738964785,-0.6074999999999999,-0.550084,0.05741599999999991
691,..\data\music\DEAM\DEAM_audio\MEMD_audio\691.mp3,-0.17957574999999998,0.00919690259711569,-0.1978412,-0.1560142,0.041827,0.098124605,0.026655695105389295,0.039054700000000005,0.17630259999999998,0.13724789999999998
692,..\data\music\DEAM\DEAM_audio\MEMD_audio\692.mp3,0.05594475371666667,0.02732755358706108,-0.009709500000000015,0.11671850000000003,0.12642800000000004,0.5647883830333333,0.016638534682313705,0.531255,0.5954411000000001,0.06418610000000002
693,..\data\music\DEAM\DEAM_audio\MEMD_audio\693.mp3,0.04875391649999999,0.10644691893161966,-0.09204129999999999,0.21552100000000002,0.3075623,0.27418093280000005,0.066700731532178,0.18642909999999996,0.42236900000000005,0.2359399000000001
695,..\data\music\DEAM\DEAM_audio\MEMD_audio\695.mp3,0.20078639433333328,0.010135616913926244,0.17761539999999998,0.22678839999999995,0.04917299999999997,0.4017558616666666,0.033061887261926874,0.362836,0.46462499999999995,0.10178899999999996
696,..\data\music\DEAM\DEAM_audio\MEMD_audio\696.mp3,0.2556753016666667,0.03411721766054245,0.17908130000000003,0.34278719999999996,0.16370589999999993,0.2909404352833334,0.04819587585532607,0.22446470000000002,0.37137960000000003,0.14691490000000001
697,..\data\music\DEAM\DEAM_audio\MEMD_audio\697.mp3,0.22961192934999997,0.020787768525283818,0.19795069999999998,0.27897040000000006,0.08101970000000008,0.08064462435000003,0.0159346096147684,0.042813899999999995,0.1108846,0.06807070000000001
698,..\data\music\DEAM\DEAM_audio\MEMD_audio\698.mp3,-0.17095586966666662,0.010629390345563875,-0.18807800000000002,-0.1354671,0.052610900000000016,-0.14630025466666666,0.024243949512434606,-0.1806554,-0.0605391,0.1201163
699,..\data\music\DEAM\DEAM_audio\MEMD_audio\699.mp3,0.04772569445,0.019917706326630247,0.011440200000000001,0.09595869999999998,0.08451849999999998,-0.11668398516666668,0.00463384398885579,-0.12792529999999996,-0.105836,0.022089299999999965
7,..\data\music\DEAM\DEAM_audio\MEMD_audio\7.mp3,0.33245465483333336,0.013028055516344783,0.29503080000000004,0.35389940000000003,0.05886859999999999,0.37629201733333334,0.053713301063796536,0.3242127,0.47797,0.15375729999999999
70,..\data\music\DEAM\DEAM_audio\MEMD_audio\70.mp3,-0.2214429526666667,0.00985358523151901,-0.22898169999999998,-0.1718908,0.05709089999999997,0.03305853,0.01872711561953504,0.005558999999999997,0.09964189999999999,0.0940829
700,..\data\music\DEAM\DEAM_audio\MEMD_audio\700.mp3,0.12522966166666666,0.02469586460586125,0.07708809999999999,0.16539089999999998,0.08830279999999999,0.09444255388333334,0.0421705738055493,0.02633889999999999,0.1645026,0.1381637
702,..\data\music\DEAM\DEAM_audio\MEMD_audio\702.mp3,-0.37493195000000007,0.01630481681980818,-0.40136859999999996,-0.3466876,0.05468099999999998,0.5980966,0.020931796752150404,0.572429,0.628217,0.05578800000000006
703,..\data\music\DEAM\DEAM_audio\MEMD_audio\703.mp3,0.286749241,0.015232576769600369,0.2416973,0.31732229999999995,0.07562499999999994,0.12409239833333333,0.020639971288711388,0.0687285,0.1606748,0.09194630000000001
704,..\data\music\DEAM\DEAM_audio\MEMD_audio\704.mp3,-0.09927924999999999,0.027483510547050453,-0.16521650000000002,-0.037323300000000004,0.1278932,-0.16987679166666664,0.030197327618451553,-0.21019000000000002,-0.1217392,0.08845080000000001
706,..\data\music\DEAM\DEAM_audio\MEMD_audio\706.mp3,0.11676560333333333,0.03192784390996865,0.07419349999999998,0.1709328,0.09673930000000001,0.10258205066666666,0.029079786188657454,0.04643950000000001,0.14010969999999998,0.09367019999999997
707,..\data\music\DEAM\DEAM_audio\MEMD_audio\707.mp3,-0.4687844678333333,0.06381563945206442,-0.5334334000000001,-0.283323,0.25011040000000007,-0.4765166416666667,0.060931161118252385,-0.5932630000000001,-0.38587000000000005,0.20739300000000005
708,..\data\music\DEAM\DEAM_audio\MEMD_audio\708.mp3,-0.21472981500000002,0.02488070349091725,-0.2545099,-0.18094939999999998,0.07356050000000003,-0.3800427983333333,0.04486821534403647,-0.4491809,-0.3115401,0.1376408
709,..\data\music\DEAM\DEAM_audio\MEMD_audio\709.mp3,0.08189343500000001,0.010867824346866228,0.06483259999999999,0.11016709999999999,0.0453345,0.23859558206666664,0.005756450710278861,0.22816399999999998,0.25380790000000003,0.025643900000000053
71,..\data\music\DEAM\DEAM_audio\MEMD_audio\71.mp3,-0.0682022759,0.03488988083122056,-0.1160217,0.008831000000000006,0.12485270000000001,0.2035851273333333,0.038876228237444826,0.15278991,0.2969378,0.14414788999999997
710,..\data\music\DEAM\DEAM_audio\MEMD_audio\710.mp3,0.04223325183333334,0.02154692881387805,0.0004164000000000001,0.07371390000000001,0.07329750000000002,0.13912691800000002,0.017293026652559967,0.1004,0.18248119999999998,0.08208119999999998
711,..\data\music\DEAM\DEAM_audio\MEMD_audio\711.mp3,-0.20928233666666662,0.028439740075863123,-0.22999730000000002,-0.1276675,0.10232980000000003,-0.3673793533333333,0.026950347367974477,-0.4136729,-0.30758089999999993,0.10609200000000008
712,..\data\music\DEAM\DEAM_audio\MEMD_audio\712.mp3,0.017541157166666668,0.016249095915122382,-0.024751499999999992,0.0439647,0.06871619999999999,-0.19844248666666667,0.029916011395563557,-0.30599149999999997,-0.16561469999999998,0.1403768
713,..\data\music\DEAM\DEAM_audio\MEMD_audio\713.mp3,0.2311930495,0.033313696327232904,0.1789133,0.28194820000000004,0.10303490000000004,0.052264034500000014,0.02102390143944946,0.018360400000000006,0.08531830000000003,0.06695790000000001
714,..\data\music\DEAM\DEAM_audio\MEMD_audio\714.mp3,0.03675694818333332,0.041648574171147694,-0.05981840000000001,0.10387632,0.16369472000000002,0.007148495983333335,0.02919462293589304,-0.04698569999999999,0.0458826,0.09286829999999999
715,..\data\music\DEAM\DEAM_audio\MEMD_audio\715.mp3,-0.0033498162333333286,0.010857905447139873,-0.025319399999999992,0.0176222,0.042941599999999996,-0.3376253948333333,0.03369924385525818,-0.388288,-0.27970379999999995,0.10858420000000008
717,..\data\music\DEAM\DEAM_audio\MEMD_audio\717.mp3,0.011766973500000003,0.04123319416285217,-0.07670089999999999,0.09893300000000002,0.1756339,-0.02378764283333333,0.03803746205957684,-0.11491290000000001,0.031087000000000004,0.14599990000000002
718,..\data\music\DEAM\DEAM_audio\MEMD_audio\718.mp3,0.34317274500000006,0.014724294884910727,0.2975476,0.3644947,0.06694709999999998,0.18478606316666663,0.01600909798803381,0.1698999,0.24812269999999997,0.07822279999999998
719,..\data\music\DEAM\DEAM_audio\MEMD_audio\719.mp3,0.3073710948333333,0.05762173658294621,0.23879,0.4194937,0.18070370000000002,0.3929814100000001,0.06359383092202865,0.29742799999999997,0.48987499999999995,0.19244699999999998
72,..\data\music\DEAM\DEAM_audio\MEMD_audio\72.mp3,0.19256874866666668,0.012898283520078864,0.1589409,0.20968289999999995,0.050741999999999954,0.58268833,0.05496632653805204,0.4463520000000001,0.6339440000000001,0.18759199999999998
721,..\data\music\DEAM\DEAM_audio\MEMD_audio\721.mp3,0.05753308226666666,0.059071665541422236,-0.018772200000000006,0.1630802,0.18185240000000003,0.2063468808333333,0.026561008401558735,0.157861,0.24691200000000002,0.08905100000000002
722,..\data\music\DEAM\DEAM_audio\MEMD_audio\722.mp3,0.31295734,0.015179553980065864,0.28435,0.333974,0.049624,0.14108309166666666,0.02444274310907903,0.11137559999999998,0.20038599999999995,0.08901039999999998
723,..\data\music\DEAM\DEAM_audio\MEMD_audio\723.mp3,0.4406089806666666,0.011208954047099406,0.4227246,0.4583036,0.03557899999999997,0.4112319745333333,0.005660062774945502,0.4027645000000001,0.42833640000000006,0.02557189999999998
724,..\data\music\DEAM\DEAM_audio\MEMD_audio\724.mp3,0.17891866996666667,0.062484105764597654,0.0637791,0.2642358000000001,0.20045670000000007,0.2759599435,0.03377255833896482,0.21464889999999998,0.3462644,0.13161550000000005
725,..\data\music\DEAM\DEAM_audio\MEMD_audio\725.mp3,0.19708427550000002,0.012620310659107197,0.16810680000000003,0.22432209999999997,0.05621529999999994,0.12085505666666665,0.04951684876647452,-0.007056200000000015,0.19519199999999998,0.2022482
726,..\data\music\DEAM\DEAM_audio\MEMD_audio\726.mp3,-0.35869223166666664,0.023617029920098564,-0.38684,-0.3032404,0.0835996,0.39479481150000006,0.024895018562364438,0.3404218,0.4372364999999999,0.09681469999999992
727,..\data\music\DEAM\DEAM_audio\MEMD_audio\727.mp3,-0.022073415,0.031354356608584315,-0.064779,0.02664749999999999,0.0914265,-0.13724172666666667,0.017869648622593437,-0.1725892,-0.095471,0.0771182
728,..\data\music\DEAM\DEAM_audio\MEMD_audio\728.mp3,0.5188558616666666,0.014269515170718432,0.4889916,0.5405369,0.05154529999999996,0.4371984833333333,0.01914321363433326,0.40453400000000006,0.47857199999999994,0.07403799999999988
729,..\data\music\DEAM\DEAM_audio\MEMD_audio\729.mp3,-0.23217263066666669,0.025649756929030595,-0.274913,-0.18660826000000003,0.08830473999999999,0.2309628419,0.12773950576634632,0.06749730000000001,0.43831299999999995,0.37081569999999997
73,..\data\music\DEAM\DEAM_audio\MEMD_audio\73.mp3,0.1665487466666667,0.014328618414679375,0.14543449999999997,0.1906451,0.045210600000000045,0.32579878266666656,0.02753268045037237,0.28039669,0.3644967,0.08410001
730,..\data\music\DEAM\DEAM_audio\MEMD_audio\730.mp3,-0.04774397853333334,0.013657217883434663,-0.0705279,-0.0058563,0.06467160000000001,-0.11921188753333335,0.03517147403277856,-0.1713102,0.004907299999999997,0.1762175
731,..\data\music\DEAM\DEAM_audio\MEMD_audio\731.mp3,0.2641220028333333,0.04785282250877268,0.17126879999999997,0.3278628,0.15659400000000004,0.6071086781666666,0.03302690622319262,0.5300148,0.6754300000000001,0.14541520000000008
732,..\data\music\DEAM\DEAM_audio\MEMD_audio\732.mp3,0.17672902383333333,0.06518343216260243,0.021900299999999984,0.24739260000000002,0.22549230000000003,-0.011859075833333326,0.12976727356305773,-0.2421748,0.20332570000000003,0.4455005
733,..\data\music\DEAM\DEAM_audio\MEMD_audio\733.mp3,0.006754311166666665,0.03587633587468547,-0.0984042,0.08094710000000001,0.1793513,-0.15502002166666667,0.026473678653964283,-0.20876780000000003,-0.08924880000000002,0.11951900000000001
734,..\data\music\DEAM\DEAM_audio\MEMD_audio\734.mp3,0.41274273166666664,0.015884325876205672,0.3861726,0.45127500000000004,0.06510240000000006,0.3505308840833334,0.04587740472103003,0.2503889,0.3904009,0.14001199999999997
735,..\data\music\DEAM\DEAM_audio\MEMD_audio\735.mp3,0.01879581071666666,0.011708587830213455,0.0042202,0.0692757,0.06505549999999999,0.05117679131666666,0.013807696741626664,0.0085602,0.06994769999999999,0.061387499999999984
736,..\data\music\DEAM\DEAM_audio\MEMD_audio\736.mp3,-0.19201009,0.026147389016061114,-0.22306749999999997,-0.134713,0.08835449999999997,-0.277673255,0.02217929457211106,-0.30202300000000004,-0.23409099999999997,0.06793200000000008
737,..\data\music\DEAM\DEAM_audio\MEMD_audio\737.mp3,-0.006080406000000004,0.018115190957313256,-0.02890850000000001,0.0210237,0.04993220000000001,-0.08808593950000002,0.022096961062724994,-0.135944,-0.0517151,0.08422890000000001
738,..\data\music\DEAM\DEAM_audio\MEMD_audio\738.mp3,0.19691634866666666,0.020969500686182023,0.16138049999999998,0.22338909999999998,0.0620086,0.21008100166666666,0.016553991725557625,0.17893150000000002,0.23422599999999996,0.05529449999999994
739,..\data\music\DEAM\DEAM_audio\MEMD_audio\739.mp3,0.37097833333333335,0.11330583434073856,0.1599022,0.4920443,0.3321421,0.3293033585,0.11797700125877984,0.1558939,0.46668659999999995,0.3107926999999999
74,..\data\music\DEAM\DEAM_audio\MEMD_audio\74.mp3,-0.07753805908333332,0.01861832862180521,-0.10130459999999997,-0.027420699999999985,0.07388389999999997,-0.2490429766666666,0.015506949506940076,-0.2863589,-0.21673019999999998,0.06962870000000004
740,..\data\music\DEAM\DEAM_audio\MEMD_audio\740.mp3,-0.07688448716666668,0.0904022133055857,-0.22757249999999996,0.0940411,0.32161359999999994,-0.060071070916666656,0.019801307516401707,-0.09429426,-0.028490599999999994,0.06580366000000001
741,..\data\music\DEAM\DEAM_audio\MEMD_audio\741.mp3,-0.16237762738333336,0.011275962023415279,-0.1916197,-0.13870929999999998,0.052910400000000024,-0.029694126000000005,0.01191246190461963,-0.0535298,-0.010624400000000006,0.042905399999999996
742,..\data\music\DEAM\DEAM_audio\MEMD_audio\742.mp3,0.38480646166666677,0.00921022141172679,0.35346510000000003,0.40097700000000003,0.047511899999999996,0.2646938483333333,0.021941185554982305,0.21168610000000002,0.317828,0.10614189999999998
743,..\data\music\DEAM\DEAM_audio\MEMD_audio\743.mp3,0.059497580900000006,0.016275386428699218,0.0222022,0.09548188499999999,0.07327968499999998,-0.23377540516666664,0.04487697462492299,-0.30974460000000004,-0.14842499999999997,0.16131960000000006
744,..\data\music\DEAM\DEAM_audio\MEMD_audio\744.mp3,0.19849947166666665,0.018054959168809098,0.1649433,0.22295899999999996,0.058015699999999976,0.30605772833333333,0.01636061853070855,0.2874926,0.38515699999999997,0.09766439999999998
745,..\data\music\DEAM\DEAM_audio\MEMD_audio\745.mp3,-0.6373427383333332,0.03588245200444128,-0.6793530000000001,-0.5693999,0.10995310000000014,-0.11832028566666666,0.025982110747004582,-0.1619565,-0.053591919999999994,0.10836458000000002
746,..\data\music\DEAM\DEAM_audio\MEMD_audio\746.mp3,-0.12789557983333333,0.011884549363426799,-0.1558764,-0.1046016,0.051274799999999995,-0.20916219416666665,0.01733201008215495,-0.24158999999999997,-0.181191,0.06039899999999998
747,..\data\music\DEAM\DEAM_audio\MEMD_audio\747.mp3,0.11124038173833334,0.009581247190627164,0.0984346,0.1371299,0.0386953,-0.18229186066666667,0.022692242581874453,-0.22778169999999998,-0.13096971000000002,0.09681198999999996
748,..\data\music\DEAM\DEAM_audio\MEMD_audio\748.mp3,-0.032567595166666664,0.029485042871022108,-0.0782789,0.011941800000000015,0.09022070000000001,0.07496581816666666,0.02079478378653274,0.023273,0.10924661000000002,0.08597361000000002
749,..\data\music\DEAM\DEAM_audio\MEMD_audio\749.mp3,0.04102049966666666,0.021124361580642854,0.017392900000000003,0.08683969999999999,0.06944679999999999,-0.06160580108333334,0.021430972633719115,-0.10519529999999999,-0.0003672999999999926,0.104828
750,..\data\music\DEAM\DEAM_audio\MEMD_audio\750.mp3,0.26677078699999995,0.02943650969492563,0.22251859999999998,0.30805119999999997,0.08553259999999999,0.08772051850000001,0.015402987454912523,0.05551680000000001,0.11390799999999998,0.05839119999999997
756,..\data\music\DEAM\DEAM_audio\MEMD_audio\756.mp3,0.3812976466666667,0.010635784757231379,0.36072380000000004,0.40028699999999995,0.03956319999999991,0.24733432333333333,0.027213236847456954,0.19841160000000002,0.32193459999999996,0.12352299999999994
757,..\data\music\DEAM\DEAM_audio\MEMD_audio\757.mp3,0.32096038500000007,0.01099222091717327,0.302752,0.34014300000000003,0.03739100000000001,0.17794900916666662,0.06296480552482672,0.0954632,0.3589533,0.26349009999999995
758,..\data\music\DEAM\DEAM_audio\MEMD_audio\758.mp3,0.18605663733333339,0.018069218891354513,0.14284185,0.21725899999999995,0.07441714999999996,0.09799480383333334,0.013925316409938418,0.0707274,0.12110549999999998,0.05037809999999998
759,..\data\music\DEAM\DEAM_audio\MEMD_audio\759.mp3,0.2495390968333333,0.00926980824739461,0.21391809999999997,0.26064499999999996,0.04672689999999999,0.3662314833333333,0.022241369214163108,0.337847,0.40695800000000004,0.06911100000000003
76,..\data\music\DEAM\DEAM_audio\MEMD_audio\76.mp3,-0.32525408683333334,0.07610038832022441,-0.39909279999999997,-0.1862407,0.21285209999999996,-0.13248458,0.05887543192018722,-0.2353545,-0.05854759999999998,0.17680690000000002
763,..\data\music\DEAM\DEAM_audio\MEMD_audio\763.mp3,0.1551355700166667,0.04024225504360218,0.0671667,0.21404710000000002,0.14688040000000002,-0.1096294553333333,0.0167357377984015,-0.14184139999999998,-0.07246439999999998,0.069377
764,..\data\music\DEAM\DEAM_audio\MEMD_audio\764.mp3,0.5185701650000001,0.02287686551939041,0.47287000000000007,0.549301,0.07643099999999997,0.37615381156666666,0.036223058595376056,0.32556470000000004,0.43250099999999997,0.10693629999999993
767,..\data\music\DEAM\DEAM_audio\MEMD_audio\767.mp3,0.3123760726666667,0.02466109525713487,0.25014840000000005,0.336379,0.08623059999999994,0.161381405,0.010421344049008666,0.147463,0.1822368,0.034773799999999994
769,..\data\music\DEAM\DEAM_audio\MEMD_audio\769.mp3,-0.058768869999999994,0.01469137001222487,-0.09010200000000002,-0.03444499999999999,0.055657000000000026,0.43287306666666664,0.036668759315942996,0.3201938,0.48536,0.16516620000000004
77,..\data\music\DEAM\DEAM_audio\MEMD_audio\77.mp3,-0.3504940716666667,0.034104807500317275,-0.3868014,-0.2663421,0.12045929999999999,-0.009511674833333336,0.01719414451734829,-0.0425188,0.025437299999999996,0.06795609999999999
773,..\data\music\DEAM\DEAM_audio\MEMD_audio\773.mp3,-0.013393795000000009,0.00895019503460539,-0.0204234,0.014862599999999993,0.035286,-0.13767997283333333,0.026477365079772885,-0.1736642,-0.0991476,0.07451659999999999
775,..\data\music\DEAM\DEAM_audio\MEMD_audio\775.mp3,0.007378079499999996,0.023475059422225,-0.0386964,0.04086939999999999,0.07956579999999999,-0.23639317583333333,0.030733920683526383,-0.26652129999999996,-0.1521932,0.11432809999999996
776,..\data\music\DEAM\DEAM_audio\MEMD_audio\776.mp3,1.7421666666662604e-05,0.0305471157432203,-0.061845,0.087566,0.14941100000000002,-0.08764540333333334,0.01400941872717502,-0.11806810000000001,-0.06117,0.05689810000000001
777,..\data\music\DEAM\DEAM_audio\MEMD_audio\777.mp3,0.07320151066666668,0.057475935046970315,0.02059700000000001,0.25988320000000004,0.23928620000000003,0.43373128333333333,0.020186046637130032,0.389347,0.45879899999999996,0.06945199999999996
779,..\data\music\DEAM\DEAM_audio\MEMD_audio\779.mp3,0.041276638666666664,0.04736250324699021,-0.07273009999999999,0.1113364,0.1840665,-0.20924988100000003,0.05664150548833605,-0.3331605,-0.11950569999999998,0.21365480000000003
78,..\data\music\DEAM\DEAM_audio\MEMD_audio\78.mp3,-0.23726538516666668,0.02121290769170778,-0.2682022,-0.1739276,0.09427460000000001,-0.33430587166666664,0.008491283376166631,-0.36180799999999996,-0.320638,0.041169999999999984
780,..\data\music\DEAM\DEAM_audio\MEMD_audio\780.mp3,0.2714788255,0.04348210971499272,0.1841074,0.33456600000000003,0.15045860000000003,0.15837547666666663,0.01641126744466909,0.119039,0.183024,0.06398499999999999
781,..\data\music\DEAM\DEAM_audio\MEMD_audio\781.mp3,0.2747812648333333,0.16104556721511193,-0.015960100000000012,0.4514227,0.46738280000000004,-0.04748594132383333,0.06499312394511371,-0.17579399999999998,0.054609599999999994,0.2304036
782,..\data\music\DEAM\DEAM_audio\MEMD_audio\782.mp3,-0.08945056258333334,0.027535254134273643,-0.163519,-0.0476128,0.1159062,0.4186447596666667,0.04936975451834231,0.3281834,0.5176461000000001,0.1894627000000001
784,..\data\music\DEAM\DEAM_audio\MEMD_audio\784.mp3,0.08921016578333332,0.061060709838784887,0.0087767,0.1661208,0.15734410000000001,-0.19499159166666666,0.03668434198752601,-0.2427457,-0.1425305,0.1002152
787,..\data\music\DEAM\DEAM_audio\MEMD_audio\787.mp3,0.20790277528333334,0.006019063561081348,0.1981779,0.2253462,0.027168300000000006,0.30083676860999997,0.019981784623217817,0.24752324999999997,0.3351179999999999,0.08759474999999994
789,..\data\music\DEAM\DEAM_audio\MEMD_audio\789.mp3,0.08987128166666666,0.06407037431372758,-0.024411300000000004,0.1592577,0.183669,-0.09592999666666668,0.009976217086467301,-0.11012459999999999,-0.06887880000000002,0.04124579999999997
79,..\data\music\DEAM\DEAM_audio\MEMD_audio\79.mp3,0.1806657331666667,0.0162479353488394,0.13108720000000001,0.1971739,0.0660867,0.24957053166666665,0.008731252638300565,0.23700890000000002,0.27391630000000006,0.036907400000000035
790,..\data\music\DEAM\DEAM_audio\MEMD_audio\790.mp3,0.132519319,0.031127324839606903,0.089875,0.18484899999999999,0.09497399999999999,0.5394758500000001,0.026897558609673734,0.48754100000000006,0.5763670000000001,0.08882600000000002
791,..\data\music\DEAM\DEAM_audio\MEMD_audio\791.mp3,0.03642255433333333,0.02712843793888696,-0.04553240000000001,0.07642750000000001,0.12195990000000001,-0.279861775,0.016320875168820095,-0.2954531,-0.2397381,0.055715000000000015
794,..\data\music\DEAM\DEAM_audio\MEMD_audio\794.mp3,-0.10643681133333333,0.034153091231202255,-0.1886957,-0.0804349,0.10826079999999999,-0.46555604333333334,0.0064603750633733005,-0.47891490000000003,-0.45285649999999994,0.026058400000000093
795,..\data\music\DEAM\DEAM_audio\MEMD_audio\795.mp3,-0.21407671883333335,0.01658547784074852,-0.2549531,-0.1889131,0.06603999999999999,-0.3384614116666667,0.020766526775358892,-0.3827625,-0.31453349999999997,0.06822900000000004
796,..\data\music\DEAM\DEAM_audio\MEMD_audio\796.mp3,0.11019511050000001,0.04950921222102315,0.014020600000000012,0.19065819999999994,0.17663759999999992,0.13499529409999997,0.02441792080371826,0.09396009999999999,0.1751442,0.08118410000000001
797,..\data\music\DEAM\DEAM_audio\MEMD_audio\797.mp3,0.25623626499999996,0.0254311811001562,0.21048399999999998,0.2929507,0.08246670000000003,0.09331810000000001,0.00657798661775268,0.0838274,0.10361539999999998,0.019787999999999986
798,..\data\music\DEAM\DEAM_audio\MEMD_audio\798.mp3,0.07721378866666667,0.014533072958615056,-0.010663999999999984,0.093091,0.10375499999999997,0.2888632949215,0.005285311438148682,0.28341849999999996,0.30266589,0.01924739000000003
799,..\data\music\DEAM\DEAM_audio\MEMD_audio\799.mp3,0.1426762168333333,0.01722860831525387,0.10723345,0.18202659999999998,0.07479314999999999,-0.0322907205,0.023378301294209366,-0.07161039999999999,0.023967800000000008,0.0955782
8,..\data\music\DEAM\DEAM_audio\MEMD_audio\8.mp3,-0.0021038833333333405,0.02215883461309775,-0.04782650000000001,0.06286119999999999,0.1106877,-0.13150632999999998,0.015510295503291784,-0.16705259999999997,-0.1035326,0.06351999999999997
80,..\data\music\DEAM\DEAM_audio\MEMD_audio\80.mp3,0.15682350166666664,0.017003674385031135,0.1278368,0.2369659,0.1091291,0.3220097353333333,0.009532089835826056,0.29282130000000006,0.33347820000000006,0.040656899999999996
800,..\data\music\DEAM\DEAM_audio\MEMD_audio\800.mp3,0.0005095268333333364,0.0077742659270361334,-0.0092007,0.02505460000000001,0.03425530000000001,0.027672793333333334,0.006698967907866273,0.008173400000000006,0.0408405,0.0326671
801,..\data\music\DEAM\DEAM_audio\MEMD_audio\801.mp3,-0.3534053825666667,0.04922198350069805,-0.39521779999999995,-0.22369719999999998,0.17152059999999997,-0.3101635183333334,0.05868498593653657,-0.3859617,-0.21122239999999998,0.17473930000000004
804,..\data\music\DEAM\DEAM_audio\MEMD_audio\804.mp3,0.3765298450000001,0.017000247184491418,0.3482622,0.3982612,0.04999899999999996,0.33182994133333327,0.007716976569929958,0.3139133,0.3434772,0.029563899999999976
805,..\data\music\DEAM\DEAM_audio\MEMD_audio\805.mp3,-0.19006648833333337,0.03443606631317952,-0.22010400000000002,-0.08430499999999999,0.13579900000000003,-0.5282018616666667,0.022490166726491023,-0.5766929999999999,-0.5000310000000001,0.07666199999999979
806,..\data\music\DEAM\DEAM_audio\MEMD_audio\806.mp3,0.39372920333333333,0.04854309644552274,0.309544,0.450987,0.14144300000000004,0.40042755,0.008337027901366702,0.3862203,0.41338300000000006,0.02716270000000004
807,..\data\music\DEAM\DEAM_audio\MEMD_audio\807.mp3,0.16557485618333337,0.025246090078152896,0.1319159,0.2275003,0.09558439999999999,0.025943639833333323,0.032933039886772854,-0.014303500000000005,0.08631530000000001,0.10061880000000002
808,..\data\music\DEAM\DEAM_audio\MEMD_audio\808.mp3,-0.08439978666666666,0.03809618736722047,-0.11913200000000002,0.03956470000000001,0.15869670000000002,-0.32458967062166655,0.03345749688313643,-0.375211,-0.24884299999999998,0.12636800000000004
81,..\data\music\DEAM\DEAM_audio\MEMD_audio\81.mp3,-0.140781875,0.06252622948631756,-0.2176895,0.016676700000000006,0.23436620000000002,0.30357222133333334,0.022839924688897693,0.2725693,0.3674895,0.09492020000000001
810,..\data\music\DEAM\DEAM_audio\MEMD_audio\810.mp3,0.31959315014999995,0.021262932382011827,0.2799557,0.36937169999999997,0.089416,0.3389420543333334,0.07692048684354903,0.16763319999999998,0.4056780000000001,0.2380448000000001
811,..\data\music\DEAM\DEAM_audio\MEMD_audio\811.mp3,-0.01372675541666666,0.029012968865841177,-0.05976859999999999,0.0445458,0.1043144,-0.10005034333333333,0.030823488887742556,-0.1458712,-0.0282025,0.11766870000000001
813,..\data\music\DEAM\DEAM_audio\MEMD_audio\813.mp3,0.2601016718,0.006558233217162215,0.23913319999999993,0.270427,0.03129380000000004,-0.038995535,0.029165095233531155,-0.07844659999999999,0.0069840000000000015,0.0854306
814,..\data\music\DEAM\DEAM_audio\MEMD_audio\814.mp3,0.17214701450000003,0.019325340543950874,0.1324938,0.20067700000000005,0.06818320000000005,0.3546753443333333,0.023304964195623175,0.304164,0.421401,0.11723700000000004
815,..\data\music\DEAM\DEAM_audio\MEMD_audio\815.mp3,0.33605296673333335,0.02876231033496829,0.2770616,0.377948,0.10088639999999999,0.34634293966666674,0.034146907749509965,0.26949307,0.3991733,0.12968023
818,..\data\music\DEAM\DEAM_audio\MEMD_audio\818.mp3,0.44016150666666665,0.02392801951034164,0.41113600000000006,0.48936399999999997,0.07822799999999991,0.32775899666666664,0.015577085350635683,0.28373299999999996,0.355781,0.07204800000000006
819,..\data\music\DEAM\DEAM_audio\MEMD_audio\819.mp3,0.19687173083333334,0.03004635095347006,0.1438965,0.251011,0.10711449999999997,-0.049549431166666665,0.03072145717745797,-0.10496349999999999,0.006932900000000006,0.1118964
82,..\data\music\DEAM\DEAM_audio\MEMD_audio\82.mp3,-0.3068391973333334,0.03566322729453859,-0.37295370000000005,-0.25899340000000004,0.11396030000000001,-0.3487099666666667,0.01782000488025248,-0.370953,-0.304576,0.06637699999999996
820,..\data\music\DEAM\DEAM_audio\MEMD_audio\820.mp3,0.27497410305000003,0.029326732418804822,0.18280829999999998,0.332507,0.14969870000000002,0.25941000833333333,0.06299188028455278,0.10434779999999999,0.3197989,0.2154511
823,..\data\music\DEAM\DEAM_audio\MEMD_audio\823.mp3,0.014498518166666668,0.028436158095658276,-0.0191213,0.11088850000000001,0.1300098,0.10367480866666669,0.03973223192835163,0.02619530000000001,0.15700229999999998,0.13080699999999998
824,..\data\music\DEAM\DEAM_audio\MEMD_audio\824.mp3,0.42698441283333344,0.022698852230600038,0.36081040000000003,0.45740600000000003,0.0965956,0.50498072605,0.06778413048702926,0.2941237,0.5627738999999999,0.26865019999999995
825,..\data\music\DEAM\DEAM_audio\MEMD_audio\825.mp3,0.25133898083333334,0.02118811498913973,0.20138050000000002,0.311273,0.1098925,0.06923510950000003,0.042713091425874546,-0.007420300000000013,0.12946299999999997,0.13688329999999999
826,..\data\music\DEAM\DEAM_audio\MEMD_audio\826.mp3,0.05559926666666667,0.03846130205739559,-0.021026300000000005,0.0933496,0.1143759,-0.09985725033333334,0.010289189473512308,-0.1293393,-0.0829353,0.04640399999999999
829,..\data\music\DEAM\DEAM_audio\MEMD_audio\829.mp3,-0.019320629,0.028345609064832286,-0.05012689999999999,0.0493483,0.09947519999999999,-0.32918690166666664,0.01289680704482691,-0.34839159999999997,-0.2988271,0.049564499999999956
83,..\data\music\DEAM\DEAM_audio\MEMD_audio\83.mp3,0.17787589333333334,0.04208748958090303,0.126609,0.262616,0.13600700000000002,0.39153183550000004,0.02422969372950063,0.335433,0.4324250000000001,0.09699200000000013
830,..\data\music\DEAM\DEAM_audio\MEMD_audio\830.mp3,0.28473471666666667,0.010887315007676994,0.2651413,0.3082783,0.04313699999999998,0.3281148033333333,0.010254901584591416,0.3096629000000001,0.348649,0.03898609999999991
831,..\data\music\DEAM\DEAM_audio\MEMD_audio\831.mp3,0.2767729100000001,0.04158447703811964,0.22521630000000004,0.35923,0.13401369999999996,0.12429308016666665,0.04349300177331783,0.020054500000000006,0.17005599999999998,0.15000149999999998
833,..\data\music\DEAM\DEAM_audio\MEMD_audio\833.mp3,0.24286621116666668,0.031227113340145347,0.1884796,0.2932753,0.10479570000000002,0.14854728443333337,0.0552778924445472,0.09255740000000001,0.2454586,0.1529012
834,..\data\music\DEAM\DEAM_audio\MEMD_audio\834.mp3,-0.11240520316666669,0.036781926261646655,-0.17278300000000002,0.005562699999999987,0.1783457,-0.23076889223333333,0.12591241017203794,-0.418254,-0.042655,0.375599
836,..\data\music\DEAM\DEAM_audio\MEMD_audio\836.mp3,0.22473471783333335,0.019411956120403136,0.19417330000000002,0.27908769999999994,0.08491439999999992,0.37478923933333336,0.10097527886564753,0.26702629999999994,0.55491,0.2878837000000001
839,..\data\music\DEAM\DEAM_audio\MEMD_audio\839.mp3,-0.11726356783333333,0.02813606628156366,-0.15447099999999997,-0.06771139999999999,0.08675959999999998,0.09084320216666668,0.012289133873901785,0.0758428,0.1194636,0.0436208
84,..\data\music\DEAM\DEAM_audio\MEMD_audio\84.mp3,0.03251404150000001,0.02148513608474347,0.0026094999999999964,0.07082809999999999,0.06821859999999999,0.5117625633333334,0.025252741471234148,0.49438180000000004,0.5899273,0.0955455
841,..\data\music\DEAM\DEAM_audio\MEMD_audio\841.mp3,-0.07979995733333337,0.04548375494812874,-0.21393880000000004,0.0014573999999999976,0.21539620000000004,0.0035673327166666695,0.027964924406504117,-0.040687896999999994,0.04952820000000002,0.09021609700000002
844,..\data\music\DEAM\DEAM_audio\MEMD_audio\844.mp3,-0.24597581000000002,0.01023587533110383,-0.2628195,-0.21785749999999998,0.044962,-0.22386741666666668,0.017485175821793316,-0.2805666,-0.19958239,0.08098421
845,..\data\music\DEAM\DEAM_audio\MEMD_audio\845.mp3,0.0980356,0.023414289062877822,0.023515499999999984,0.12986040000000001,0.10634490000000003,-0.0006114254999999937,0.03213754948161363,-0.0947523,0.036557499999999986,0.13130979999999998
846,..\data\music\DEAM\DEAM_audio\MEMD_audio\846.mp3,-0.02662150491666667,0.0721856733947861,-0.17858000000000002,0.1000005,0.2785805,0.22496264483333336,0.09859866085177285,-0.0515813,0.299948,0.3515293
848,..\data\music\DEAM\DEAM_audio\MEMD_audio\848.mp3,-0.3305868613333334,0.04092762664200375,-0.4042327,-0.26341893,0.14081377,-0.4788619866666667,0.0379227992197722,-0.5191271,-0.3918814,0.12724569999999996
85,..\data\music\DEAM\DEAM_audio\MEMD_audio\85.mp3,0.29876908333333335,0.0065266815618445955,0.283988,0.31285900000000005,0.028871000000000036,0.5691749835000001,0.020911627298331653,0.5164150000000001,0.6192,0.1027849999999999
850,..\data\music\DEAM\DEAM_audio\MEMD_audio\850.mp3,-0.38217377166666666,0.016537667566549327,-0.407679,-0.3493088,0.05837020000000004,-0.22993306018333332,0.05116443002929451,-0.26754,-0.1262119,0.1413281
851,..\data\music\DEAM\DEAM_audio\MEMD_audio\851.mp3,-0.08468502168333332,0.014608412909021677,-0.120327,-0.0635869,0.0567401,0.11002533909999998,0.01972680470359691,0.06179530999999999,0.1394428,0.07764749000000001
852,..\data\music\DEAM\DEAM_audio\MEMD_audio\852.mp3,-0.0752266005,0.01802632763098726,-0.1301651,-0.0245311,0.105634,-0.10558558518333334,0.04313290875292412,-0.18097873,-0.0242251,0.15675363
854,..\data\music\DEAM\DEAM_audio\MEMD_audio\854.mp3,-0.17513932766666668,0.02088019386552125,-0.1991346,-0.10588410000000001,0.09325049999999999,-0.37552183050000004,0.021552963873734815,-0.4078525,-0.3292487,0.0786038
855,..\data\music\DEAM\DEAM_audio\MEMD_audio\855.mp3,-0.019663234183333336,0.02018349342964858,-0.05283209999999999,0.028585499999999996,0.08141759999999999,-0.30829880983333335,0.019651632511387917,-0.34526690000000004,-0.276032,0.06923490000000004
856,..\data\music\DEAM\DEAM_audio\MEMD_audio\856.mp3,0.24360403849999998,0.02151940183095128,0.1938095,0.27818599999999993,0.08437649999999994,0.45833173333333327,0.014319713530498981,0.43180499999999994,0.485718,0.053913000000000044
857,..\data\music\DEAM\DEAM_audio\MEMD_audio\857.mp3,0.1328519845,0.01996190899675366,0.0919318,0.1565221,0.0645903,0.037180895833333324,0.05405226851519916,-0.03913190000000001,0.12217529999999996,0.16130719999999998
858,..\data\music\DEAM\DEAM_audio\MEMD_audio\858.mp3,-0.042649793000000005,0.05975058740135097,-0.15762320000000002,0.052007399999999995,0.2096306,-0.00981136533333332,0.019783623703212332,-0.0592079,0.020994000000000023,0.08020190000000002
859,..\data\music\DEAM\DEAM_audio\MEMD_audio\859.mp3,0.07181274666666668,0.035952068367308514,-0.040952090000000003,0.1240068,0.16495889,-0.14130338333333334,0.01751547834444501,-0.1831448,-0.1142214,0.0689234
86,..\data\music\DEAM\DEAM_audio\MEMD_audio\86.mp3,0.2780568599999999,0.029638365132648538,0.17952757000000003,0.3167531,0.13722552999999998,0.2682477275833334,0.08271041989230708,0.1169959,0.39746549999999997,0.2804696
860,..\data\music\DEAM\DEAM_audio\MEMD_audio\860.mp3,0.32122564333333337,0.02322743519269376,0.27293890000000004,0.35425,0.08131109999999997,0.3403075985,0.013412221150351995,0.31122517,0.3663634,0.05513823000000001
863,..\data\music\DEAM\DEAM_audio\MEMD_audio\863.mp3,0.38849428399999997,0.04092562519819268,0.26288900000000004,0.43644499999999997,0.17355599999999993,0.33191795999999996,0.03188921890767161,0.22116039999999998,0.365195,0.1440346
864,..\data\music\DEAM\DEAM_audio\MEMD_audio\864.mp3,0.202806921,0.009562282962855278,0.19384230000000002,0.2308186,0.03697629999999999,0.21458625101,0.007660116150254254,0.2049924,0.23248890000000003,0.027496500000000035
865,..\data\music\DEAM\DEAM_audio\MEMD_audio\865.mp3,-0.12637315128333332,0.015212696592455395,-0.1500628,-0.0984237,0.05163909999999999,-0.46125402333333343,0.008728108102110227,-0.47989139999999997,-0.4491167,0.030774699999999988
866,..\data\music\DEAM\DEAM_audio\MEMD_audio\866.mp3,0.052727529483333334,0.04510384347925379,-0.04173889999999999,0.10661619999999998,0.14835509999999996,0.295328807,0.029387733495663083,0.2117235,0.3432296,0.13150610000000001
867,..\data\music\DEAM\DEAM_audio\MEMD_audio\867.mp3,0.39656135499999995,0.02529496376682802,0.34551610000000005,0.4509548,0.10543869999999994,0.13978698666666667,0.016285184074197285,0.08825900000000002,0.162216,0.07395699999999998
869,..\data\music\DEAM\DEAM_audio\MEMD_audio\869.mp3,-0.04196532716666667,0.04178126245800706,-0.0947509,0.012387799999999994,0.10713869999999999,-0.39675959499999996,0.011902671126718087,-0.419869,-0.3685817,0.05128729999999998
87,..\data\music\DEAM\DEAM_audio\MEMD_audio\87.mp3,-0.38111068824999994,0.09008305107684954,-0.525346,-0.2244507,0.3008953,0.09570350000000001,0.02953718779347485,0.02567210000000001,0.14303309999999997,0.11736099999999997
871,..\data\music\DEAM\DEAM_audio\MEMD_audio\871.mp3,-0.05873809783333333,0.030592388113228813,-0.11296029999999999,0.04024480000000001,0.15320509999999998,0.27995605233333337,0.02031642369767182,0.2556532,0.323971,0.06831779999999998
872,..\data\music\DEAM\DEAM_audio\MEMD_audio\872.mp3,0.30471820971833335,0.05094784227087281,0.15276320000000002,0.3486491,0.19588589999999997,-0.3021843244333333,0.009814993437305988,-0.32226189999999993,-0.2830137999999999,0.03924810000000001
873,..\data\music\DEAM\DEAM_audio\MEMD_audio\873.mp3,0.35198395399999993,0.05019824837307139,0.29508879999999993,0.42868399999999995,0.13359520000000003,0.4008063550000001,0.023745550459313605,0.3726116,0.43708600000000003,0.06447440000000004
874,..\data\music\DEAM\DEAM_audio\MEMD_audio\874.mp3,-0.10995490233333333,0.01742381906751487,-0.1313357,-0.06046349999999999,0.07087220000000001,0.42836620833333333,0.01272721317092227,0.394397,0.446953,0.05255599999999999
876,..\data\music\DEAM\DEAM_audio\MEMD_audio\876.mp3,0.40858394011000004,0.02413079992182994,0.35485218,0.45711489999999994,0.10226271999999992,0.5602921726666668,0.05245134490713287,0.393175,0.609916,0.21674100000000002
879,..\data\music\DEAM\DEAM_audio\MEMD_audio\879.mp3,0.20887163433333333,0.018263729971827798,0.17376680000000003,0.3158931,0.14212629999999996,0.1528040916666667,0.029955793617041166,0.0898343,0.21878669999999997,0.12895239999999997
88,..\data\music\DEAM\DEAM_audio\MEMD_audio\88.mp3,0.16039757753333334,0.08539569288522345,0.022187700000000005,0.2604364,0.2382487,0.3774685933333332,0.05696130436465874,0.28755929999999996,0.47807269999999996,0.1905134
880,..\data\music\DEAM\DEAM_audio\MEMD_audio\880.mp3,-0.052519041,0.08077418991886937,-0.15369519999999998,0.06359509999999999,0.21729029999999996,0.01912923333333333,0.008567058364002327,0.006469999999999995,0.055762999999999986,0.04929299999999999
882,..\data\music\DEAM\DEAM_audio\MEMD_audio\882.mp3,0.10420557718333333,0.10154551953695987,-0.03983464899999999,0.269065,0.308899649,0.16280289401666664,0.09557963632582535,0.06379739999999999,0.32271979999999995,0.25892239999999994
884,..\data\music\DEAM\DEAM_audio\MEMD_audio\884.mp3,0.03217501400000001,0.08200616436078827,-0.1013364,0.1336213,0.2349577,0.25546096166666665,0.061067688791995645,0.1292142,0.337703,0.20848879999999997
886,..\data\music\DEAM\DEAM_audio\MEMD_audio\886.mp3,0.07504731999999999,0.017130159652902637,0.03561020000000001,0.09936760000000001,0.0637574,0.2159706425,0.014222043827268134,0.198525,0.24393600000000001,0.04541100000000001
887,..\data\music\DEAM\DEAM_audio\MEMD_audio\887.mp3,0.16040771116666666,0.029067114906962763,0.12385489999999999,0.2036563,0.07980140000000002,0.10596226033333335,0.05538627081540725,0.03368220000000001,0.175587,0.1419048
889,..\data\music\DEAM\DEAM_audio\MEMD_audio\889.mp3,0.5501978983333333,0.02994487496469965,0.48400560000000004,0.592789,0.10878339999999997,0.5764432,0.007506277097203374,0.5630520000000001,0.592693,0.029640999999999917
89,..\data\music\DEAM\DEAM_audio\MEMD_audio\89.mp3,-0.151625408,0.008806604936123565,-0.1787221,-0.1411678,0.037554299999999985,-0.16943866766666668,0.07135692096165548,-0.3219027,-0.10185739999999999,0.2200453
890,..\data\music\DEAM\DEAM_audio\MEMD_audio\890.mp3,-0.2457188568333333,0.019131244286796703,-0.2694313,-0.2031346,0.06629669999999999,-0.3285296463333334,0.05484132459931404,-0.37048430000000004,-0.21170580000000006,0.1587785
891,..\data\music\DEAM\DEAM_audio\MEMD_audio\891.mp3,0.07944658788333334,0.01218504232296358,0.05389119999999999,0.1094865,0.05559530000000001,-0.10893096331666666,0.021896909065559467,-0.1406662,-0.0550003,0.08566589999999999
892,..\data\music\DEAM\DEAM_audio\MEMD_audio\892.mp3,-0.23211089866666665,0.05200926561642749,-0.36560699999999996,-0.18482499999999996,0.180782,-0.0018897468333333304,0.013445305938657863,-0.0204874,0.056847300000000024,0.07733470000000002
893,..\data\music\DEAM\DEAM_audio\MEMD_audio\893.mp3,-0.26332623150000006,0.029626678540476205,-0.30546510000000004,-0.2176888,0.08777630000000006,0.6242458946666667,0.02337701910034893,0.5886597,0.670178,0.08151830000000004
897,..\data\music\DEAM\DEAM_audio\MEMD_audio\897.mp3,-0.10311195400000002,0.017247346257753513,-0.15106039999999998,-0.06964909999999999,0.08141129999999999,0.05187498833333334,0.07511641287331305,-0.03447100000000001,0.2319093,0.2663803
898,..\data\music\DEAM\DEAM_audio\MEMD_audio\898.mp3,0.07324596923333335,0.035388178112022356,-0.0002511999999999931,0.11891960000000001,0.11917080000000001,0.3855457985,0.041824277529554116,0.2919076,0.4286836,0.136776
899,..\data\music\DEAM\DEAM_audio\MEMD_audio\899.mp3,0.2948368976666666,0.07744395912453948,0.2096786,0.43607689999999993,0.22639829999999994,0.21622098833333334,0.032379326541679306,0.16826339999999998,0.28112000000000004,0.11285660000000006
90,..\data\music\DEAM\DEAM_audio\MEMD_audio\90.mp3,-0.02724137883333334,0.005237381156541915,-0.035928,0.0005227000000000038,0.0364507,-0.12778459816666665,0.07886704759926244,-0.2749872,-0.03644240000000001,0.23854479999999997
902,..\data\music\DEAM\DEAM_audio\MEMD_audio\902.mp3,-0.3041823,0.015766697995352946,-0.31609699999999996,-0.24067800000000003,0.07541899999999993,0.4958875011666667,0.012625706146980997,0.45370309999999997,0.51037,0.05666690000000002
903,..\data\music\DEAM\DEAM_audio\MEMD_audio\903.mp3,0.18173208450000003,0.01947727216557993,0.1412509,0.22797109999999998,0.08672019999999997,0.27887261199999996,0.031019748634880794,0.19841860000000003,0.3338378,0.1354192
904,..\data\music\DEAM\DEAM_audio\MEMD_audio\904.mp3,-0.19618297299999995,0.01316261858061727,-0.223028,-0.1743527,0.048675300000000005,0.21306126248333335,0.011281436670248113,0.17869890000000002,0.23633940000000003,0.05764050000000001
908,..\data\music\DEAM\DEAM_audio\MEMD_audio\908.mp3,0.12364723966666667,0.00897536349671142,0.09844180000000001,0.13842949999999998,0.03998769999999997,0.1992322368333333,0.007716481500258063,0.17651239999999999,0.21753569999999994,0.04102329999999996
909,..\data\music\DEAM\DEAM_audio\MEMD_audio\909.mp3,0.2117354558333333,0.05582532365675826,0.1637009,0.3061672,0.14246629999999996,0.34252104166666675,0.07824519195109966,0.2272532,0.43253700000000006,0.20528380000000007
91,..\data\music\DEAM\DEAM_audio\MEMD_audio\91.mp3,-0.053354418500000014,0.018897017462731154,-0.10424440000000001,-0.02997970000000001,0.0742647,-0.07605513066666664,0.017244753052251077,-0.12976469999999998,-0.05639519999999999,0.07336949999999999
910,..\data\music\DEAM\DEAM_audio\MEMD_audio\910.mp3,0.4276024322666668,0.026223622579020126,0.37347929999999996,0.4589919,0.08551260000000005,0.5087331125,0.034143085227041986,0.4440325499999999,0.548052,0.10401945000000007
911,..\data\music\DEAM\DEAM_audio\MEMD_audio\911.mp3,-0.07816914,0.031163550098243512,-0.11766400000000002,0.029837000000000002,0.14750100000000002,0.5269548333333334,0.021037990865072877,0.49507,0.5649080000000001,0.06983800000000007
913,..\data\music\DEAM\DEAM_audio\MEMD_audio\913.mp3,-0.24844424451666666,0.0398964201566701,-0.29174920000000004,-0.17268299999999998,0.11906620000000007,0.06889822733333333,0.026527930911963024,0.023102999999999988,0.11269720000000003,0.08959420000000004
915,..\data\music\DEAM\DEAM_audio\MEMD_audio\915.mp3,0.13575093666666668,0.019157617809372567,0.10892870000000002,0.17162780000000002,0.06269910000000001,0.055274527333333344,0.02254276563088573,0.0241907,0.10568180000000002,0.08149110000000002
92,..\data\music\DEAM\DEAM_audio\MEMD_audio\92.mp3,-0.02754694795,0.030704275608393745,-0.0680679,0.04133190000000001,0.10939980000000002,0.35406292,0.031460958338406245,0.20311200000000001,0.380276,0.177164
921,..\data\music\DEAM\DEAM_audio\MEMD_audio\921.mp3,0.32628796320000003,0.012366922752759798,0.3078419,0.34291089999999996,0.03506899999999996,0.23675177100000003,0.02334526189288508,0.15940939999999998,0.273069,0.11365960000000003
924,..\data\music\DEAM\DEAM_audio\MEMD_audio\924.mp3,0.3251399761666667,0.027503850195098982,0.2405219,0.362212,0.12169009999999997,0.2785087688333333,0.039689367425000746,0.217022,0.35991700000000004,0.14289500000000005
925,..\data\music\DEAM\DEAM_audio\MEMD_audio\925.mp3,-0.13842746650000004,0.02048080645009419,-0.16000010000000003,-0.08410039999999999,0.07589970000000004,-0.05866610566666666,0.007929988334642193,-0.08129030000000001,-0.040885399999999995,0.040404900000000014
926,..\data\music\DEAM\DEAM_audio\MEMD_audio\926.mp3,0.0352092017,0.06865329010281063,-0.05476916,0.12412509999999999,0.17889425999999997,-0.24273900849999996,0.07453056420850056,-0.3396624,-0.15351529999999997,0.1861471
928,..\data\music\DEAM\DEAM_audio\MEMD_audio\928.mp3,-0.2881953338,0.02539893666778793,-0.3127898,-0.2233066,0.08948320000000001,0.11738857799999998,0.007599894784593356,0.09631569999999999,0.13761609999999996,0.04130039999999997
93,..\data\music\DEAM\DEAM_audio\MEMD_audio\93.mp3,0.2820105541666667,0.007587839905803736,0.2628367,0.29535279999999997,0.03251609999999999,0.42098458333333344,0.049475503070473055,0.36934999999999996,0.504837,0.13548700000000002
931,..\data\music\DEAM\DEAM_audio\MEMD_audio\931.mp3,0.4058688016666666,0.037444370685544945,0.3395551,0.46844899999999995,0.12889389999999995,0.4544003516666667,0.0387902995331371,0.38105,0.5145379999999999,0.13348799999999994
932,..\data\music\DEAM\DEAM_audio\MEMD_audio\932.mp3,-0.023310956666666667,0.020542064662924926,-0.0790854,-0.004648299999999994,0.0744371,-0.08247929116666668,0.028523150767048623,-0.13388199999999997,-0.040889299999999996,0.09299269999999998
934,..\data\music\DEAM\DEAM_audio\MEMD_audio\934.mp3,0.3034372770000001,0.052068539301278124,0.1591304,0.35329699999999997,0.19416659999999997,0.3691225573333334,0.0421533172273453,0.29347,0.4414681,0.14799809999999997
936,..\data\music\DEAM\DEAM_audio\MEMD_audio\936.mp3,0.056832693833333336,0.008477300728298302,0.04192499,0.07944179999999998,0.03751680999999998,0.27144615516666665,0.02219642069428368,0.23760810000000002,0.3161872,0.07857909999999999
938,..\data\music\DEAM\DEAM_audio\MEMD_audio\938.mp3,-0.1627207847071667,0.02568866465131465,-0.2176247,-0.1309691,0.0866556,0.47507315783333337,0.05610554144466597,0.37127899999999997,0.566739,0.19546000000000002
939,..\data\music\DEAM\DEAM_audio\MEMD_audio\939.mp3,-0.29612075833333334,0.12000382279246675,-0.49169799999999997,-0.061021599999999995,0.43067639999999996,0.231368877,0.05919726508944757,0.18410220000000002,0.424076,0.2399738
941,..\data\music\DEAM\DEAM_audio\MEMD_audio\941.mp3,0.26581836666666664,0.008164098639116397,0.24689580000000003,0.2754681,0.028572299999999967,0.5702059666666667,0.010789371184900238,0.528723,0.5909929999999999,0.062269999999999825
942,..\data\music\DEAM\DEAM_audio\MEMD_audio\942.mp3,-0.19352409499999998,0.04190277410201075,-0.2346123,-0.11878039999999998,0.11583190000000002,0.08804135790000002,0.08007851776377904,-0.027478700000000002,0.1753501,0.2028288
944,..\data\music\DEAM\DEAM_audio\MEMD_audio\944.mp3,0.3398864851666666,0.020448889875927634,0.2752493,0.366086,0.09083670000000005,0.4780516666666667,0.009648292551304389,0.45292699999999997,0.49380000000000007,0.040873000000000104
945,..\data\music\DEAM\DEAM_audio\MEMD_audio\945.mp3,-0.29700272499999997,0.04166471570950903,-0.381578,-0.23954719999999993,0.14203080000000004,-0.3921631833333333,0.055361680159382094,-0.4520308,-0.30004679999999995,0.15198400000000006
949,..\data\music\DEAM\DEAM_audio\MEMD_audio\949.mp3,0.33716931666666666,0.025987810214593347,0.27092900000000003,0.376667,0.10573799999999994,0.36496533333333336,0.02984792814008295,0.283026,0.411398,0.12837199999999999
95,..\data\music\DEAM\DEAM_audio\MEMD_audio\95.mp3,0.00897528833333334,0.07106151463392318,-0.0591308,0.12434719999999999,0.18347799999999997,-0.3940134016666667,0.021244115950512756,-0.445032,-0.357342,0.08768999999999999
952,..\data\music\DEAM\DEAM_audio\MEMD_audio\952.mp3,-0.36982845866666664,0.04384184319660459,-0.39439729999999995,-0.24612479999999998,0.14827249999999997,-0.1883344371666667,0.011198994062416224,-0.22766400000000003,-0.15906499999999998,0.06859900000000005
954,..\data\music\DEAM\DEAM_audio\MEMD_audio\954.mp3,0.21379072550000003,0.036627022577154354,0.1431431,0.2747199,0.13157680000000002,0.12279145533333334,0.019839074088254343,0.0867395,0.15523409999999999,0.06849459999999999
955,..\data\music\DEAM\DEAM_audio\MEMD_audio\955.mp3,0.12730085481666667,0.012100385043482894,0.09509680000000001,0.15862939999999998,0.06353259999999997,-0.17804285598333333,0.04906378184134069,-0.271959,-0.11149579999999999,0.16046320000000003
956,..\data\music\DEAM\DEAM_audio\MEMD_audio\956.mp3,0.04573963738333333,0.022333950294689875,-0.006527999999999997,0.0787549,0.0852829,0.11168955071666666,0.03137165422113229,0.0647674,0.1514367,0.0866693
957,..\data\music\DEAM\DEAM_audio\MEMD_audio\957.mp3,-0.022932500999999997,0.013663557979983315,-0.04616370000000001,0.015184199999999998,0.06134790000000001,-0.31090157166666665,0.026969572368628632,-0.35221559999999996,-0.20568280000000003,0.14653279999999994
958,..\data\music\DEAM\DEAM_audio\MEMD_audio\958.mp3,0.22539163950000002,0.02083119578568135,0.17021429999999999,0.25545300000000004,0.08523870000000006,0.2832286666666667,0.03865355199852238,0.21123119999999998,0.3296879,0.1184567
959,..\data\music\DEAM\DEAM_audio\MEMD_audio\959.mp3,0.321609276,0.03730318479415166,0.2564136,0.3700993,0.1136857,0.35223529833333334,0.03631929509793425,0.2912479,0.396237,0.1049891
96,..\data\music\DEAM\DEAM_audio\MEMD_audio\96.mp3,0.30267105333333333,0.04209596704520702,0.21888799999999997,0.3708291,0.15194110000000005,0.42030234050000004,0.023283271662812795,0.3639882,0.4648742,0.10088600000000003
960,..\data\music\DEAM\DEAM_audio\MEMD_audio\960.mp3,0.45918155000000005,0.026492722472045663,0.39655199999999996,0.498903,0.10235100000000003,0.5227821833333334,0.011667627770162,0.5023489999999999,0.5660580000000001,0.06370900000000013
961,..\data\music\DEAM\DEAM_audio\MEMD_audio\961.mp3,0.12218123234499999,0.02848150890490964,0.0671861,0.1595647,0.0923786,0.017034817833333334,0.09488654164504429,-0.0931759,0.14440899999999998,0.2375849
962,..\data\music\DEAM\DEAM_audio\MEMD_audio\962.mp3,-0.26544705,0.046682462406284514,-0.3273769999999999,-0.151283,0.17609399999999992,0.5597265999999999,0.018721989421711226,0.521414,0.591518,0.07010399999999994
964,..\data\music\DEAM\DEAM_audio\MEMD_audio\964.mp3,0.40352343874999996,0.03351433808281425,0.36050819999999995,0.4886451,0.12813690000000005,0.53626977,0.014438894471141724,0.5172899,0.574473,0.05718310000000004
967,..\data\music\DEAM\DEAM_audio\MEMD_audio\967.mp3,-0.25462105500000004,0.007336558773171175,-0.2689302,-0.23180840000000003,0.03712179999999998,-0.3687044583333334,0.027673336315283056,-0.40029900000000007,-0.31747400000000003,0.08282500000000004
968,..\data\music\DEAM\DEAM_audio\MEMD_audio\968.mp3,-0.2094901981666667,0.0421271357235797,-0.29458929999999994,-0.10514399999999999,0.18944529999999996,-0.13484426666666668,0.034827682784214754,-0.1780582,-0.04780950000000002,0.1302487
970,..\data\music\DEAM\DEAM_audio\MEMD_audio\970.mp3,0.41625690000000015,0.01822506304214066,0.37158199999999997,0.43716499999999997,0.065583,0.46824520000000003,0.019804944430453032,0.43013900000000005,0.49369499999999994,0.06355599999999989
973,..\data\music\DEAM\DEAM_audio\MEMD_audio\973.mp3,0.019945832000000007,0.004088029395311716,0.012385399999999996,0.0293942,0.017008800000000004,0.4730888616666667,0.017932080265194102,0.4339923,0.501497,0.06750469999999997
974,..\data\music\DEAM\DEAM_audio\MEMD_audio\974.mp3,-0.22771828,0.012631307869190218,-0.25668499999999994,-0.20170300000000002,0.05498199999999992,-0.17341528800000003,0.01688567871848348,-0.21795430000000002,-0.1434925,0.07446180000000002
976,..\data\music\DEAM\DEAM_audio\MEMD_audio\976.mp3,0.08237551916666666,0.012397935828212064,0.0495654,0.1003326,0.05076719999999999,0.30895473199999995,0.011276346363798394,0.27836859999999997,0.32861399999999996,0.050245399999999996
977,..\data\music\DEAM\DEAM_audio\MEMD_audio\977.mp3,-0.33437142166666667,0.03593229966382658,-0.3666191,-0.261262,0.10535709999999998,0.4917134766666667,0.011302994918108598,0.46323040000000004,0.518043,0.05481259999999999
978,..\data\music\DEAM\DEAM_audio\MEMD_audio\978.mp3,0.2988524343333333,0.011114121783896433,0.27585319999999997,0.32329759999999996,0.0474444,0.6233436166666666,0.02550929860991326,0.567568,0.652292,0.08472400000000002
979,..\data\music\DEAM\DEAM_audio\MEMD_audio\979.mp3,0.13594349778333337,0.035876424037716674,0.06695960000000001,0.17673770000000003,0.10977810000000002,-0.3982934166666666,0.01234837367738719,-0.42934800000000006,-0.376055,0.05329300000000009
98,..\data\music\DEAM\DEAM_audio\MEMD_audio\98.mp3,-0.471019625,0.03889280698029146,-0.5280790000000001,-0.4095079999999999,0.11857100000000015,0.12835469083333334,0.01553231184582206,0.06537600000000002,0.145115,0.07973899999999998
980,..\data\music\DEAM\DEAM_audio\MEMD_audio\980.mp3,-0.056455995666666675,0.030856191694833435,-0.1014053,-0.015643099999999993,0.08576220000000001,0.37896627666666666,0.0141443461059224,0.3442931,0.39440710000000007,0.05011400000000005
981,..\data\music\DEAM\DEAM_audio\MEMD_audio\981.mp3,0.4249404138333333,0.020415010483378498,0.3517725,0.4472857,0.09551320000000002,0.47555907166666667,0.007887301604268555,0.4495433999999999,0.48391339999999994,0.03437000000000001
983,..\data\music\DEAM\DEAM_audio\MEMD_audio\983.mp3,0.25690878705,0.02869224192126961,0.1909737,0.2889628,0.09798910000000002,0.07829106499999999,0.013682690890669435,0.06199639999999999,0.1307082,0.0687118
985,..\data\music\DEAM\DEAM_audio\MEMD_audio\985.mp3,0.1521059955,0.02024843736985898,0.10247069999999998,0.184075,0.0816043,-0.3553956136666666,0.024899566749894186,-0.41177929999999996,-0.3234279,0.08835139999999997
986,..\data\music\DEAM\DEAM_audio\MEMD_audio\986.mp3,0.030919932000000004,0.03821874956014835,-0.052432999999999994,0.0707776,0.12321059999999999,0.27707190783333335,0.023716684275710217,0.22883950000000003,0.3040144,0.07517489999999999
987,..\data\music\DEAM\DEAM_audio\MEMD_audio\987.mp3,-0.201658671,0.03466921095016571,-0.2922347,-0.11324119999999997,0.17899350000000003,0.29343431700000006,0.04465565657566856,0.2193296,0.36965499999999996,0.15032539999999994
988,..\data\music\DEAM\DEAM_audio\MEMD_audio\988.mp3,0.04989227644999999,0.08695969662411598,-0.053913199999999994,0.260756,0.3146692,0.09323589394233331,0.1228035734900665,-0.14077599999999998,0.20888330000000002,0.3496593
989,..\data\music\DEAM\DEAM_audio\MEMD_audio\989.mp3,0.41199853166666667,0.009620005069116665,0.386035,0.43141880000000005,0.04538380000000003,0.41154414000000006,0.007610281098623534,0.4028259,0.43992879999999995,0.03710289999999994
99,..\data\music\DEAM\DEAM_audio\MEMD_audio\99.mp3,-0.06275368483333334,0.021384711582052685,-0.10944499999999999,-0.0189529,0.09049209999999999,0.03224253071666667,0.012365021679694959,0.0002998000000000056,0.052044200000000006,0.0517444
990,..\data\music\DEAM\DEAM_audio\MEMD_audio\990.mp3,0.2804221523333333,0.028176686504406936,0.227129,0.31999900000000003,0.09287000000000004,0.2914617753333334,0.025136314125025674,0.24097269999999998,0.337474,0.09650130000000001
991,..\data\music\DEAM\DEAM_audio\MEMD_audio\991.mp3,-0.18767003683333333,0.03204471568655933,-0.2293605,-0.1221927,0.1071678,-0.2954812303333333,0.0276615218755998,-0.35186439999999997,-0.23834650000000002,0.11351789999999995
993,..\data\music\DEAM\DEAM_audio\MEMD_audio\993.mp3,-0.2294930125,0.02790535734637202,-0.24988870000000002,-0.1489133,0.10097540000000002,-0.04113488034833333,0.004966586893252525,-0.05717420000000001,-0.0323912,0.024783000000000006
994,..\data\music\DEAM\DEAM_audio\MEMD_audio\994.mp3,0.13100608946666667,0.041878790467331374,0.06169200000000001,0.18002239999999997,0.11833039999999996,0.44080156666666676,0.03551232730897193,0.3941644,0.507216,0.11305159999999997
995,..\data\music\DEAM\DEAM_audio\MEMD_audio\995.mp3,-0.46455381666666656,0.02150114703722544,-0.5011159999999999,-0.42453499999999994,0.07658099999999995,-0.06099071466666666,0.01338786494771919,-0.0893149,-0.035562,0.0537529
996,..\data\music\DEAM\DEAM_audio\MEMD_audio\996.mp3,0.40119575583333333,0.020352627567951944,0.370975,0.4527479,0.08177289999999998,0.36276668000000006,0.01135170389618228,0.33533100000000005,0.379108,0.043776999999999955
997,..\data\music\DEAM\DEAM_audio\MEMD_audio\997.mp3,0.33063133066666667,0.08434856561948333,0.20413740000000002,0.438138,0.2340006,0.300496273,0.04845635037907496,0.22437420000000002,0.368838,0.14446379999999998
999,..\data\music\DEAM\DEAM_audio\MEMD_audio\999.mp3,0.25250034,0.03686529782043542,0.1771863,0.2965219,0.11933560000000001,-0.16035948233333333,0.006633825144801288,-0.17941040000000003,-0.1511636,0.028246800000000016
